案件名,発注機関,関連度,調達案件番号,過年度実績件数,直近落札日,直近落札金額,直近落札者,根拠,URL
Beyond 5Gなどの移動通信システムの社会実装・海外展開を加速するためのビジネス展開志向型の知財・国際標準化戦略に関する調査等の請負,総務省,4,0000000000000549103,1,2025-11-14,28000000,株式会社三菱総合研究所,落札実績オープンデータ（同一事業と判定）,https://www.nyusatsu.geps.go.jp/OMP/Accepter/index.jsp?PRM=0000000000000549103
米国・テキサス州における日本産酒類のプロモーション及び展示会出展に係る運営業務委託,財務省,4,0000000000000608220,0,,,,過去実績なし。仕様書からの積算が必要,https://www.nyusatsu.geps.go.jp/OMP/Accepter/index.jsp?PRM=0000000000000608220
07-0049-0254 放送・配信コンテンツ産業の競争力強化や海外展開の推進等に関する調査の請負,総務省,3,0000000000000550674,2,2026-03-19,61000000,株式会社野村総合研究所,落札実績オープンデータ（同一事業と判定）,https://www.nyusatsu.geps.go.jp/OMP/Accepter/index.jsp?PRM=0000000000000550674
マネージドネットワークサービス（MOFN）に係るオール光ネットワーク技術の海外展開に向けた調査研究の請負,総務省,3,0000000000000554975,0,,,,過去実績なし。仕様書からの積算が必要,https://www.nyusatsu.geps.go.jp/OMP/Accepter/index.jsp?PRM=0000000000000554975
オープンRAN市場における我が国のRU機器の海外展開に向けた調査請負,総務省,3,0000000000000555877,1,2025-12-26,16500000,株式会社ＯＲＥＸ　ＳＡＩ,落札実績オープンデータ（同一事業と判定）,https://www.nyusatsu.geps.go.jp/OMP/Accepter/index.jsp?PRM=0000000000000555877
デジタル分野における我が国企業の海外展開に向けた官民連携の在り方及び地方企業・スタートアップ企業による海外展開の促進に関する調査研究,総務省,3,0000000000000570581,1,2026-02-27,223000000,ＰｗＣコンサルティング合同会社,落札実績オープンデータ（同一事業と判定）,https://www.nyusatsu.geps.go.jp/OMP/Accepter/index.jsp?PRM=0000000000000570581
放送コンテンツの海外展開に向けた人材育成に係る調査研究の請負,総務省,3,0000000000000570998,2,2026-03-03,245000000,株式会社三菱総合研究所,落札実績オープンデータ（同一事業と判定）,https://www.nyusatsu.geps.go.jp/OMP/Accepter/index.jsp?PRM=0000000000000570998
07-0049-0351 放送・配信コンテンツ産業の競争力強化や海外展開の推進等に関する調査の請負,総務省,3,0000000000000574160,2,2026-03-19,61000000,株式会社野村総合研究所,落札実績オープンデータ（同一事業と判定）,https://www.nyusatsu.geps.go.jp/OMP/Accepter/index.jsp?PRM=0000000000000574160
08-0049-0104 コーカサス地域及び中央アジアにおける医療ICTシステムの海外展開に向けた調査研究の請負,総務省,3,0000000000000598010,1,2026-06-05,15104240,フォーティエンスコンサルティング株式会社,落札実績オープンデータ（同一事業と判定）,https://www.nyusatsu.geps.go.jp/OMP/Accepter/index.jsp?PRM=0000000000000598010
チリ共和国におけるAPNの海外展開に向けた実証実験に係る調査研究の請負,総務省,3,0000000000000604269,1,2026-07-06,315900000,ＮＴＴドコモビジネス株式会社,落札実績オープンデータ（同一事業と判定）,https://www.nyusatsu.geps.go.jp/OMP/Accepter/index.jsp?PRM=0000000000000604269
インドにおけるAPNの海外展開に向けたラボの設立及びフィールド実証を含む実証実験及び調査研究の請負,総務省,3,0000000000000608889,0,,,,過去実績なし。仕様書からの積算が必要,https://www.nyusatsu.geps.go.jp/OMP/Accepter/index.jsp?PRM=0000000000000608889
インフラシステム海外展開の在り方に係る調査業務,内閣官房,3,0000000000000611216,0,,,,過去実績なし。仕様書からの積算が必要,https://www.nyusatsu.geps.go.jp/OMP/Accepter/index.jsp?PRM=0000000000000611216
電波システム海外展開プロジェクトセミナー及び招聘（太平洋島嶼国及びアフリカ地域）,国土交通省,3,0000000000000614120,0,,,,過去実績なし。仕様書からの積算が必要,https://www.nyusatsu.geps.go.jp/OMP/Accepter/index.jsp?PRM=0000000000000614120
08-0049-0192 量子暗号通信の海外展開に向けた海外実証等の請負,総務省,3,0000000000000614420,0,,,,過去実績なし。仕様書からの積算が必要,https://www.nyusatsu.geps.go.jp/OMP/Accepter/index.jsp?PRM=0000000000000614420
グリーン・脱炭素（ＧＸ）分野におけるインフラシステム海外展開促進のための調査研究業務,国土交通省,3,,0,,,,過去実績なし。仕様書からの積算が必要,https://www.p-portal.go.jp/pps-web-biz/UAA01/OAA0100?OAA0115
08-0049-0048 SET EXPO 2026における日本パビリオン出展を通じたブラジルTV3.0市場への我が国の放送・通信関連技術の展開促進に関する調査研究の請負,総務省,3,0000000000000571717,1,2026-03-03,14700000,株式会社オーエムシー,落札実績オープンデータ（同一事業と判定）,https://www.nyusatsu.geps.go.jp/OMP/Accepter/index.jsp?PRM=0000000000000571717
令和８年度２０２７年国際園芸博覧会政府出展の管理運営等に係る業務 一式,国土交通省,3,,0,,,,過去実績なし。仕様書からの積算が必要,https://www.p-portal.go.jp/pps-web-biz/UAA01/OAA0100?OAA0115
令和7年度（繰越）瀬戸内海国立公園インバウンド向けプロモーション計画素案作成業務,環境省,3,0000000000000604772,1,2026-06-30,1940000,株式会社シマトワークス,落札実績オープンデータ（同一事業と判定）,https://www.nyusatsu.geps.go.jp/OMP/Accepter/index.jsp?PRM=0000000000000604772
『日米観光交流促進キャンペーン2026』に関するイベント運営・プロモーション等業務,国土交通省,3,,0,,,,過去実績なし。仕様書からの積算が必要,https://www.p-portal.go.jp/pps-web-biz/UAA01/OAA0100?OAA0115
07-0049-0264 量子中継技術の国際展開に向けた海外調査の請負,総務省,2,0000000000000551639,1,2025-12-04,22500000,ＬＱＵＯＭ株式会社,落札実績オープンデータ（同一事業と判定）,https://www.nyusatsu.geps.go.jp/OMP/Accepter/index.jsp?PRM=0000000000000551639
量子中継技術の国際展開に向けた海外実証等の請負,総務省,2,0000000000000611275,0,,,,過去実績なし。仕様書からの積算が必要,https://www.nyusatsu.geps.go.jp/OMP/Accepter/index.jsp?PRM=0000000000000611275
08-0049-0213 量子中継技術の国際展開に向けた海外実証等の請負（再度公告）,総務省,2,0000000000000616621,0,,,,過去実績なし。仕様書からの積算が必要,https://www.nyusatsu.geps.go.jp/OMP/Accepter/index.jsp?PRM=0000000000000616621
令和８年度 ウポポイ海外プロモーション業務,国土交通省,2,0000000000000617024,0,,,,過去実績なし。仕様書からの積算が必要,https://www.nyusatsu.geps.go.jp/OMP/Accepter/index.jsp?PRM=0000000000000617024
令和７年度２０２７年国際園芸博覧会政府出展屋外展示制作に係る業務 一式,国土交通省,2,,0,,,,過去実績なし。仕様書からの積算が必要,https://www.p-portal.go.jp/pps-web-biz/UAA01/OAA0100?OAA0115
令和７年度補正２０２７年国際園芸博覧会国際出展支援業務 一式,国土交通省,2,,0,,,,過去実績なし。仕様書からの積算が必要,https://www.p-portal.go.jp/pps-web-biz/UAA01/OAA0100?OAA0115
観光コンテンツに係るプロモーション戦略・手法の体系化調査業務,国土交通省,2,,0,,,,過去実績なし。仕様書からの積算が必要,https://www.p-portal.go.jp/pps-web-biz/UAA01/OAA0100?OAA0115
第３回日土観光交流促進協議会の運営業務,国土交通省,2,,0,,,,過去実績なし。仕様書からの積算が必要,https://www.p-portal.go.jp/pps-web-biz/UAA01/OAA0100?OAA0115
国際見本市等を通じた放送コンテンツの情報発信に関する調査,総務省,2,0000000000000573262,0,,,,過去実績なし。仕様書からの積算が必要,https://www.nyusatsu.geps.go.jp/OMP/Accepter/index.jsp?PRM=0000000000000573262
関西国際空港における「伝統的酒造り」及び近畿産酒類のＰＲイベントの運営業務委託,財務省,2,0000000000000618339,0,,,,過去実績なし。仕様書からの積算が必要,https://www.nyusatsu.geps.go.jp/OMP/Accepter/index.jsp?PRM=0000000000000618339
令和8年度オンライン商談会運営に係る業務委託,財務省,2,0000000000000616267,0,,,,過去実績なし。仕様書からの積算が必要,https://www.nyusatsu.geps.go.jp/OMP/Accepter/index.jsp?PRM=0000000000000616267
マレーシア及びオーストラリアにおける国際標準化活動促進ワークショップ開催事務の請負,総務省,2,0000000000000594887,1,2026-05-14,8849500,株式会社イベントアンドコンベンションハウス,落札実績オープンデータ（同一事業と判定）,https://www.nyusatsu.geps.go.jp/OMP/Accepter/index.jsp?PRM=0000000000000594887
電気通信機器に係る国際ワークショップ運営事務及び基準・認証制度に関する国際調査業務の請負,総務省,2,0000000000000612182,0,,,,過去実績なし。仕様書からの積算が必要,https://www.nyusatsu.geps.go.jp/OMP/Accepter/index.jsp?PRM=0000000000000612182
08-0049-0185 次世代移動通信等に関する国際連携推進に向けた国際ワークショップの開催事務の請負,総務省,2,0000000000000613173,0,,,,過去実績なし。仕様書からの積算が必要,https://www.nyusatsu.geps.go.jp/OMP/Accepter/index.jsp?PRM=0000000000000613173
「昨今の国際関係・安全保障環境の変化を踏まえた今後の東アジア情勢への国際社会の対応」に関するセミナーの企画・運営等業務,内閣府,2,0000000000000613903,1,2023-09-12,11902000,一般財団法人平和・安全保障研究所,落札実績オープンデータ（同一事業と判定）,https://www.nyusatsu.geps.go.jp/OMP/Accepter/index.jsp?PRM=0000000000000613903
【税込入札】国際平和と安全シンポジウム（ハイブリッド形式）の会議運営等業務委託,防衛省,2,0000000000000613963,1,2025-08-28,6600000,株式会社グローパス,落札実績オープンデータ（同一事業と判定）,https://www.nyusatsu.geps.go.jp/OMP/Accepter/index.jsp?PRM=0000000000000613963
ブータン及びスリランカにおける国際標準化活動促進ワークショップ開催事務の請負,総務省,2,0000000000000614188,0,,,,過去実績なし。仕様書からの積算が必要,https://www.nyusatsu.geps.go.jp/OMP/Accepter/index.jsp?PRM=0000000000000614188
「東シナ海及び南シナ海をめぐる国際情勢と日本の領土」等に関するセミナーの企画・運営等業務,内閣府,2,0000000000000614626,0,,,,過去実績なし。仕様書からの積算が必要,https://www.nyusatsu.geps.go.jp/OMP/Accepter/index.jsp?PRM=0000000000000614626
国際消防防災フォーラムの実施に係る運営業務委託,総務省,2,0000000000000614755,0,,,,過去実績なし。仕様書からの積算が必要,https://www.nyusatsu.geps.go.jp/OMP/Accepter/index.jsp?PRM=0000000000000614755
令和８年度安全保障国際シンポジウム及び国際安全保障コロキアム開催に 係る運営業務,防衛省,2,0000000000000617761,1,2025-09-25,4517625,ソフトウエアエンジニアリング株式会社,落札実績オープンデータ（同一事業と判定）,https://www.nyusatsu.geps.go.jp/OMP/Accepter/index.jsp?PRM=0000000000000617761
シンポジウム「国際シンポジウム２０２７（仮称）」における設営及び運営等業務,財務省,2,0000000000000618172,0,,,,過去実績なし。仕様書からの積算が必要,https://www.nyusatsu.geps.go.jp/OMP/Accepter/index.jsp?PRM=0000000000000618172
令和４年度大山隠岐国立公園海外向け情報発信強化業務,環境省,1,0000000000000342864,0,,,,過去実績なし。仕様書からの積算が必要,https://www.nyusatsu.geps.go.jp/OMP/Accepter/index.jsp?PRM=0000000000000342864
令和４年度大山隠岐国立公園海外向け情報発信強化業務【再度公告】,環境省,1,0000000000000346772,0,,,,過去実績なし。仕様書からの積算が必要,https://www.nyusatsu.geps.go.jp/OMP/Accepter/index.jsp?PRM=0000000000000346772
07-0049-0256 量子暗号通信の社会実装加速化に向けた海外調査等の請負,総務省,1,0000000000000551372,1,2025-11-28,69800000,デロイトトーマツコンサルティング合同会社,落札実績オープンデータ（同一事業と判定）,https://www.nyusatsu.geps.go.jp/OMP/Accepter/index.jsp?PRM=0000000000000551372
07-0049-0273 放送コンテンツの海外市場規模に関する実態調査,総務省,1,0000000000000553525,1,2025-12-15,13000000,株式会社三菱総合研究所,落札実績オープンデータ（同一事業と判定）,https://www.nyusatsu.geps.go.jp/OMP/Accepter/index.jsp?PRM=0000000000000553525
令和８年度海外用携帯電話・データ通信機器の提供,総務省,1,0000000000000562335,1,2026-02-17,2888346,エクスモバイル株式会社,落札実績オープンデータ（同一事業と判定）,https://www.nyusatsu.geps.go.jp/OMP/Accepter/index.jsp?PRM=0000000000000562335
海外郵政関連情報の収集等の請負,総務省,1,0000000000000565131,3,2026-02-25,9035000,一般財団法人マルチメディア振興センター,落札実績オープンデータ（同一事業と判定）,https://www.nyusatsu.geps.go.jp/OMP/Accepter/index.jsp?PRM=0000000000000565131
海外AIデータセンターへのオール光ネットワーク技術の展開に向けた調査研究の請負,総務省,1,0000000000000566327,1,2026-02-17,380000000,株式会社ＡＣＣＥＳＳ,落札実績オープンデータ（同一事業と判定）,https://www.nyusatsu.geps.go.jp/OMP/Accepter/index.jsp?PRM=0000000000000566327
海外における分散データセンター向け大容量・超低消費電力モジュール技術の展開・実証及び調査研究の請負,総務省,1,0000000000000608873,0,,,,過去実績なし。仕様書からの積算が必要,https://www.nyusatsu.geps.go.jp/OMP/Accepter/index.jsp?PRM=0000000000000608873
令和８年度石綿健康被害救済制度に関する海外動向等調査業務[総合評価落札方式],環境省,1,0000000000000612787,3,2025-07-22,5047245,一般社団法人環境情報科学センター,落札実績オープンデータ（同一事業と判定）,https://www.nyusatsu.geps.go.jp/OMP/Accepter/index.jsp?PRM=0000000000000612787
令和９年度海外赴任予定者への語学研修,国家公安委員会（警察庁）,1,0000000000000613241,0,,,,過去実績なし。仕様書からの積算が必要,https://www.nyusatsu.geps.go.jp/OMP/Accepter/index.jsp?PRM=0000000000000613241
令和８年度 海外の鉄道事故調査官向け研修教材開発 及び研修実施に係る支援業務委託,国土交通省,1,0000000000000614694,1,2025-09-04,9600000,一般財団法人研友社,落札実績オープンデータ（同一事業と判定）,https://www.nyusatsu.geps.go.jp/OMP/Accepter/index.jsp?PRM=0000000000000614694
【近畿経済産業局】令和８年度大阪・関西万博を契機とした関西企業に対する海外連携フォローアップ調査,経済産業省,1,0000000000000616203,0,,,,過去実績なし。仕様書からの積算が必要,https://www.nyusatsu.geps.go.jp/OMP/Accepter/index.jsp?PRM=0000000000000616203
【特許庁】令和８年度農林水産・食品分野における知財を活用した海外収益化支援モデル構築調査事業,経済産業省,1,0000000000000616359,0,,,,過去実績なし。仕様書からの積算が必要,https://www.nyusatsu.geps.go.jp/OMP/Accepter/index.jsp?PRM=0000000000000616359
動画配信サービス等における日本コンテンツの海外視聴実態に関する調査研究の請負,総務省,1,0000000000000617099,0,,,,過去実績なし。仕様書からの積算が必要,https://www.nyusatsu.geps.go.jp/OMP/Accepter/index.jsp?PRM=0000000000000617099
海外における渡航移植及び臓器移植制度等に関する調査業務一式,厚生労働省,1,0000000000000617538,0,,,,過去実績なし。仕様書からの積算が必要,https://www.nyusatsu.geps.go.jp/OMP/Accepter/index.jsp?PRM=0000000000000617538
海外公的年金等のオルタナティブ投資の運用状況等に関する調査業務一式,厚生労働省,1,0000000000000617732,0,,,,過去実績なし。仕様書からの積算が必要,https://www.nyusatsu.geps.go.jp/OMP/Accepter/index.jsp?PRM=0000000000000617732
令和８年度 海外向けグラフィック日本事情発信誌「にぽにか （niponica）」の制作・複製及び納入,外務省,1,0000000000000617894,2,2025-12-12,15755000,株式会社平凡社,落札実績オープンデータ（同一事業と判定）,https://www.nyusatsu.geps.go.jp/OMP/Accepter/index.jsp?PRM=0000000000000617894
【特許庁】令和８年度産業財産権制度各国比較調査研究等事業「海外庁における特許審査ハイウェイ（ＰＰＨ）申請出願の状況に関する調査研究」,経済産業省,1,0000000000000618017,0,,,,過去実績なし。仕様書からの積算が必要,https://www.nyusatsu.geps.go.jp/OMP/Accepter/index.jsp?PRM=0000000000000618017
【資エ庁】令和７年度補正廃炉・汚染水・処理水対策事業（海外における廃炉への取組事例に関する情報収集・調査・分析等）,経済産業省,1,0000000000000618862,4,2026-04-15,48255480,株式会社電通,落札実績オープンデータ（同一事業と判定）,https://www.nyusatsu.geps.go.jp/OMP/Accepter/index.jsp?PRM=0000000000000618862
海外地域（インド・南アフリカ）における酒類の規制調査業務の委託,財務省,1,0000000000000618942,1,2026-05-22,9900000,株式会社野村総合研究所,落札実績オープンデータ（同一事業と判定）,https://www.nyusatsu.geps.go.jp/OMP/Accepter/index.jsp?PRM=0000000000000618942
2026年度 Smart JAMPスマートシティ実現に向けた調査検討業務（海外ドナー案件獲得）（仮称）,国土交通省,1,,0,,,,過去実績なし。仕様書からの積算が必要,https://www.p-portal.go.jp/pps-web-biz/UAA01/OAA0100?OAA0115
「MWCバルセロナ2027」への日本ブース出展を通じた我が国ICT企業のグローバル展開促進に関する調査研究の請負,総務省,1,0000000000000568974,1,2026-02-26,82489142,一般財団法人日本ＩＴＵ協会,落札実績オープンデータ（同一事業と判定）,https://www.nyusatsu.geps.go.jp/OMP/Accepter/index.jsp?PRM=0000000000000568974
「AI for Good Global Summit 2026」への日本ブース出展を通じたAI分野のスタートアップのグローバル展開促進に関する調査研究の請負,総務省,1,0000000000000580491,1,2026-03-26,27102900,一般財団法人日本ＩＴＵ協会,落札実績オープンデータ（同一事業と判定）,https://www.nyusatsu.geps.go.jp/OMP/Accepter/index.jsp?PRM=0000000000000580491
インドにおける我が国ICT企業のグローバル展開促進（インド・モバイル・コングレス2026出展）に関する調査研究の請負,総務省,1,0000000000000600396,2,2026-06-24,40897282,株式会社ＪＴＢコミュニケーションデザイン,落札実績オープンデータ（同一事業と判定）,https://www.nyusatsu.geps.go.jp/OMP/Accepter/index.jsp?PRM=0000000000000600396
令和４年度旅行博覧会における中国四国地方の国立公園プロモーション業務,環境省,1,0000000000000352160,0,,,,過去実績なし。仕様書からの積算が必要,https://www.nyusatsu.geps.go.jp/OMP/Accepter/index.jsp?PRM=0000000000000352160
国債広告（地方プロモーション）の企画・制作及び実施委託業務 一式,財務省,1,0000000000000419662,4,2026-03-17,384390000,株式会社博報堂,落札実績オープンデータ（同一事業と判定）,https://www.nyusatsu.geps.go.jp/OMP/Accepter/index.jsp?PRM=0000000000000419662
令和５年度大山隠岐国立公園におけるストーリー構築のための観光資源価値調査等業務,環境省,1,0000000000000403270,1,2023-09-28,3476000,株式会社一成,落札実績オープンデータ（同一事業と判定）,https://www.nyusatsu.geps.go.jp/OMP/Accepter/index.jsp?PRM=0000000000000403270
【九州局】令和８年度地域資源を活用した観光魅力創出支援事業に係る役務請負,経済産業省,1,0000000000000611500,0,,,,過去実績なし。仕様書からの積算が必要,https://www.nyusatsu.geps.go.jp/OMP/Accepter/index.jsp?PRM=0000000000000611500
令和８年度中小企業実態調査事業（中国地域における食×観光複合型高付加価値化ビジネスに関する調査事業）,経済産業省,1,0000000000000615784,41,2026-08-10,5382300,株式会社東京商工リサーチ,落札実績オープンデータ（同一事業と判定）,https://www.nyusatsu.geps.go.jp/OMP/Accepter/index.jsp?PRM=0000000000000615784
令和８年度知床IP全体計画を活用した羅臼地区観光モデル事例創出支援業務,環境省,1,0000000000000618197,0,,,,過去実績なし。仕様書からの積算が必要,https://www.nyusatsu.geps.go.jp/OMP/Accepter/index.jsp?PRM=0000000000000618197
AIとデジタル技術を掛け合わせた観光資源のコンテンツ化促進施策展開調査業務,国土交通省,1,,0,,,,過去実績なし。仕様書からの積算が必要,https://www.p-portal.go.jp/pps-web-biz/UAA01/OAA0100?OAA0115
令和8年度文化庁乗用自動車（ハイヤー）雇上げ 一式,文部科学省,1,0000000000000561332,0,,,,過去実績なし。仕様書からの積算が必要,https://www.nyusatsu.geps.go.jp/OMP/Accepter/index.jsp?PRM=0000000000000561332
令和８年度国指定文化財等管理台帳システムの構築及びデータ移行業務 一式,文部科学省,1,0000000000000611979,0,,,,過去実績なし。仕様書からの積算が必要,https://www.nyusatsu.geps.go.jp/OMP/Accepter/index.jsp?PRM=0000000000000611979
令和８年度中小企業実態調査委託費（福島浜通り地域等における映像・芸術文化プロジェクトの実施に向けた調査・検討事業）,経済産業省,1,0000000000000614988,9,2026-06-24,10909000,株式会社野村総合研究所,落札実績オープンデータ（同一事業と判定）,https://www.nyusatsu.geps.go.jp/OMP/Accepter/index.jsp?PRM=0000000000000614988
令和８年度文化遺産オンラインに係るサービスデスクライセンス及びサポートサービス 一式,文部科学省,1,0000000000000615275,0,,,,過去実績なし。仕様書からの積算が必要,https://www.nyusatsu.geps.go.jp/OMP/Accepter/index.jsp?PRM=0000000000000615275
令和８年度文化財補助金システムサーバー更改に伴う システム改修及びデータ移行等業務 一式,文部科学省,1,0000000000000616591,0,,,,過去実績なし。仕様書からの積算が必要,https://www.nyusatsu.geps.go.jp/OMP/Accepter/index.jsp?PRM=0000000000000616591
令和８年度中小企業実態調査委託費（福島浜通り地域等における映像・芸術文化によるまちづくりの『共通ビジョン策定』に向けた調査・検討事業）,経済産業省,1,0000000000000616869,9,2026-06-24,10909000,株式会社野村総合研究所,落札実績オープンデータ（同一事業と判定）,https://www.nyusatsu.geps.go.jp/OMP/Accepter/index.jsp?PRM=0000000000000616869
【規制庁】令和８年度組織文化の評価に係る事例調査,環境省,1,0000000000000618047,0,,,,過去実績なし。仕様書からの積算が必要,https://www.nyusatsu.geps.go.jp/OMP/Accepter/index.jsp?PRM=0000000000000618047
「伝統的酒造りシンポジウムin四国」の開催に係る運営等業務,財務省,1,0000000000000410256,1,2023-11-17,2268000,株式会社ネオビエント,落札実績オープンデータ（同一事業と判定）,https://www.nyusatsu.geps.go.jp/OMP/Accepter/index.jsp?PRM=0000000000000410256
令和７年度国立京都国際会館非常用放送設備更新工事,財務省,1,0000000000000529493,1,2025-06-30,59000000,パナソニックＥＷエンジニアリング株式会社,落札実績オープンデータ（同一事業と判定）,https://www.nyusatsu.geps.go.jp/OMP/Accepter/index.jsp?PRM=0000000000000529493
ワイヤレス分野の重点技術領域及び推進方策、並びに次世代モバイルネットワークの高度化に向けた国際連携の推進戦略に関する調査検討,総務省,1,0000000000000545811,1,2025-10-17,80000000,株式会社三菱総合研究所,落札実績オープンデータ（同一事業と判定）,https://www.nyusatsu.geps.go.jp/OMP/Accepter/index.jsp?PRM=0000000000000545811
情報通信・デジタル分野における国際標準化（ルール形成）活動の持続的推進を支える人材基盤の強化に資する講習カリキュラム及び教育プログラム等の整備並びにその実効的運用等に関する調査の~,総務省,1,0000000000000547428,1,2025-11-06,55000000,株式会社野村総合研究所,落札実績オープンデータ（同一事業と判定）,https://www.nyusatsu.geps.go.jp/OMP/Accepter/index.jsp?PRM=0000000000000547428
07-0049-0230 令和７年度 国際データ取引市場創出事業の請負,総務省,1,0000000000000547486,3,2026-07-22,60000000,一般社団法人データ社会推進協議会,落札実績オープンデータ（同一事業と判定）,https://www.nyusatsu.geps.go.jp/OMP/Accepter/index.jsp?PRM=0000000000000547486
情報通信・デジタル分野における国際標準化（ルール形成）活動の持続的推進を支える人材基盤の強化に資する標準化人材の役割・業務・知識・スキル等の体系的整備等に関する請負,総務省,1,0000000000000547565,2,2025-11-14,71000000,一般社団法人情報通信技術委員会,落札実績オープンデータ（同一事業と判定）,https://www.nyusatsu.geps.go.jp/OMP/Accepter/index.jsp?PRM=0000000000000547565
07-0049-0257 世界の放送をめぐる現状・動向を踏まえた国際市場動向の調査,総務省,1,0000000000000551376,1,2025-12-03,11295000,株式会社オーエムシー,落札実績オープンデータ（同一事業と判定）,https://www.nyusatsu.geps.go.jp/OMP/Accepter/index.jsp?PRM=0000000000000551376
デジタルインフラ分野の国際競争力の強化に向けた安全保障分野における先端情報通信システム等の活用促進に関する調査研究,総務省,1,0000000000000551717,1,2025-12-03,67320000,ボストン・コンサルティング・グループ合同会社,落札実績オープンデータ（同一事業と判定）,https://www.nyusatsu.geps.go.jp/OMP/Accepter/index.jsp?PRM=0000000000000551717
国際間接続ネットワーク分野におけるオール光ネットワーク技術の普及に向けた調査研究の請負,総務省,1,0000000000000551723,0,,,,過去実績なし。仕様書からの積算が必要,https://www.nyusatsu.geps.go.jp/OMP/Accepter/index.jsp?PRM=0000000000000551723
国際的AI ガバナンス枠組みの相互運用性に係る調査の請負,総務省,1,0000000000000552237,1,2025-12-05,12000000,ＰｗＣコンサルティング合同会社,落札実績オープンデータ（同一事業と判定）,https://www.nyusatsu.geps.go.jp/OMP/Accepter/index.jsp?PRM=0000000000000552237
南西諸島周辺地域における新たな海底ケーブルに対する需要動向及びデジタル関連産業の国際競争力強化に関する調査研究,総務省,1,0000000000000558490,1,2026-01-27,36000000,ＮＴＴドコモビジネス株式会社,落札実績オープンデータ（同一事業と判定）,https://www.nyusatsu.geps.go.jp/OMP/Accepter/index.jsp?PRM=0000000000000558490
我が国における情報セキュリティ産業の高度化・国際競争力の強化に向けた米国の産学官連携に係るラウンドテーブル開催の請負,総務省,1,0000000000000558602,0,,,,過去実績なし。仕様書からの積算が必要,https://www.nyusatsu.geps.go.jp/OMP/Accepter/index.jsp?PRM=0000000000000558602
国内外におけるICT市場及び関連市場の動向分析と国内ICT産業の国際競争力評価に関する調査研究の請負,総務省,1,0000000000000562664,0,,,,過去実績なし。仕様書からの積算が必要,https://www.nyusatsu.geps.go.jp/OMP/Accepter/index.jsp?PRM=0000000000000562664
令和8年度「船舶航行の安全性・効率性向上のための無線システムの高度化に関する国際機関等との連絡調整事務」,総務省,1,0000000000000566299,2,2026-03-03,36200000,日本無線株式会社,落札実績オープンデータ（同一事業と判定）,https://www.nyusatsu.geps.go.jp/OMP/Accepter/index.jsp?PRM=0000000000000566299
国際戦略局長室の応接セット等の調達,総務省,1,0000000000000569180,1,2026-03-05,6700000,幸和商事株式会社,落札実績オープンデータ（同一事業と判定）,https://www.nyusatsu.geps.go.jp/OMP/Accepter/index.jsp?PRM=0000000000000569180
国際電気通信連合（ITU）理事会におけるレセプション開催に係る事務請負,総務省,1,0000000000000569288,1,2026-02-12,5620000,株式会社オーエムシー,落札実績オープンデータ（同一事業と判定）,https://www.nyusatsu.geps.go.jp/OMP/Accepter/index.jsp?PRM=0000000000000569288
08-0049-0033 サイバーセキュリティに係る国際標準化動向調査の請負,総務省,1,0000000000000569309,4,2026-03-05,28788251,株式会社ＮＴＴデータ経営研究所,落札実績オープンデータ（同一事業と判定）,https://www.nyusatsu.geps.go.jp/OMP/Accepter/index.jsp?PRM=0000000000000569309
陸上移動通信システムの国際協調に向けた国際機関等との連絡調整事務の請負,総務省,1,0000000000000570078,0,,,,過去実績なし。仕様書からの積算が必要,https://www.nyusatsu.geps.go.jp/OMP/Accepter/index.jsp?PRM=0000000000000570078
協調型自動運転の実現に向けたV2X通信技術の国際標準化のための国際機関等との連絡調整事務,総務省,1,0000000000000570889,3,2026-03-10,32700000,一般社団法人電波産業会,落札実績オープンデータ（同一事業と判定）,https://www.nyusatsu.geps.go.jp/OMP/Accepter/index.jsp?PRM=0000000000000570889
令和８年度「WRC-27に関する航空無線通信の国際協調のための国際機関等との連絡調整事務」の請負,総務省,1,0000000000000571197,3,2026-03-13,35000000,株式会社三菱総合研究所,落札実績オープンデータ（同一事業と判定）,https://www.nyusatsu.geps.go.jp/OMP/Accepter/index.jsp?PRM=0000000000000571197
ワイヤレス分野全般に関する推進方策及び次世代モバイルネットワークの高度化に向けた国際連携の推進戦略に関する調査検討,総務省,1,0000000000000572442,1,2026-03-24,72000000,株式会社三菱総合研究所,落札実績オープンデータ（同一事業と判定）,https://www.nyusatsu.geps.go.jp/OMP/Accepter/index.jsp?PRM=0000000000000572442
令和８年度「ワイヤレス電力伝送システムによる無線通信の保護のための国際機関等との連絡調整事務」の請負,総務省,1,0000000000000572695,3,2026-03-16,30000000,ワシントンコアＬ．Ｌ．Ｃ．,落札実績オープンデータ（同一事業と判定）,https://www.nyusatsu.geps.go.jp/OMP/Accepter/index.jsp?PRM=0000000000000572695
令和８年度「電波利用環境維持のための高周波利用設備等に関する国際機関等との連絡調整 事務」の請負,総務省,1,0000000000000572802,2,2026-03-12,26800000,ＮＴＴアドバンステクノロジ株式会社,落札実績オープンデータ（同一事業と判定）,https://www.nyusatsu.geps.go.jp/OMP/Accepter/index.jsp?PRM=0000000000000572802
令和８年度「電波利用環境維持のための高周波利用設備等に関する国際機関等との連絡調整 事務」の請負,総務省,1,0000000000000572899,2,2026-03-12,26800000,ＮＴＴアドバンステクノロジ株式会社,落札実績オープンデータ（同一事業と判定）,https://www.nyusatsu.geps.go.jp/OMP/Accepter/index.jsp?PRM=0000000000000572899
WRC-27に向けた移動通信システムの国際協調に係る国際機関等との連絡調整事務の請負,総務省,1,0000000000000573477,2,2026-03-19,52900000,一般社団法人電波産業会,落札実績オープンデータ（同一事業と判定）,https://www.nyusatsu.geps.go.jp/OMP/Accepter/index.jsp?PRM=0000000000000573477
令和８年度「Society5.0時代における固定無線システムの大容量化のための国際機関等との連絡調整事務」の請負,総務省,1,0000000000000579109,1,2025-03-06,33333333,ワシントンコアＬ．Ｌ．Ｃ．,落札実績オープンデータ（同一事業と判定）,https://www.nyusatsu.geps.go.jp/OMP/Accepter/index.jsp?PRM=0000000000000579109
07-0049-0356 令和８年度通信分野における情報セキュリティに関するISAC国際連携に係る調査の請負,総務省,1,0000000000000580395,3,2026-03-27,29865220,株式会社プライムインターナショナル,落札実績オープンデータ（同一事業と判定）,https://www.nyusatsu.geps.go.jp/OMP/Accepter/index.jsp?PRM=0000000000000580395
08-0042-0054 地上デジタルテレビジョン放送高度化技術や新しい放送関連技術等の国際標準化のための国際機関等との連絡調整事務の請負,総務省,1,0000000000000582824,1,2025-03-21,24280000,株式会社オーエムシー,落札実績オープンデータ（同一事業と判定）,https://www.nyusatsu.geps.go.jp/OMP/Accepter/index.jsp?PRM=0000000000000582824
08-0049-0076 Beyond 5Gなどの移動通信システムに関する国際標準化活動の最新動向の把握及びその状況を踏まえた国内企業等の標準化戦略立案のための調査・分析の請負,総務省,1,0000000000000582979,1,2026-03-25,25000000,株式会社三菱総合研究所,落札実績オープンデータ（同一事業と判定）,https://www.nyusatsu.geps.go.jp/OMP/Accepter/index.jsp?PRM=0000000000000582979
08-0049-0098 日米国際間接続ネットワーク分野におけるAPN技術の普及に向けた調査研究の請負,総務省,1,0000000000000597383,1,2026-07-03,270000000,富士通株式会社,落札実績オープンデータ（同一事業と判定）,https://www.nyusatsu.geps.go.jp/OMP/Accepter/index.jsp?PRM=0000000000000597383
情報通信分野の国際標準化機関における主要ポストの維持・獲得のための専門人材育成並びに標準化人材の民間企業等の次世代人材及び中小企業・スタートアップ企業・大学への裾野拡大に資する調査,総務省,1,0000000000000597467,1,2026-05-29,124000000,株式会社野村総合研究所,落札実績オープンデータ（同一事業と判定）,https://www.nyusatsu.geps.go.jp/OMP/Accepter/index.jsp?PRM=0000000000000597467
日台国際間接続ネットワーク分野におけるAPN技術の普及に向けた調査研究の請負,総務省,1,0000000000000600533,1,2026-07-06,90500000,富士通株式会社,落札実績オープンデータ（同一事業と判定）,https://www.nyusatsu.geps.go.jp/OMP/Accepter/index.jsp?PRM=0000000000000600533
サイバーセキュリティ能力構築支援に係る 情報通信産業の国際展開支援に関する調査,総務省,1,0000000000000603701,2,2026-06-29,55000000,ＰｗＣコンサルティング合同会社,落札実績オープンデータ（同一事業と判定）,https://www.nyusatsu.geps.go.jp/OMP/Accepter/index.jsp?PRM=0000000000000603701
令和８年度国立京都国際会館宴会場さくら調光システム及び照明設備更新工事,財務省,1,0000000000000604177,1,2026-06-24,68000000,東芝ライテック株式会社,落札実績オープンデータ（同一事業と判定）,https://www.nyusatsu.geps.go.jp/OMP/Accepter/index.jsp?PRM=0000000000000604177
関西国際空港第１ターミナルビル税関旅具検査場（制限エリア） 電子申告ゲート移設・更新に伴う付帯工事,財務省,1,0000000000000604359,1,2026-06-29,19950000,ＦＡエンジニア株式会社,落札実績オープンデータ（同一事業と判定）,https://www.nyusatsu.geps.go.jp/OMP/Accepter/index.jsp?PRM=0000000000000604359
08-0049-0124 日米国際間接続ネットワーク分野におけるAPN技術の普及に向けた調査研究の請負,総務省,1,0000000000000604362,1,2026-07-03,270000000,富士通株式会社,落札実績オープンデータ（同一事業と判定）,https://www.nyusatsu.geps.go.jp/OMP/Accepter/index.jsp?PRM=0000000000000604362
08-0049-0135 令和８年度国際データ取引市場創出事業の請負,総務省,1,0000000000000605791,3,2026-07-22,60000000,一般社団法人データ社会推進協議会,落札実績オープンデータ（同一事業と判定）,https://www.nyusatsu.geps.go.jp/OMP/Accepter/index.jsp?PRM=0000000000000605791
令和８年度「同報通信方式を用いた無線LAN技術のユースケース創出と認証プログラムの国際標準化事業」の請負,総務省,1,0000000000000606134,1,2026-07-14,59500000,株式会社三菱総合研究所,落札実績オープンデータ（同一事業と判定）,https://www.nyusatsu.geps.go.jp/OMP/Accepter/index.jsp?PRM=0000000000000606134
大阪国際空港幹線排水路補修工事,国土交通省,1,0000000000000606814,0,,,,過去実績なし。仕様書からの積算が必要,https://www.nyusatsu.geps.go.jp/OMP/Accepter/index.jsp?PRM=0000000000000606814
【東京航空局】成田国際空港新管制塔50kVA無停電電源装置（製造・設置・調整）,国土交通省,1,0000000000000608920,0,,,,過去実績なし。仕様書からの積算が必要,https://www.nyusatsu.geps.go.jp/OMP/Accepter/index.jsp?PRM=0000000000000608920
情報通信・デジタル分野における国際標準化（ルール形成）活動の持続的推進を支える人材基盤の強化に資する、標準化人材の役割・業務・知識・スキル及び教育プログラム等の整備と実効的運用に～,総務省,1,0000000000000609861,0,,,,過去実績なし。仕様書からの積算が必要,https://www.nyusatsu.geps.go.jp/OMP/Accepter/index.jsp?PRM=0000000000000609861
国際情勢の変化を踏まえた今後の日本と北米及び欧州のデジタル連携強化に係る調査研究,総務省,1,0000000000000610811,1,2025-06-13,18059000,有限責任あずさ監査法人,落札実績オープンデータ（同一事業と判定）,https://www.nyusatsu.geps.go.jp/OMP/Accepter/index.jsp?PRM=0000000000000610811
関西国際空港統合スポット管理システム設置工事外5件実施設計,国土交通省,1,0000000000000611046,0,,,,過去実績なし。仕様書からの積算が必要,https://www.nyusatsu.geps.go.jp/OMP/Accepter/index.jsp?PRM=0000000000000611046
大阪国際空港幹線排水路補修工事,国土交通省,1,0000000000000612229,0,,,,過去実績なし。仕様書からの積算が必要,https://www.nyusatsu.geps.go.jp/OMP/Accepter/index.jsp?PRM=0000000000000612229
国際標準化プロセスにおけるＡＩ等の活用可能性及びスキルセット並びに民間主導の国際標準活動把握に係る調査・分析業務,内閣府,1,0000000000000612400,0,,,,過去実績なし。仕様書からの積算が必要,https://www.nyusatsu.geps.go.jp/OMP/Accepter/index.jsp?PRM=0000000000000612400
成田国際空港第１旅客ターミナルビル及び第２旅客ターミナルビルにおける共同キオスク案内等業務委託契約 一式,法務省,1,0000000000000612559,0,,,,過去実績なし。仕様書からの積算が必要,https://www.nyusatsu.geps.go.jp/OMP/Accepter/index.jsp?PRM=0000000000000612559
令和８年度環境配慮型製品の国際展開促進に係る調査検討業務[総合評価落札方式],環境省,1,0000000000000613400,2,2025-09-01,9200000,公益財団法人日本環境協会,落札実績オープンデータ（同一事業と判定）,https://www.nyusatsu.geps.go.jp/OMP/Accepter/index.jsp?PRM=0000000000000613400
【東京航空局】令和8年度 東京国際空港旧整備場地区土壌汚染状況調査業務,国土交通省,1,0000000000000613630,1,2025-03-21,5960000,株式会社アサノ大成基礎エンジニアリング,落札実績オープンデータ（同一事業と判定）,https://www.nyusatsu.geps.go.jp/OMP/Accepter/index.jsp?PRM=0000000000000613630
【東京航空局】東京国際空港Ｇ誘導路中心線灯改良その他工事外４件実施設計,国土交通省,1,0000000000000614087,0,,,,過去実績なし。仕様書からの積算が必要,https://www.nyusatsu.geps.go.jp/OMP/Accepter/index.jsp?PRM=0000000000000614087
令和８年度 東京国際空港施工管理用カメラ定期点検,国土交通省,1,0000000000000614179,3,2025-10-10,3348000,日本ホールシステム株式会社,落札実績オープンデータ（同一事業と判定）,https://www.nyusatsu.geps.go.jp/OMP/Accepter/index.jsp?PRM=0000000000000614179
【東京航空局】東京国際空港幹線ダクト設置工事,国土交通省,1,0000000000000614206,0,,,,過去実績なし。仕様書からの積算が必要,https://www.nyusatsu.geps.go.jp/OMP/Accepter/index.jsp?PRM=0000000000000614206
08-0049-0193 国際機関、外国関係機関及び外国企業等との調整、技術実証等に資する電波法令の英語翻訳及び和英対訳用語集の調査の請負（令和８年度）,総務省,1,0000000000000614425,0,,,,過去実績なし。仕様書からの積算が必要,https://www.nyusatsu.geps.go.jp/OMP/Accepter/index.jsp?PRM=0000000000000614425
令和8年度国際データガバナンス推進のための調査研究,デジタル庁,1,0000000000000614540,2,2025-06-06,9089000,みずほリサーチ＆テクノロジーズ株式会社,落札実績オープンデータ（同一事業と判定）,https://www.nyusatsu.geps.go.jp/OMP/Accepter/index.jsp?PRM=0000000000000614540
防災分野の戦略的な国際展開に関する調査研究業務,外務省,1,0000000000000614649,0,,,,過去実績なし。仕様書からの積算が必要,https://www.nyusatsu.geps.go.jp/OMP/Accepter/index.jsp?PRM=0000000000000614649
【東京航空局】東京国際空港第２ターミナルビル駐機位置指示灯改良その他工事外２件実施設計,国土交通省,1,0000000000000614875,0,,,,過去実績なし。仕様書からの積算が必要,https://www.nyusatsu.geps.go.jp/OMP/Accepter/index.jsp?PRM=0000000000000614875
大阪国際空港第2TX局舎空気調和設備工事,国土交通省,1,0000000000000614996,0,,,,過去実績なし。仕様書からの積算が必要,https://www.nyusatsu.geps.go.jp/OMP/Accepter/index.jsp?PRM=0000000000000614996
【東京航空局】東京国際空港公益共同溝付帯設備切替工事（再公告）,国土交通省,1,0000000000000615238,1,2024-07-25,9800000,株式会社伸和総合設計,落札実績オープンデータ（同一事業と判定）,https://www.nyusatsu.geps.go.jp/OMP/Accepter/index.jsp?PRM=0000000000000615238
令和８年度「東南アジア青年の船」事業に関する国際航空便の手配等支援業務,内閣府,1,0000000000000615349,0,,,,過去実績なし。仕様書からの積算が必要,https://www.nyusatsu.geps.go.jp/OMP/Accepter/index.jsp?PRM=0000000000000615349
巡視船の外国寄港に伴う運航等支援業務（国際刑事）,国土交通省,1,0000000000000615380,0,,,,過去実績なし。仕様書からの積算が必要,https://www.nyusatsu.geps.go.jp/OMP/Accepter/index.jsp?PRM=0000000000000615380
【東京航空局】東京国際空港水道自動検針装置用信号中継盤その他更新工事,国土交通省,1,0000000000000615505,0,,,,過去実績なし。仕様書からの積算が必要,https://www.nyusatsu.geps.go.jp/OMP/Accepter/index.jsp?PRM=0000000000000615505
巡視船の外国寄港に伴う行事等支援業務（国際刑事）,国土交通省,1,0000000000000615789,0,,,,過去実績なし。仕様書からの積算が必要,https://www.nyusatsu.geps.go.jp/OMP/Accepter/index.jsp?PRM=0000000000000615789
【東京航空局】東京国際空港制限表面障害物調査,国土交通省,1,0000000000000615969,1,2026-01-19,6850000,株式会社パスコ,落札実績オープンデータ（同一事業と判定）,https://www.nyusatsu.geps.go.jp/OMP/Accepter/index.jsp?PRM=0000000000000615969
国際連携及びAI活用によるサイバー脅威インテリジェンス収集・分析基盤の高度化に向けた調査研究,総務省,1,0000000000000615999,0,,,,過去実績なし。仕様書からの積算が必要,https://www.nyusatsu.geps.go.jp/OMP/Accepter/index.jsp?PRM=0000000000000615999
東京国際空港用12500立級化学消防車2台アンダーミラー交換作業（東京航空局 東京空港事務所）,国土交通省,1,0000000000000616335,0,,,,過去実績なし。仕様書からの積算が必要,https://www.nyusatsu.geps.go.jp/OMP/Accepter/index.jsp?PRM=0000000000000616335
【東京航空局】東京国際空港照明共同溝詳細設計検討業務,国土交通省,1,0000000000000616611,0,,,,過去実績なし。仕様書からの積算が必要,https://www.nyusatsu.geps.go.jp/OMP/Accepter/index.jsp?PRM=0000000000000616611
【東京航空局】東京国際空港航空灯火・電力監視制御装置改良外4件実施設計,国土交通省,1,0000000000000616612,3,2026-01-27,311000000,株式会社東芝,落札実績オープンデータ（同一事業と判定）,https://www.nyusatsu.geps.go.jp/OMP/Accepter/index.jsp?PRM=0000000000000616612
【東京航空局】東京国際空港ＦＣ－１キュービクル製造据付外4件実施設計,国土交通省,1,0000000000000616614,0,,,,過去実績なし。仕様書からの積算が必要,https://www.nyusatsu.geps.go.jp/OMP/Accepter/index.jsp?PRM=0000000000000616614
関西国際空港第2TAPS-EQ室空気調和設備工事,国土交通省,1,0000000000000616704,0,,,,過去実績なし。仕様書からの積算が必要,https://www.nyusatsu.geps.go.jp/OMP/Accepter/index.jsp?PRM=0000000000000616704
令和8年度 東京国際空港擁壁定期点検調査（東京航空局 東京空港事務所）,国土交通省,1,0000000000000616928,0,,,,過去実績なし。仕様書からの積算が必要,https://www.nyusatsu.geps.go.jp/OMP/Accepter/index.jsp?PRM=0000000000000616928
令和８年度 東京国際空港地下道定期点検調査（東京航空局 東京空港事務所）,国土交通省,1,0000000000000616997,0,,,,過去実績なし。仕様書からの積算が必要,https://www.nyusatsu.geps.go.jp/OMP/Accepter/index.jsp?PRM=0000000000000616997
令和８年度 東京国際空港環境配慮状況調査（東京航空局 東京空港事務所）,国土交通省,1,0000000000000617051,2,2025-06-30,3480000,一般財団法人九州環境管理協会,落札実績オープンデータ（同一事業と判定）,https://www.nyusatsu.geps.go.jp/OMP/Accepter/index.jsp?PRM=0000000000000617051
08-0042-0100 情報通信分野における国際標準化活動促進関連活動に関する事務請負,総務省,1,0000000000000617946,0,,,,過去実績なし。仕様書からの積算が必要,https://www.nyusatsu.geps.go.jp/OMP/Accepter/index.jsp?PRM=0000000000000617946
シンポジウム「国際シンポジウム２０２７（仮称）」における企画支援業務,財務省,1,0000000000000618170,0,,,,過去実績なし。仕様書からの積算が必要,https://www.nyusatsu.geps.go.jp/OMP/Accepter/index.jsp?PRM=0000000000000618170
東京国際空港消防東庁舎屋上受水槽流入管洗浄作業（東京航空局 東京空港事務所）,国土交通省,1,0000000000000618316,0,,,,過去実績なし。仕様書からの積算が必要,https://www.nyusatsu.geps.go.jp/OMP/Accepter/index.jsp?PRM=0000000000000618316
東京国際空港消防東庁舎屋上受水槽流入管洗浄作業（東京航空局 東京空港事務所）,国土交通省,1,0000000000000618325,0,,,,過去実績なし。仕様書からの積算が必要,https://www.nyusatsu.geps.go.jp/OMP/Accepter/index.jsp?PRM=0000000000000618325
【東京航空局】東京国際空港非常用機器保管庫新築工事,国土交通省,1,0000000000000618653,0,,,,過去実績なし。仕様書からの積算が必要,https://www.nyusatsu.geps.go.jp/OMP/Accepter/index.jsp?PRM=0000000000000618653
国際緊急援助活動用等画像データ,防衛省,1,0000000000000618658,0,,,,過去実績なし。仕様書からの積算が必要,https://www.nyusatsu.geps.go.jp/OMP/Accepter/index.jsp?PRM=0000000000000618658
【本省】令和８年度内外一体の経済成長戦略構築にかかる国際経済調査事業（戦略的な高度外国人材受入れに向けた市場・実態調査）,経済産業省,1,0000000000000618747,43,2026-08-05,13000000,ＰｗＣコンサルティング合同会社,落札実績オープンデータ（同一事業と判定）,https://www.nyusatsu.geps.go.jp/OMP/Accepter/index.jsp?PRM=0000000000000618747
２０２７年国際園芸博覧会安全確保事業 一式,国土交通省,1,,0,,,,過去実績なし。仕様書からの積算が必要,https://www.p-portal.go.jp/pps-web-biz/UAA01/OAA0100?OAA0115
ハローワークのブランド価値向上に資するサービス環境整備事業,厚生労働省,1,0000000000000616834,0,,,,過去実績なし。仕様書からの積算が必要,https://www.nyusatsu.geps.go.jp/OMP/Accepter/index.jsp?PRM=0000000000000616834
著名人や著名なキャラクターを起用した都道府県警察採用に関する情報発信・広報事業,国家公安委員会（警察庁）,0,0000000000000613257,0,,,,過去実績なし。仕様書からの積算が必要,https://www.nyusatsu.geps.go.jp/OMP/Accepter/index.jsp?PRM=0000000000000613257
【東北地整 北上川ダム統管】御所ダム情報発信環境整備業務,国土交通省,0,0000000000000616252,0,,,,過去実績なし。仕様書からの積算が必要,https://www.nyusatsu.geps.go.jp/OMP/Accepter/index.jsp?PRM=0000000000000616252
科学技術政策に係る国民の関心喚起と参画促進のための情報発信等の委託,内閣府,0,0000000000000616261,1,2025-03-13,35000000,株式会社ＮＴＴデータ経営研究所,落札実績オープンデータ（同一事業と判定）,https://www.nyusatsu.geps.go.jp/OMP/Accepter/index.jsp?PRM=0000000000000616261
通訳案内士の認知度向上に向けた情報発信業務,国土交通省,0,,0,,,,過去実績なし。仕様書からの積算が必要,https://www.p-portal.go.jp/pps-web-biz/UAA01/OAA0100?OAA0115
令和４年度瀬戸内海国立公園誘客ツール冊子データ制作業務,環境省,0,0000000000000332713,0,,,,過去実績なし。仕様書からの積算が必要,https://www.nyusatsu.geps.go.jp/OMP/Accepter/index.jsp?PRM=0000000000000332713
（企画競争の事前公示）令和８年度ウポポイへの誘客促進支援業務（豪州市場）,国土交通省,0,,0,,,,過去実績なし。仕様書からの積算が必要,https://www.p-portal.go.jp/pps-web-biz/UAA01/OAA0100?OAA0115
令和８年度ウポポイへの誘客促進支援業務（豪州市場）,国土交通省,0,,0,,,,過去実績なし。仕様書からの積算が必要,https://www.p-portal.go.jp/pps-web-biz/UAA01/OAA0100?OAA0115
登記情報システム用印刷装置（令和８年度更新分）に係る消耗品（キヤノンマーケティングジャパン株式会社製トナー）の供給 一式,法務省,0,0000000000000611967,5,2026-03-05,57405750,富士フイルムビジネスイノベーションジャパン株式会社,落札実績オープンデータ（同一事業と判定）,https://www.nyusatsu.geps.go.jp/OMP/Accepter/index.jsp?PRM=0000000000000611967
