チャネルID,名称,URL,発注主体の型,用途,紐づく制度ID,取得方法,巡回頻度_日,最終巡回日,最終取得件数,状態,なぜ必要か
chancenavi,ビジネスチャンス・ナビ2020,https://www.chancenavi.jp/bcn/,登録制ポータル,案件探索,,curl＋ログイン（bin/chancenavi.py）,1,2026-09-16,,未巡回,**登録必須を「見られない」と誤断定し、どのスクリプトも一度も叩いていなかった。トップページに案件が公開されている。2026-09-15 に TOKYO LIGHTS 等4件の未登録を検出**／**2026-09-16：トップの「入札・発注情報エリア」は回転表示であることが判明。**朝8時に見えたねんりんピック2件（PRブース出展・宿泊輸送）と東京iCDCフォーラムは、同日16時には消えていた。**1回の掃引では母集団の一部しか見えない。**だから観測を data/sweep_log.csv に毎回追記する。**詳細と締切はログイン後の「入札・発注案件を探す」でしか取れない。**／**2026-09-16：生島様より認証情報を頂き、ログインの機械化に成功した**（`bin/chancenavi.py`）。作法＝GET /bcnc/ → POST cab0101/validate に`X-Requested-With: XMLHttpRequest` → GET caa0101 で token → 以降は token 付き POST。**GET で画面IDを叩くとタイムアウトになる。1回でも想定外の遷移をするとセッションが即死する。****案件検索の画面IDは未解明**（タブ内のJSから開くため HTML に URL が出てこない）
tokyo-sangyo-rodo,東京都 産業労働局 観光部 公募・募集,https://www.sangyo-rodo.metro.tokyo.lg.jp/tourism/shisaku/,実行委員会・局直営,案件探索,,curl,3,,,未巡回,**TOKYO LIGHTS 2027（実行委員会）はここに出た。電子調達システムには載らない**
tokyo-startup,東京都 スタートアップ戦略推進本部 事業者募集,https://www.startupandglobalfinancialcity.metro.tokyo.lg.jp/startup/initiatives/,局直営,案件探索,,curl,3,,,未巡回,**SusHi Tech Tokyo 2027 はここに出た。仕様説明会の参加申請が先行関門**
tokyo-procurement,東京都 電子調達システム（発注予定・入札経過）,https://www.e-procurement.metro.tokyo.lg.jp/,自治体本体,案件探索,,POST(CP932),7,,,巡回中,既存。**都本体の契約だけ。実行委員会・協議会の案件はここに載らない**／**2026-09-16：このシステムに「入札公告の一覧」は無い。**メニューは 東京都公報特定調達公告版／年間発注予定／発注予定／入札(見積)経過／入札結果一覧／有資格者名簿 のみ。**公告そのものは東京都公報（特定調達公告版・財務局発行）に出る**
expo2027,2027年国際園芸博覧会協会 契約情報,https://expo2027yokohama.or.jp/contract/,協会,案件探索,,curl,3,,,巡回中,既存。最重点
jgrants,jGrants 公開API（補助金の全国横断）,https://api.jgrants-portal.go.jp/exp/v1/public/subsidies,省庁・自治体,案件探索,,API,3,,,巡回中,既存。**補助金はここに集まる。ただし国の大型制度は自前サイトのみのことがある**
monodukuri,ものづくり補助金 総合サイト,https://portal.monodukuri-hojo.jp/,省庁（事務局）,制度更新,monodukuri-global,curl,7,,,未巡回,"**グローバル枠 上限3,000万円。台帳・巡回先に1件も無かった**"
jizokuka-ci,持続化補助金＜一般型・通常枠＞商工会議所地区,https://r6.jizokukahojokin.info/,省庁（事務局）,制度更新,jizokuka-ippan-20,curl,7,,,未巡回,**第20回。事業支援計画書(様式4)12/4 が実質の関門**
jizokuka-ca,持続化補助金＜一般型・通常枠＞商工会地区,https://official.jizokukanb.com/,省庁（事務局）,制度更新,jizokuka-ippan-20,curl,7,,,未巡回,同上（地区で事務局が分かれる）
jetro-proc,ジェトロ 調達・公募情報,https://www.jetro.go.jp/procurement/,独法,案件探索,,curl,3,,,巡回中,既存
smrj-proc,中小機構 調達・公募情報,https://www.smrj.go.jp/procurement/,独法,案件探索,,curl,7,,,未巡回,**旧 JAPANブランドの巡回先として名前だけあった。実際のURLは未確認だった**
chisou-mirai,内閣府 地域未来交付金,https://www.chisou.go.jp/sousei/about/chiikimiraikoufukin/index.html,省庁,制度更新,chiiki-mirai,curl,30,2026-09-15,3434,巡回中,2026-09-15 追加。案件の財源＝先行指標
kankocho,観光庁 公募情報,https://www.mlit.go.jp/kankocho/,国の機関,案件探索,,curl,1,,,現存,**2026-09-24 まで一度も巡回していなかった。**当社の本業である「出展事業」の公募が実際に出ている（日シンガポール外交関係樹立60周年イベント SJ60 共同出展地域の公募・2026-09-02 正午で終了）。加えてインバウンド関連の補助金は自治体・DMOが受け、その執行が当社の受託業務になる。**財源と発注の両方がここに出る**
bunkacho,文化庁 補助金・公募情報,https://www.bunka.go.jp/shinsei_boshu/kobo/index.html,国の機関,案件探索,,curl,1,,,現存,**案件台帳には文化庁の案件が既に3件あるのに（第42回国民文化祭 分野別フェスティバル・無形文化遺産保護条約に係る国際動向調査ほか）、巡回先の一覧に文化庁が無かった。**拾えていたのは他経路からの偶然である
tokyo-kosha-josei,東京都中小企業振興公社 助成金,https://www.tokyo-kosha.or.jp/support/josei/index.html,公社・外郭団体,案件探索,,curl,3,,,現存,公社の**委託**（東京手仕事・伝統工芸品展ほか）は台帳で監視しているが、**助成金の面は見ていなかった。**産地・事業者に使わせる原資であり、当社の提案の裏付けになる
vipo,VIPO（映像産業振興機構）補助金事業,https://vipo.or.jp/j-lod/,公益法人,制度更新,vipo-ip360,curl,7,,,現存,**J-LOD は「過去の補助金事業」へ移っており現行ではない。**後継の IP360 補助金ほかへ入れ替わっている。名称の入れ替わりを人が見るための定点
tokyo-shoko,東京都 産業労働局 商工部（産業交流展ほか）,https://www.sangyo-rodo.metro.tokyo.lg.jp/chushou/shoko/,都道府県／実行委員会,案件探索,,curl,1,,,現存,"**2026-10-01 まで一度も巡回していなかった。**巡回先には観光部（tokyo-sangyo-rodo）しか入っておらず、商工部は別の課である。ここに**産業交流展の企画・運営等業務（前回契約額 2億6,000万円）が2022年度から毎年出ている**のに、台帳に1件も無かった。発注は産業交流展実行委員会で、電子調達システムには載らない。"
jc-7d55520b,北海道 入札・調達・売却,https://www.pref.hokkaido.lg.jp/category/d003/,都道府県,案件探索,,curl,1,,9,現存,2026-10-05、bin/discover_channels.py が自動発見。**案件行が9件とれることを実測したURLのみ採用している。**見出しの例＝入札・調達・売却 / レンタカー利用契約(R8.9.29開札_一般競争入札)契約マネジメントセンター / 令和8年度（2026年度）道産木材を活用した庁舎木質化
jc-21eaf913,北海道 入札結果等の公表（漁業管理課）水産林務部漁業管理課,https://www.pref.hokkaido.lg.jp/sr/ggk/nyuusatukekka.html,都道府県,案件探索,,curl,1,,16,現存,2026-10-05、bin/discover_channels.py が自動発見。**案件行が16件とれることを実測したURLのみ採用している。**見出しの例＝入札・調達・売却 / 令和８年度ＡＩドローンによる密漁監視実証実験委託業務（終了） / 入札結果記録表(HP) (PDF 49.7KB)
jc-975fabaf,青森県 補助金・助成金,https://www.pref.aomori.lg.jp/hojokin/index.html,都道府県,案件探索,,curl,1,,9,現存,2026-10-05、bin/discover_channels.py が自動発見。**案件行が9件とれることを実測したURLのみ採用している。**見出しの例＝補助金・助成金の新着情報一覧 / 青森県トラック運送事業者物価高騰対策事業費補助金（令和8年度第2弾）のお知らせ  / 【公募開始】事業用自家消費型太陽光発電設
jc-e50bb648,青森県 公募・募集,https://www.pref.aomori.lg.jp/boshu/index.html,都道府県,案件探索,,curl,1,,5,現存,2026-10-05、bin/discover_channels.py が自動発見。**案件行が5件とれることを実測したURLのみ採用している。**見出しの例＝公募・募集の新着情報一覧 / 青森県内所在の防衛施設に係る入札等調達情報の発信 地域企業支援課 [2026年1 / 令和８年度障がい者の生涯学習プログラムの企画
jc-17b338cb,岩手県 その他入札情報,https://www.pref.iwate.jp/kensei/nyuusatsu/sonota/index.html,都道府県,案件探索,,curl,1,,244,現存,2026-10-05、bin/discover_channels.py が自動発見。**案件行が244件とれることを実測したURLのみ採用している。**見出しの例＝入札・コンペ・公募情報 / 【入札公告】令和9年県の施策に関する県民意識調査（補足調査）業務 / 【入札公告】令和9年岩手県の東日本大震災津波からの復興に関する
jc-6e863c2c,岩手県 岩手県立釜石病院新築工事基本設計業務に係る公募型プロポーザルに関する質問回答につ,https://www.pref.iwate.jp/kensei/nyuusatsu/compe/sanka/1102077.html,都道府県,案件探索,,curl,1,,681,現存,2026-10-05、bin/discover_channels.py が自動発見。**案件行が681件とれることを実測したURLのみ採用している。**見出しの例＝入札・コンペ・公募情報 / 【公告】岩手県立釜石病院新築工事基本設計業務に係る公募型プロポーザルの実施につい / 岩手県立黒沢尻工業高等学校半導体実習施設整備事
jc-0292d5f7,宮城県 令和8年度訪問介護等サービス提供体制確保支援事業補助金について,https://www.pref.miyagi.jp/soshiki/chouju/houmonkaigo/r8.html,都道府県,案件探索,,curl,1,,15,現存,2026-10-05、bin/discover_channels.py が自動発見。**案件行が15件とれることを実測したURLのみ採用している。**見出しの例＝訪問介護等サービス提供体制確保支援事業補助金交付要綱（PDF：295KB） / 【追加】令和８年度訪問介護等サービス提供体制確保支援事業 補助金に関するＱ＆Ａ【
jc-ab6088a2,宮城県 「令和8年度内定者交流会及び県外出身大学生向けバスツアー実施業務」の企画提案募集,https://www.pref.miyagi.jp/soshiki/zinzi/proposal/08kouryukai_bustour.html,都道府県,案件探索,,curl,1,,8,現存,2026-10-05、bin/discover_channels.py が自動発見。**案件行が8件とれることを実測したURLのみ採用している。**見出しの例＝企画提案募集要領（PDF：522KB）（別ウィンドウで開きます） / （別紙）企画提案に係る仕様書（PDF：918KB）（別ウィンドウで開きます） / 企画提案
jc-2c2542df,秋田県 電子手続き・入札・補助金等,https://www.pref.akita.lg.jp/pages/genre/11700,都道府県,案件探索,,curl,1,,6,現存,2026-10-05、bin/discover_channels.py が自動発見。**案件行が6件とれることを実測したURLのみ採用している。**見出しの例＝電子手続き・入札・補助金等 / 電子入札・入札・コンペの関連ジャンル / 建設工事・建設コンサルタント業務
jc-61762f98,秋田県 「秋田県再エネ工業団地（下新城地区）電力供給事業」中核事業者等募集における公募型,https://www.pref.akita.lg.jp/pages/archive/96269,都道府県,案件探索,,curl,1,,157,現存,2026-10-05、bin/discover_channels.py が自動発見。**案件行が157件とれることを実測したURLのみ採用している。**見出しの例＝電子手続き・入札・補助金等 / 電子入札・入札・コンペ / １．秋田県再エネ工業団地（下新城地区）電力供給事業中核事業者等 募集要項（令和8
jc-733fb04d,福島県 入札・契約情報の一覧を見る,https://www.pref.fukushima.lg.jp/sec/list10-1.html,都道府県,案件探索,,curl,1,,22,現存,2026-10-05、bin/discover_channels.py が自動発見。**案件行が22件とれることを実測したURLのみ採用している。**見出しの例＝建設工事、その他一般競争入札等の公告・結果について / 条件付き一般競争入札等の公告等について（物品購入・修繕・工事・業務委託） / 公共工事条件付一般競争入札
jc-c50da4f9,福島県 条件付き一般競争入札等の公告等について（物品購入・修繕・工事・業務委託）,https://www.pref.fukushima.lg.jp/site/minamiaidu-hp/nyusatsujoho-buppinsyuuzen.html,都道府県,案件探索,,curl,1,,83,現存,2026-10-05、bin/discover_channels.py が自動発見。**案件行が83件とれることを実測したURLのみ採用している。**見出しの例＝入札公告等に関する回答書の閲覧はこちら / 入札公告 [PDFファイル／187KB] / 入札説明書 [PDFファイル／267KB]
jc-bdc8673d,茨城県 入札情報,https://www.pref.ibaraki.jp/shiru/nyusatsu-chotatsu/index.html,都道府県,案件探索,,curl,1,,10,現存,2026-10-05、bin/discover_channels.py が自動発見。**案件行が10件とれることを実測したURLのみ採用している。**見出しの例＝システムの入口（電子調達システム・入札情報サービス） / 入札手続き関連（物品・役務） / 入札参加資格申請（物品・役務）
jc-c493f5c2,茨城県 助成・支援金,https://www.pref.ibaraki.jp/joseikinshienkin/index.html,都道府県,案件探索,,curl,1,,8,現存,2026-10-05、bin/discover_channels.py が自動発見。**案件行が8件とれることを実測したURLのみ採用している。**見出しの例＝自立・分散型エネルギー設備（家庭用蓄電池）導入促進事業費補助金 / 地域公共交通経営改善支援事業費補助金について / 茨城県医療的ケア児施設開設準備支援事業費補
jc-ca889dfa,栃木県 入札・公売,https://www.pref.tochigi.lg.jp/kensei/nyuusatsu/index.html,都道府県,案件探索,,curl,1,,9,現存,2026-10-05、bin/discover_channels.py が自動発見。**案件行が9件とれることを実測したURLのみ採用している。**見出しの例＝入札・公募（公共事業） / 入札・公募（広告掲載） / 入札・公募（業務委託）
jc-ae9f822e,群馬県 入札・公売・公募情報,https://www.pref.gunma.jp/adv/ba.php?id=14,都道府県,案件探索,,curl,1,,12,現存,2026-10-05、bin/discover_channels.py が自動発見。**案件行が12件とれることを実測したURLのみ採用している。**見出しの例＝入札／公売／公募 / 【公募】令和8年度建設事業者向け外国人材受入れセミナー実施業務委託に係る公募型プ / 【落札公告】群馬県技能検定場LED照明器具賃貸借に係
jc-1bedba1f,埼玉県 電子入札 総合案内,https://www.pref.saitama.lg.jp/a0212/densinyusatsu/index.html,都道府県,案件探索,,curl,1,,11,現存,2026-10-05、bin/discover_channels.py が自動発見。**案件行が11件とれることを実測したURLのみ採用している。**見出しの例＝埼玉県電子入札総合案内トップページ（システム入口） / 電子入札を始めるための準備 / 利用規約／電子入札運用基準／ウェブアクセシビリティ
jc-d2762bb9,千葉県 中小企業者向け助成金,https://www.pref.chiba.lg.jp/keisei/zaisei/shiensaku.html,都道府県,案件探索,,curl,1,,10,現存,2026-10-05、bin/discover_channels.py が自動発見。**案件行が10件とれることを実測したURLのみ採用している。**見出しの例＝助成金｜公益財団法人千葉県産業振興センターホームページ / 千葉県地域課題解決型起業支援事業補助金 / 千葉県 医療機器等開発支援補助金
jc-2c4549c5,千葉県 ちば電子調達システム,https://www.pref.chiba.lg.jp/jousei/kensetsukouji/system/index.html,都道府県,案件探索,,curl,1,,4,現存,2026-10-05、bin/discover_channels.py が自動発見。**案件行が4件とれることを実測したURLのみ採用している。**見出しの例＝電子入札システム設定手順（別ウインドウで表示） / 「ちば電子調達システム」入札参加資格審査申請様式のページ（別ウインドウで表示） / 千葉県の入札・契約（建設
jc-3e9caab1,東京都 助成・補助金,https://www.metro.tokyo.lg.jp/purpose/grant?utm_source=search&amp;utm_medium=internal&amp;utm_id=sidebar,都道府県,案件探索,,curl,1,,3,現存,2026-10-05、bin/discover_channels.py が自動発見。**案件行が3件とれることを実測したURLのみ採用している。**見出しの例＝ほかの助成・補助金に関する記事を探す / 補助金（財務局） / ポータルサイト「My TOKYO」個人向け新着記事（助成・補助金）
jc-bd9c6925,東京都 公募・募集,https://www.metro.tokyo.lg.jp/purpose/opencall?utm_source=search&amp;utm_medium=internal&amp;utm_id=sidebar,都道府県,案件探索,,curl,1,,3,現存,2026-10-05、bin/discover_channels.py が自動発見。**案件行が3件とれることを実測したURLのみ採用している。**見出しの例＝ほかの「公募・募集」に関する記事を探す / ポータルサイト「My TOKYO」個人向け新着記事（公募・募集） / ポータルサイト「My TOKYO」事業者向け新
jc-69e3932b,新潟県 入札・発注・売却,https://www.pref.niigata.lg.jp/life/sub/8/,都道府県,案件探索,,curl,1,,16,現存,2026-10-05、bin/discover_channels.py が自動発見。**案件行が16件とれることを実測したURLのみ採用している。**見出しの例＝入札・発注・売却 / クロスチェーンの購入（一般競争入札、入札日10月21日）上越地域整備部 / 入札結果「冷温水発生機の分解点検整備業務委託」（入札日令和8年
jc-9dc718cc,新潟県 補助・助成・融資,https://www.pref.niigata.lg.jp/life/sub/5/,都道府県,案件探索,,curl,1,,11,現存,2026-10-05、bin/discover_channels.py が自動発見。**案件行が11件とれることを実測したURLのみ採用している。**見出しの例＝入札・発注・売却 / 補助金のお知らせ（克雪すまいづくり支援事業・命綱固定アンカー普及促進事業） / ビジネス変革応援事業補助金のページは移行しました。
jc-821444d4,福井県 助成・融資,https://www.pref.fukui.lg.jp/objective-info/aiding/index.html,都道府県,案件探索,,curl,1,,34,現存,2026-10-05、bin/discover_channels.py が自動発見。**案件行が34件とれることを実測したURLのみ採用している。**見出しの例＝令和８年度生産性向上推進事業補助金の三次募集について / 【申請受付中】令和８年度交通事業者・福祉施設等への緊急支援事業（電気料・燃料価格 / 【申請受付中】令
jc-0c844b57,福井県 物品等(電子入札),https://www.pref.fukui.lg.jp/doc/kaikei/buppin.html,都道府県,案件探索,,curl,1,,13,現存,2026-10-05、bin/discover_channels.py が自動発見。**案件行が13件とれることを実測したURLのみ採用している。**見出しの例＝福井県会計局会計課（集中調達案件）の一般競争入札の新着情報 / 入札心得（物品等電子入札用）（PDF） / 福井県物品等電子入札運用基準（PDF）
jc-2fb637a4,山梨県 複数現場整理作業に係るノートパソコン等賃貸借の一般競争入札公告,https://www.pref.yamanashi.jp/shinchaku/kouko-hak/hukusuu_pc_simoki_koukoku2.html,都道府県,案件探索,,curl,1,,5,現存,2026-10-05、bin/discover_channels.py が自動発見。**案件行が5件とれることを実測したURLのみ採用している。**見出しの例＝入札・公共事業関係 / 入札・契約・結果 / 公告（入札・公売等）
jc-b05de470,長野県 入札・調達,https://www.pref.nagano.lg.jp/kensei/nyusatsu/index.html,都道府県,案件探索,,curl,1,,14,現存,2026-10-05、bin/discover_channels.py が自動発見。**案件行が14件とれることを実測したURLのみ採用している。**見出しの例＝公共工事入札・契約情報 / 競争入札参加資格（建設工事等） / 物品・委託等調達情報
jc-7b6a4a8c,岐阜県 入札・公売,https://www.pref.gifu.lg.jp/site/bid/,都道府県,案件探索,,curl,1,,37,現存,2026-10-05、bin/discover_channels.py が自動発見。**案件行が37件とれることを実測したURLのみ採用している。**見出しの例＝公園工第交R8-1号 公共 都市公園事業（交付金） 養老公園不動橋 橋梁補修工事 / 【建設工事】公交工第R8HT-05-02-1号 / 公共 通学路緊急対策補
jc-3888e315,岐阜県 補助金・優遇制度情報,https://www.pref.gifu.lg.jp/life/sub/10/,都道府県,案件探索,,curl,1,,4,現存,2026-10-05、bin/discover_channels.py が自動発見。**案件行が4件とれることを実測したURLのみ採用している。**見出しの例＝令和8年度未来の農業を拓く海外販路構築支援事業補助金 / 岐阜県高齢者施設等防災・減災対策等補助金 / 香港バイヤーとの個別商談会の参加事業者を募集します
jc-4f9eea0b,静岡県 入札・公募・公売,https://www.pref.shizuoka.jp/kensei/nyusatsukobai/index.html,都道府県,案件探索,,curl,1,,19,現存,2026-10-05、bin/discover_channels.py が自動発見。**案件行が19件とれることを実測したURLのみ採用している。**見出しの例＝入札・公募・公売 / 入札情報（建設工事） / 静岡県電子入札システムポータルサイト（外部リンク）
jc-c7bec3b1,愛知県 入札・契約・公売,https://www.pref.aichi.jp/adv/ba.php?id=609,都道府県,案件探索,,curl,1,,37,現存,2026-10-05、bin/discover_channels.py が自動発見。**案件行が37件とれることを実測したURLのみ採用している。**見出しの例＝元愛知県立海翔高等学校及び元愛知県立尾西高等学校跡地売却に向けた公募型プロポーザ / 【質問及び回答を追加しました】「2026年度AI活用農業地域展開促進業務」
jc-95fede88,愛知県 電子調達（物品等）,https://www.pref.aichi.jp/adv/ba.php?id=654,都道府県,案件探索,,curl,1,,5,現存,2026-10-05、bin/discover_channels.py が自動発見。**案件行が5件とれることを実測したURLのみ採用している。**見出しの例＝入札・契約・公売情報 / 入札参加資格申請システム（物品等）について / 電子入札システム（物品等）について
jc-176b7b5b,三重県 電子入札,https://www.pref.mie.lg.jp/ebid-mie/index.htm,都道府県,案件探索,,curl,1,,3,現存,2026-10-05、bin/discover_channels.py が自動発見。**案件行が3件とれることを実測したURLのみ採用している。**見出しの例＝入札参加資格及び落札資格等 / 低入札価格調査（物件） / 企画提案コンペ情報
jc-3db1dbfe,滋賀県 事業者向け支援・助成・補助,https://www.pref.shiga.lg.jp/menu/14977.html,都道府県,案件探索,,curl,1,,21,現存,2026-10-05、bin/discover_channels.py が自動発見。**案件行が21件とれることを実測したURLのみ採用している。**見出しの例＝滋賀県物価高騰対策大学連携プロジェクト研究補助金の募集について（３次募集） / 不登校等の子ども相談支援強化事業補助金の追加申請について / 首都圏バイヤーとの
jc-8e3383a2,滋賀県 入札関連情報,https://www.pref.shiga.lg.jp/menu/14968.html,都道府県,案件探索,,curl,1,,6,現存,2026-10-05、bin/discover_channels.py が自動発見。**案件行が6件とれることを実測したURLのみ採用している。**見出しの例＝公告一覧（物品・役務） / 森林整備等入札公告一覧 / 入札等に関する質問および回答
jc-c394475f,京都府 入札・プロポーザル情報一覧を見る,https://www.pref.kyoto.jp/shinchaku/nyusatsu/index.html,都道府県,案件探索,,curl,1,,37,現存,2026-10-05、bin/discover_channels.py が自動発見。**案件行が37件とれることを実測したURLのみ採用している。**見出しの例＝令和8年度原子力防災活動資機材保守点検及び補修業務に係る一般競争入札の実施につい / 京都府総合庁舎等及び京都府立学校等の電力調達入札について / 府営住宅退去
jc-272af304,京都府 府営住宅退去者滞納家賃等の回収業務委託に係る入札について,https://www.pref.kyoto.jp/jutaku/news/2022bengoshiitaku.html,都道府県,案件探索,,curl,1,,7,現存,2026-10-05、bin/discover_channels.py が自動発見。**案件行が7件とれることを実測したURLのみ採用している。**見出しの例＝入札公告（PDF：243KB） / 入札書封筒の作成について（PDF：376KB） / 業務処理要領（PDF：107KB）
jc-2262b9f5,兵庫県 入札・公売情報,https://web.pref.hyogo.lg.jp/pref/cate3_625.html,都道府県,案件探索,,curl,1,,17,現存,2026-10-05、bin/discover_channels.py が自動発見。**案件行が17件とれることを実測したURLのみ採用している。**見出しの例＝【お知らせ】受託業務の再委託等に関する取扱いについて（PDF：177KB） / 入札情報サービス（土木部、まちづくり部、農林水産部、環境部、企業庁関連） / 委
jc-a908361f,和歌山県 入札情報一覧へ,https://www.pref.wakayama.lg.jp/whatsnew/nyusatsu.html,都道府県,案件探索,,curl,1,,268,現存,2026-10-05、bin/discover_channels.py が自動発見。**案件行が268件とれることを実測したURLのみ採用している。**見出しの例＝公共工事等入札・契約情報 / (公共工事等入札情報システム) / (公共工事等電子入札システム)
jc-a528cdfe,和歌山県 10月1日 【申請受付中】和歌山県物品・役務の入札参加資格に係る新規・更新申請の,https://www.pref.wakayama.lg.jp/prefg/120200/d00222283.html,都道府県,案件探索,,curl,1,,7,現存,2026-10-05、bin/discover_channels.py が自動発見。**案件行が7件とれることを実測したURLのみ採用している。**見出しの例＝業務種目及び担当課一覧はこちらをご確認ください / 和歌山県物品の購入、役務の提供等の契約に係る競争入札参加資格審査申請の手引き【電 / 和歌山県物品の購入、役
jc-00a70928,鳥取県 【１０月１日公告】公有財産の売却に係る一般競争入札（鳥取市内１物件）,https://www.pref.tottori.lg.jp/325578.htm,都道府県,案件探索,,curl,1,,3,現存,2026-10-05、bin/discover_channels.py が自動発見。**案件行が3件とれることを実測したURLのみ採用している。**見出しの例＝現在入札公告中の物件（令和８年度） / 業務適正化の取組 / 入札公告 (pdf:90KB)
jc-5f97f41b,鳥取県 【調達公告】令和８年度鳥取県庁内LANネットワーク機器賃貸借,https://www.pref.tottori.lg.jp/330492.htm,都道府県,案件探索,,curl,1,,3,現存,2026-10-05、bin/discover_channels.py が自動発見。**案件行が3件とれることを実測したURLのみ採用している。**見出しの例＝【調達公告】令和８年度鳥取県庁内LANネットワーク機器賃貸借 / 調達公告(pdf:187KB) / 入札説明書(pdf:236KB)
jc-2b528a4a,島根県 入札情報,https://www.pref.shimane.lg.jp/bid_info/,都道府県,案件探索,,curl,1,,15,現存,2026-10-05、bin/discover_channels.py が自動発見。**案件行が15件とれることを実測したURLのみ採用している。**見出しの例＝電子入札システムポータルサイト（外部サイト） / 物品の売買、借入れ等に関する入札参加資格の申請及び変更届のページへ / 庁舎の清掃業務、警備業務等の委託、電気
jc-0fdee3ee,島根県 【企業局経営課】江津高野山風力発電所の譲渡に係る一般競争入札について掲載しました,https://www.pref.shimane.lg.jp/bid_info/bid_kigyo/takanoyama.html,都道府県,案件探索,,curl,1,,6,現存,2026-10-05、bin/discover_channels.py が自動発見。**案件行が6件とれることを実測したURLのみ採用している。**見出しの例＝入札公告（企業局） / 様式１（入札参加資格審査申請書） / 様式３（入札参加資格に関する誓約書）
jc-76cc62ef,岡山県 物品調達,https://www.pref.okayama.jp/adv/ba.php?id=129,都道府県,案件探索,,curl,1,,38,現存,2026-10-05、bin/discover_channels.py が自動発見。**案件行が38件とれることを実測したURLのみ採用している。**見出しの例＝岡山県立美術館で使用する電気の調達に係る一般競争入札(条件付)への質問について / 一般競争入札（条件付）を更新しました / 岡山県立倉敷南高等学校 情報教室教
jc-f3f16126,岡山県 入札・業務委託,https://www.pref.okayama.jp/adv/ba.php?id=131,都道府県,案件探索,,curl,1,,28,現存,2026-10-05、bin/discover_channels.py が自動発見。**案件行が28件とれることを実測したURLのみ採用している。**見出しの例＝令和８年度総合防災訓練会場設営等業務委託について（公告） / 岡山県立美術館で使用する電気の調達に係る一般競争入札(条件付)への質問について / 【公告】海外で
jc-cefd9049,広島県 入札情報の一覧を見る,https://www.pref.hiroshima.lg.jp/soshiki/list15-1.html,都道府県,案件探索,,curl,1,,25,現存,2026-10-05、bin/discover_channels.py が自動発見。**案件行が25件とれることを実測したURLのみ採用している。**見出しの例＝一般競争入札 Myqa Accept 測定用ノートＰｃ （健康づくり推進課） / 庁用自動車６台のリース調達に係る一般競争入札（広島県東部こども家庭センター） 
jc-83212a5a,広島県 令和８年度 凍結防止剤の調達（北部総務事務所）,https://www.pref.hiroshima.lg.jp/site/nyusatsukeiyaku/touketuboushi8.html,都道府県,案件探索,,curl,1,,18,現存,2026-10-05、bin/discover_channels.py が自動発見。**案件行が18件とれることを実測したURLのみ採用している。**見出しの例＝入札・契約等調達関係の情報 / 公告の写し (PDFファイル)(248KB) / 入札説明書 (PDFファイル)(143KB)
jc-aa27ced5,山口県 入札・調達・売却,https://www.pref.yamaguchi.lg.jp/soshiki/list8-1.html,都道府県,案件探索,,curl,1,,23,現存,2026-10-05、bin/discover_channels.py が自動発見。**案件行が23件とれることを実測したURLのみ採用している。**見出しの例＝山口県漁業取締船「きらかぜ」の売却に係る一般競争入札の実施について / 公共施設台帳管理システム構築及び運用保守業務公募型プロポーザルの実施について / （物品
jc-f89cdc15,山口県 電子入札（物品調達等・業務委託）,https://www.pref.yamaguchi.lg.jp/soshiki/159/159750.html,都道府県,案件探索,,curl,1,,6,現存,2026-10-05、bin/discover_channels.py が自動発見。**案件行が6件とれることを実測したURLのみ採用している。**見出しの例＝電子入札システム（物品調達等・業務委託）入口 / 「山口県入札情報ポータルサイト・トップ【建設工事等】」 / 電子入札システム（物品調達等・業務委託）利用のため
jc-bce0cc0b,徳島県 入札・売却情報,https://www.pref.tokushima.lg.jp/ippannokata/nyusatsu/,都道府県,案件探索,,curl,1,,22,現存,2026-10-05、bin/discover_channels.py が自動発見。**案件行が22件とれることを実測したURLのみ採用している。**見出しの例＝物品等電子入札システムの事前準備・利用申請（物品） / 物品等電子入札システムトップページ（物品） / 令和3・4年度随時申請（有効期間:申請月翌々月1日から令
jc-cacb9b9d,徳島県 入札・調達売却,https://www.pref.tokushima.lg.jp/mokuteki/nyusatsu/,都道府県,案件探索,,curl,1,,22,現存,2026-10-05、bin/discover_channels.py が自動発見。**案件行が22件とれることを実測したURLのみ採用している。**見出しの例＝令和8-11年度随時申請（有効期間:申請月翌々月1日から令和11年9月30日まで / 一般（指名）競争入札参加資格審査申請書の記載事項の変更について（物品等） 
jc-38496418,香川県 令和8年度かがわ中小事業者CO2CO2（コツコツ）削減支援補助金,https://www.pref.kagawa.lg.jp/kankyoseisaku/chikyu/saiene/co2co2/r8kagawaco2co2.html,都道府県,案件探索,,curl,1,,14,現存,2026-10-05、bin/discover_channels.py が自動発見。**案件行が14件とれることを実測したURLのみ採用している。**見出しの例＝かがわ中小事業者CO2CO2削減支援補助金のチラシ（PDF：875KB） / かがわ中小事業者CO2CO2削減支援補助金交付要綱（PDF：292KB） / 令和
jc-0bb566d5,香川県 オンライン会議サービスライセンスの購入に係る一般競争入札について,https://www.pref.kagawa.lg.jp/digital/20261005_onlinemeeting.html,都道府県,案件探索,,curl,1,,78,現存,2026-10-05、bin/discover_channels.py が自動発見。**案件行が78件とれることを実測したURLのみ採用している。**見出しの例＝入札公告（PDF：249KB） / 入札説明書等交付申請書（ワード：19KB） / オンライン会議サービスライセンスの購入に係る一般競争入札について
jc-6a38f8fc,愛媛県 入札発注情報,https://www.pref.ehime.jp/adv/ba.php?id=13,都道府県,案件探索,,curl,1,,11,現存,2026-10-05、bin/discover_channels.py が自動発見。**案件行が11件とれることを実測したURLのみ採用している。**見出しの例＝愛媛県今治庁舎敷地の土壌汚染に関する状況調査等業務の入札結果について / 【公告】令和8年度空中写真撮影及び近赤外線解析等業務の入札案内 / 令和7・8年度特定
jc-351f23a0,愛媛県 【公告】令和8年度空中写真撮影及び近赤外線解析等業務の入札案内,https://www.pref.ehime.jp/site/nyusatsu/160388.html,都道府県,案件探索,,curl,1,,9,現存,2026-10-05、bin/discover_channels.py が自動発見。**案件行が9件とれることを実測したURLのみ採用している。**見出しの例＝入札説明書 [PDFファイル／133KB] / 入札者心得 [PDFファイル／144KB] / ［様式］入札参加資格確認書 [Wordファイル／33KB]
jc-e6397179,高知県 申請（電子申請を含む）・届出・補助金等,https://www.pref.kochi.lg.jp/category/mokuteki/shinsei_todokede_hojokin/,都道府県,案件探索,,curl,1,,69,現存,2026-10-05、bin/discover_channels.py が自動発見。**案件行が69件とれることを実測したURLのみ採用している。**見出しの例＝申請（電子申請を含む）・届出・補助金等 / 災害救助用備蓄物資（食料・白飯）の調達に係る一般競争入札について / 【災害救助用備蓄物資（毛布）の調達に係る一般競
jc-cb51bf87,高知県 入札情報,https://www.pref.kochi.lg.jp/category/bunya/shigoto_sangyo/nyusatsujoho/,都道府県,案件探索,,curl,1,,23,現存,2026-10-05、bin/discover_channels.py が自動発見。**案件行が23件とれることを実測したURLのみ採用している。**見出しの例＝令和８年度 関西・高知周遊促進事業等委託業務 公募型プロポーザルに関する質疑と回 / 令和８年度高知県集落調査委託業務に係る一般競争入札について / 高知県立あ
jc-f24f34a0,福岡県 入札・公募・公売,https://www.pref.fukuoka.lg.jp/life/8/63/,都道府県,案件探索,,curl,1,,30,現存,2026-10-05、bin/discover_channels.py が自動発見。**案件行が30件とれることを実測したURLのみ採用している。**見出しの例＝各種届出・申請（事業者指定・加算・補助金等）【事業者の皆さま向け】 / 入札・公募・公売 / 入札関係要領・様式等
jc-a9c655fb,福岡県 入札結果,https://www.pref.fukuoka.lg.jp/life/8/63/277/,都道府県,案件探索,,curl,1,,84,現存,2026-10-05、bin/discover_channels.py が自動発見。**案件行が84件とれることを実測したURLのみ採用している。**見出しの例＝各種届出・申請（事業者指定・加算・補助金等）【事業者の皆さま向け】 / 入札・公募・公売 / 入札関係要領・様式等
jc-414d416f,佐賀県 入札・補助金・公募事業,https://www.pref.saga.lg.jp/list00631.html,都道府県,案件探索,,curl,1,,16,現存,2026-10-05、bin/discover_channels.py が自動発見。**案件行が16件とれることを実測したURLのみ採用している。**見出しの例＝入札・補助金・公募事業 / 金融制度・補助金制度・セミナー / 建設工事関連 入札制度等
jc-5cddb6e1,佐賀県 金融制度・補助金制度・セミナー,https://www.pref.saga.lg.jp/list00633.html,都道府県,案件探索,,curl,1,,10,現存,2026-10-05、bin/discover_channels.py が自動発見。**案件行が10件とれることを実測したURLのみ採用している。**見出しの例＝入札・補助金・公募事業 / 金融制度・補助金制度・セミナー / 佐賀県造林補助金
jc-f3be20ba,長崎県 入札・調達情報,https://www.pref.nagasaki.jp/bunrui/kenseijoho/nyusatsu-chotatsujoho/,都道府県,案件探索,,curl,1,,4,現存,2026-10-05、bin/discover_channels.py が自動発見。**案件行が4件とれることを実測したURLのみ採用している。**見出しの例＝入札制度・入札参加資格申請 / 業務委託・賃貸借契約等公告 / 業務委託・賃貸借契約等結果
jc-94897d82,長崎県 令和9・10年度入札参加資格審査（定期申請）［県外建設工事］,https://www.pref.nagasaki.jp/doc/53352.html,都道府県,案件探索,,curl,1,,6,現存,2026-10-05、bin/discover_channels.py が自動発見。**案件行が6件とれることを実測したURLのみ採用している。**見出しの例＝長崎県入札参加資格電子申請システム / ★令和9・10年度長崎県建設工事入札参加資格申請要領【随時】(県外業者用) (D / ★長崎県建設工事入札参加資格電子申
jc-ce8402e4,熊本県 入札・契約・決算,https://www.pref.kumamoto.jp/life/6/34/,都道府県,案件探索,,curl,1,,13,現存,2026-10-05、bin/discover_channels.py が自動発見。**案件行が13件とれることを実測したURLのみ採用している。**見出しの例＝県の紹介・計画・入札 / 入札・契約・決算 / 令和8年度（2026年度）熊本県工事入札参加者資格（県内建設業者）の認定及び格付
jc-b179e714,熊本県 県の紹介・計画・入札,https://www.pref.kumamoto.jp/life/6/,都道府県,案件探索,,curl,1,,12,現存,2026-10-05、bin/discover_channels.py が自動発見。**案件行が12件とれることを実測したURLのみ採用している。**見出しの例＝県の紹介・計画・入札 / 入札・契約・決算 / 入札・契約・決算 入札や物品調達、県有地の売却・貸付などの情報をご覧になれます。
jc-ac029f1d,大分県 助成金・補助金,https://www.pref.oita.jp/life/sub/6/,都道府県,案件探索,,curl,1,,3,現存,2026-10-05、bin/discover_channels.py が自動発見。**案件行が3件とれることを実測したURLのみ採用している。**見出しの例＝令和８年度訪問介護事業所支援事業費補助金（介護人材・利用者確保のための広報活動に / 中小企業等エコエネルギー導入緊急支援事業費補助金 2次募集のお知らせ / 
jc-944a2e14,大分県 （落札業者決定）一般競争入札のお知らせ（令和８年度こども・子育て県民意識調査委託,https://www.pref.oita.jp/site/nyusatu-koubo/kodomotyousa2026.html,都道府県,案件探索,,curl,1,,8,現存,2026-10-05、bin/discover_channels.py が自動発見。**案件行が8件とれることを実測したURLのみ採用している。**見出しの例＝大分県共同利用型電子入札システムについて / 入札公告 [PDFファイル／198KB] / 入札説明書 [PDFファイル／337KB]
jc-a0ba87a6,宮崎県 庁舎等の設備維持管理業務委託（冷暖房設備の点検、保守及び整備）の条件付一般競争入,https://www.pref.miyazaki.lg.jp/zaisansogokanri/kense/chotatsu/20260928182928.html,都道府県,案件探索,,curl,1,,433,現存,2026-10-05、bin/discover_channels.py が自動発見。**案件行が433件とれることを実測したURLのみ採用している。**見出しの例＝入札・調達・売却 / 個別公告文（PDF：79KB） / 個別公告文（PDF：80KB）
jc-d50725c5,宮崎県 （再公募）令和8年度自主防犯活動活性化事業業務委託に係る企画提案競技の実施につい,https://www.pref.miyazaki.lg.jp/seikatsu-kyodo-danjo/kense/chotatsu/20260629111112.html,都道府県,案件探索,,curl,1,,434,現存,2026-10-05、bin/discover_channels.py が自動発見。**案件行が434件とれることを実測したURLのみ採用している。**見出しの例＝入札・調達・売却 / 企画提案競技実施要領A（PDF：220KB） / 業務委託仕様書A（PDF：98KB）
jc-e185439c,沖縄県 公募・入札発注情報,https://www.pref.okinawa.jp/shigoto/nyusatsukeiyaku/1015342/index.html,都道府県,案件探索,,curl,1,,10,現存,2026-10-05、bin/discover_channels.py が自動発見。**案件行が10件とれることを実測したURLのみ採用している。**見出しの例＝公募・入札発注情報 / 工事（電子入札ポータル以外）・修繕・製造・設計 / 電子入札ポータルサイト（建設工事・建設コンサル業務）
jc-805a68cd,沖縄県 【物品管理課】R5-R8競争入札参加資格者名簿を更新しました（令和8年10月更新,https://www.pref.okinawa.jp/shigoto/nyusatsukeiyaku/1012089/1034734.html,都道府県,案件探索,,curl,1,,20,現存,2026-10-05、bin/discover_channels.py が自動発見。**案件行が20件とれることを実測したURLのみ採用している。**見出しの例＝公募・入札発注情報 / 入札登録・入札参加資格 / 競争入札参加資格者名簿【物品関係】※有効期間：令和5年11月1日～令和8年10月
jc-521e2f5b,札幌市 助成・手当,https://www.city.sapporo.jp/index/josei/index.html,市,案件探索,,curl,1,,7,現存,2026-10-05、bin/discover_channels.py が自動発見。**案件行が7件とれることを実測したURLのみ採用している。**見出しの例＝再エネ省エネ機器導入補助金制度 / ZEB・ZEH-M設計支援補助金制度 / 再エネ機器導入初期費用ゼロ事業補助金制度
jc-0854a56c,札幌市 入札・契約,https://www.city.sapporo.jp/zaisei/keiyaku-kanri/index.html,市,案件探索,,curl,1,,6,現存,2026-10-05、bin/discover_channels.py が自動発見。**案件行が6件とれることを実測したURLのみ採用している。**見出しの例＝入札参加資格情報 / 入札参加資格申請システム / 入札情報サービス
jc-a843f0c8,仙台市 一般競争入札による市有地売却を行います（10月受付開始）,https://www.city.sendai.jp/zaise-kokyo/kurashi/machi/sumai/shiyuchi/baikyakur810.html,市,案件探索,,curl,1,,6,現存,2026-10-05、bin/discover_channels.py が自動発見。**案件行が6件とれることを実測したURLのみ採用している。**見出しの例＝仙台市有地一般競争入札の結果（11月開札分） / 一般競争入札による市有地売却を行います（8月受付開始） / 仙台市有地一般競争入札の結果（9月開札分）
jc-1300dc94,さいたま市 2026年8月28日 《補助金》令和8年度さいたま市電気自動車等普及促進対策補助,https://www.city.saitama.lg.jp/001/009/015/e-kizuna/juyou/p065260.html,市,案件探索,,curl,1,,15,現存,2026-10-05、bin/discover_channels.py が自動発見。**案件行が15件とれることを実測したURLのみ採用している。**見出しの例＝【記載例：様式第1号の1・第8号の1】補助金交付申請書及び実績報告書（EV・FC / 【記載例：様式第1号の1・第8号の1】補助金交付申請書及び実績報告書（EV
jc-15edb6ee,さいたま市 2026年10月5日 令和8年度（10月～12月）一般競争入札（建設工事及び建設,https://www.city.saitama.lg.jp/005/001/017/006/001/p134253.html,市,案件探索,,curl,1,,10,現存,2026-10-05、bin/discover_channels.py が自動発見。**案件行が10件とれることを実測したURLのみ採用している。**見出しの例＝一般競争入札告示 / 建設工事及び建設工事に伴う業務委託 / 建設工事における入札金額見積内訳書の取扱いについて（PDF形式 54ロバイト）
jc-8fbc3851,千葉市 入札（見積）募集案件「物品」,https://www.city.chiba.jp/portal/business/index19/nyusatsujoho/anken/buppin/index.html,市,案件探索,,curl,1,,50,現存,2026-10-05、bin/discover_channels.py が自動発見。**案件行が50件とれることを実測したURLのみ採用している。**見出しの例＝ちば電子調達システム「入札情報サービス」（外部サイトへリンク） / 防鳥ネット他1点（制限付一般競争入札・電子） / 木製書架A型傾斜複式1連3段他9点（制限付
jc-5fdce2b4,千葉市 入札（見積）募集案件「測量・コンサルタント」,https://www.city.chiba.jp/portal/business/index19/nyusatsujoho/anken/sokuryo/index.html,市,案件探索,,curl,1,,30,現存,2026-10-05、bin/discover_channels.py が自動発見。**案件行が30件とれることを実測したURLのみ採用している。**見出しの例＝ちば電子調達システム「入札情報サービス」（外部サイトへリンク） / 千葉市長沼原保育所新築工事監理業務委託 / 大木戸浄水場管理棟耐震診断業務委託（８－１）
jc-33c5391f,横浜市 入札・契約,https://www.city.yokohama.lg.jp/business/nyusatsu/index.html,市,案件探索,,curl,1,,7,現存,2026-10-05、bin/discover_channels.py が自動発見。**案件行が7件とれることを実測したURLのみ採用している。**見出しの例＝【契約結果公表】【公募型プロポーザル】都心臨海部における象徴的なみどり空間の創出 / 【公募型プロポーザル】瀬谷駅周辺における歩行者空間の賑わいを創出するための
jc-227dbdf5,川崎市 入札・契約,https://www.city.kawasaki.jp/jigyou/category/74-0-0-0-0-0-0-0-0-0.html,市,案件探索,,curl,1,,4,現存,2026-10-05、bin/discover_channels.py が自動発見。**案件行が4件とれることを実測したURLのみ採用している。**見出しの例＝川崎市児童相談業務システム再構築に係る 情報提供依頼（RFI）のお知らせ / 入札情報かわさき / 上下水道局入札情報
jc-62439d56,相模原市 入札等新着情報,https://www.city.sagamihara.kanagawa.jp/sangyo/1026667/index.html,市,案件探索,,curl,1,,67,現存,2026-10-05、bin/discover_channels.py が自動発見。**案件行が67件とれることを実測したURLのみ採用している。**見出しの例＝地盤変動影響調査業務委託【上鶴間地区（その2）ほか】に係る条件付一般競争入札の結 / 寸沢嵐市有林整備業務委託（その1）に係る条件付一般競争入札の結果について 
jc-266df39d,相模原市 入札・契約,https://www.city.sagamihara.kanagawa.jp/sangyo/keiyaku/index.html,市,案件探索,,curl,1,,11,現存,2026-10-05、bin/discover_channels.py が自動発見。**案件行が11件とれることを実測したURLのみ採用している。**見出しの例＝（1）入札・契約制度 / 入札・契約に関わる重要なお知らせ / 入札・契約制度（工事・コンサル）
jc-123bcae0,新潟市 入札・契約,https://www.city.niigata.lg.jp/business/keiyaku/index.html,市,案件探索,,curl,1,,11,現存,2026-10-05、bin/discover_channels.py が自動発見。**案件行が11件とれることを実測したURLのみ採用している。**見出しの例＝令和8年政府調達（WTO）契約に係る質疑回答書を掲載しました（新潟市契約公告第6 / 令和7・8年度入札参加資格審査申請の受付（物品・業務委託）の12月追加申請
jc-4ee7e4af,新潟市 にいがた2km魅力創造・8区連携支援補助金,https://www.city.niigata.lg.jp/shisei/seisaku/jigyoproject/niigata2km/project/2km8kuhojokin.html,市,案件探索,,curl,1,,6,現存,2026-10-05、bin/discover_channels.py が自動発見。**案件行が6件とれることを実測したURLのみ採用している。**見出しの例＝令和8年度にいがた2km魅力創造・8区連携支援補助金採択事業一覧(PDF:204 / にいがた2km魅力創造・8区連携支援補助金交付要綱(PDF:172KB) 
jc-1d308410,浜松市 発注情報 (入札・契約),https://www.city.hamamatsu.shizuoka.jp/sangyo/hatchu/index.html,市,案件探索,,curl,1,,17,現存,2026-10-05、bin/discover_channels.py が自動発見。**案件行が17件とれることを実測したURLのみ採用している。**見出しの例＝【工事・工事関連業務委託】 一般競争入札情報 （市長事務部局等） / 【工事・工事関連業務委託】 一般競争入札情報 （上下水道部） / 【物品購入】 一般競争入
jc-905d78ab,神戸市 入札・事業者募集,https://www.city.kobe.lg.jp/3/0075.html,市,案件探索,,curl,1,,62,現存,2026-10-05、bin/discover_channels.py が自動発見。**案件行が62件とれることを実測したURLのみ採用している。**見出しの例＝介護保険施設等の整備事業者募集 / 工事請負変更契約結果 / 工事請負変更契約結果（水道局）
jc-db83b112,岡山市 入札・契約,https://www.city.okayama.jp/jigyosha/category/5-3-0-0-0-0-0-0-0-0.html,市,案件探索,,curl,1,,6,現存,2026-10-05、bin/discover_channels.py が自動発見。**案件行が6件とれることを実測したURLのみ採用している。**見出しの例＝その他の入札情報 / その他の入札結果 / 入札参加資格審査申請
jc-6e1d1741,北九州市 入札・契約,https://www.city.kitakyushu.lg.jp/contents/04200000_00021.html,市,案件探索,,curl,1,,21,現存,2026-10-05、bin/discover_channels.py が自動発見。**案件行が21件とれることを実測したURLのみ採用している。**見出しの例＝入札・契約・公募 / 「入札・契約情報」（外部リンク） / 入札・契約制度について
jc-53a2c2e9,北九州市 入札・契約・公募,https://www.city.kitakyushu.lg.jp/business/menu003_00001.html,市,案件探索,,curl,1,,4,現存,2026-10-05、bin/discover_channels.py が自動発見。**案件行が4件とれることを実測したURLのみ採用している。**見出しの例＝入札・契約・公募 / 公募情報（プロポーザル・一般競争入札等） / 業者登録（入札参加資格申請）
jc-f59b7008,福岡市 入札・契約・公募,https://www.city.fukuoka.lg.jp/business/keiyaku-kobo/index.html,市,案件探索,,curl,1,,11,現存,2026-10-05、bin/discover_channels.py が自動発見。**案件行が11件とれることを実測したURLのみ採用している。**見出しの例＝入札・契約・公募 / 契約情報（契約課の入札、資格審査申請など） / 水道局の入札・契約情報
jc-cdb78c35,福岡市 福岡市中央卸売市場青果市場関連事業者の募集について 2026年10月3日,https://www.city.fukuoka.lg.jp/nosui/seika/business/seika_kanrenkoubo2025.html,市,案件探索,,curl,1,,3,現存,2026-10-05、bin/discover_channels.py が自動発見。**案件行が3件とれることを実測したURLのみ採用している。**見出しの例＝入札・契約・公募 / 各所管課が公募する競争入札、提案競技等 / 関連事業者募集要項（PDF：381KB）
jc-8648c22b,金沢市 入札・契約,https://www4.city.kanazawa.lg.jp/soshikikarasagasu/kanrika/gyomuannai/1/6511.html,市,案件探索,,curl,1,,26,現存,2026-10-05、bin/discover_channels.py が自動発見。**案件行が26件とれることを実測したURLのみ採用している。**見出しの例＝制約付き一般競争入札（工事）を公告しました。 / 制約付き一般競争入札（コンサル）を公告しました。 / 排水機場現況能力検証業務委託（外1件）の公告を掲載しまし
jc-759e9cb9,姫路市 入札・契約から探す,https://www.city.himeji.lg.jp/sangyo/category/4-3-2-0-0-0-0-0-0-0.html,市,案件探索,,curl,1,,8,現存,2026-10-05、bin/discover_channels.py が自動発見。**案件行が8件とれることを実測したURLのみ採用している。**見出しの例＝姫路市立荒川小学校外1校給食調理等業務委託に関する制限付一般競争入札の実施 / 姫路市立安室東小学校外1校給食調理等業務委託に関する制限付一般競争入札の実施 /
jc-eebe8c85,鹿児島市 新着情報/入札情報一覧,https://www.city.kagoshima.lg.jp/jigyo/shinchaku_list.html,市,案件探索,,curl,1,,87,現存,2026-10-05、bin/discover_channels.py が自動発見。**案件行が87件とれることを実測したURLのみ採用している。**見出しの例＝谷山支所庁舎大規模改修その他空気調和設備工事請負契約に係る総合評価落札方式による / 松元平野岡体育館ろ過その他設備改修工事請負契約に係る事後審査型制限付き一般
jc-5a631b3f,鹿児島市 赤水漁港照明器具LED化業務委託に係る制限付き一般競争入札(公告),https://www.city.kagoshima.lg.jp/keizai/nourinsuisan/seisanryutu/akamizunyuusatu.html,市,案件探索,,curl,1,,66,現存,2026-10-05、bin/discover_channels.py が自動発見。**案件行が66件とれることを実測したURLのみ採用している。**見出しの例＝発注情報（業務委託・その他） / 公告文（PDF：219KB） / 入札参加資格審査申請書（ワード：45KB）
jc-dd1914ec,那覇市 末吉老人福祉センターほか1施設変圧器取替修繕の 制限付一般競争入札（事後審査型）,https://www.city.naha.okinawa.jp/business/touroku/1003701/1010948/1012822.html,市,案件探索,,curl,1,,128,現存,2026-10-05、bin/discover_channels.py が自動発見。**案件行が128件とれることを実測したURLのみ採用している。**見出しの例＝事業者登録・入札・契約 / 入札・企画提案の公告 / 令和8年度 入札
jc-4bc2cf54,那覇市 「令和8年度リュウキュウマツ害虫対策樹幹注入業務委託」に係る制限付一般競争入札（,https://www.city.naha.okinawa.jp/business/touroku/1003844/1010980/1012814.html,市,案件探索,,curl,1,,61,現存,2026-10-05、bin/discover_channels.py が自動発見。**案件行が61件とれることを実測したURLのみ採用している。**見出しの例＝事業者登録・入札・契約 / 物品・業務委託等の入札契約 / 令和8年度 物品・業務委託等の入札契約
jc-a4e75514,松山市 「プレコンセプションケア」普及啓発動画制作・広告配信業務委託（公募型プロポーザル,https://www.city.matsuyama.ehime.jp/shisei/denshinyusatsu/gyoumuitaku/info/r8itaku/purekonpuropo.html,市,案件探索,,curl,1,,58,現存,2026-10-05、bin/discover_channels.py が自動発見。**案件行が58件とれることを実測したURLのみ採用している。**見出しの例＝業務委託（工事に関する委託は除く）に関する調達案件のお知らせ(各課発注) / 一般競争入札、コンペ・プロポーザル方式のお知らせ / 8_業務執行体制（様式4）（
jc-7eaccc83,松山市 松山市新庁舎整備に係るコンストラクション・マネジメント業務委託（公募型プロポーザ,https://www.city.matsuyama.ehime.jp/shisei/denshinyusatsu/gyoumuitaku/info/r8itaku/choushacm.html,市,案件探索,,curl,1,,55,現存,2026-10-05、bin/discover_channels.py が自動発見。**案件行が55件とれることを実測したURLのみ採用している。**見出しの例＝業務委託（工事に関する委託は除く）に関する調達案件のお知らせ(各課発注) / 一般競争入札、コンペ・プロポーザル方式のお知らせ / 松山市景観まちづくり支援ツー
jc-acab76f5,高知市 入札・契約関係情報,https://www.city.kochi.kochi.jp/life/2/192/,市,案件探索,,curl,1,,34,現存,2026-10-05、bin/discover_channels.py が自動発見。**案件行が34件とれることを実測したURLのみ採用している。**見出しの例＝一般競争入札・オープンカウンター・プロポーザル・指定管理者・官民連携 / 入札・契約関係情報 / 入札手続の中止（公告の廃止）について
jc-73d0fc28,高知市 一般競争入札・オープンカウンター・プロポーザル・指定管理者・官民連携,https://www.city.kochi.kochi.jp/life/2/188/,市,案件探索,,curl,1,,33,現存,2026-10-05、bin/discover_channels.py が自動発見。**案件行が33件とれることを実測したURLのみ採用している。**見出しの例＝一般競争入札・オープンカウンター・プロポーザル・指定管理者・官民連携 / 入札・契約関係情報 / 高知市上下水道局の事後審査型制限付き一般競争入札（令和8年9月
jc-6650734b,大分市 「令和8年度 青少年異文化理解促進プログラム運営業務委託」に係る受託候補者の選定,https://www.city.oita.oita.jp/o017/seisyounennibunkarikai/proposal2026_result.html,市,案件探索,,curl,1,,71,現存,2026-10-05、bin/discover_channels.py が自動発見。**案件行が71件とれることを実測したURLのみ採用している。**見出しの例＝入札・契約・プロポーザル / 「令和8年度 青少年異文化理解促進プログラム運営業務委託」に係る受託候補者の選定 / ふるさと大分市応援寄附金取扱業務委託に係る公
jc-cf0f0d9f,宮崎市 入札情報一覧を見る,https://www.city.miyazaki.miyazaki.jp/bid_information/,市,案件探索,,curl,1,,14,現存,2026-10-05、bin/discover_channels.py が自動発見。**案件行が14件とれることを実測したURLのみ採用している。**見出しの例＝2026年10月5日「日本のひなた宮崎 国スポ競技別リハーサル大会ライフル射撃競 / 2026年10月5日【審査結果を掲載しました】宮崎市仮庁舎AI窓口案内業務
jc-21a51312,宮崎市 入札公告等（建設工事等）,https://www.city.miyazaki.miyazaki.jp/business/bid/tender_notice/,市,案件探索,,curl,1,,34,現存,2026-10-05、bin/discover_channels.py が自動発見。**案件行が34件とれることを実測したURLのみ採用している。**見出しの例＝2026年10月1日「令和8年10月1日公告」条件付一般競争入札を実施します / 2026年9月24日「令和8年9月24日公告」条件付一般競争入札（事後公表）を
jc-63f2ce4d,郡山市 入札・契約,https://www.city.koriyama.lg.jp/life/4/28/,市,案件探索,,curl,1,,9,現存,2026-10-05、bin/discover_channels.py が自動発見。**案件行が9件とれることを実測したURLのみ採用している。**見出しの例＝入札契約ポータルサイト / 入札・契約関係の新着情報は、入札・契約ポータルサイトをご確認ください / 久米正雄所蔵フィルム修復に係る報告書・パンフレット・動画制
jc-783ea7ca,郡山市 入札契約ポータルサイト,https://www.city.koriyama.lg.jp/site/keiyakuportal/,市,案件探索,,curl,1,,22,現存,2026-10-05、bin/discover_channels.py が自動発見。**案件行が22件とれることを実測したURLのみ採用している。**見出しの例＝入札契約ポータルサイト / 入札・契約ポータルサイト / 令和9・10年度入札参加資格審査申請（本登録）の受付について
jc-656a5ab3,尼崎市 入札・契約,https://www.city.amagasaki.hyogo.jp/sangyo/nyusatu/index.html,市,案件探索,,curl,1,,3,現存,2026-10-05、bin/discover_channels.py が自動発見。**案件行が3件とれることを実測したURLのみ採用している。**見出しの例＝入札制度の改正経過 / 入札に関する基準、要綱 / 入札に関する申請書等の様式
jc-327fe685,岐阜市 入札・契約,https://www.city.gifu.lg.jp/business/nyuusatsu/index.html,市,案件探索,,curl,1,,9,現存,2026-10-05、bin/discover_channels.py が自動発見。**案件行が9件とれることを実測したURLのみ採用している。**見出しの例＝企業支援・産業振興・補助金 / 電子入札システムについて / 入札・契約に関するお知らせ・通知
jc-1f1060a4,岐阜市 岐阜市地域包括支援センター運営業務委託（南部）事業者選定に係る公募型プロポーザル,https://www.city.gifu.lg.jp/business/nyuusatsu/1005619/1039150/1022408.html,市,案件探索,,curl,1,,17,現存,2026-10-05、bin/discover_channels.py が自動発見。**案件行が17件とれることを実測したURLのみ採用している。**見出しの例＝企業支援・産業振興・補助金 / 募集終了及び審査結果を公表したプロポーザル業務（令和8年度） / 公告第140号 （PDF 35.3KB）
jc-9c47af42,和歌山市 （令和8年9月9日公告）電力の調達 22件,https://www.city.wakayama.wakayama.jp/jigyou/cyoutatuosirase/1009737/1068153.html,市,案件探索,,curl,1,,100,現存,2026-10-05、bin/discover_channels.py が自動発見。**案件行が100件とれることを実測したURLのみ採用している。**見出しの例＝入札・契約（物品調達・業務委託等） / 郵便入札における説明及び注意事項 （PDF 648.3KB） / 入札の手順（郵便入札） （PDF 181.2KB）
jc-2908ce0a,和歌山市 （令和8年9月10日公告）封入封緘業務 3件,https://www.city.wakayama.wakayama.jp/jigyou/cyoutatuosirase/1009737/1068714.html,市,案件探索,,curl,1,,19,現存,2026-10-05、bin/discover_channels.py が自動発見。**案件行が19件とれることを実測したURLのみ採用している。**見出しの例＝入札・契約（物品調達・業務委託等） / 郵便入札における説明及び注意事項 （PDF 728.8KB） / 入札の手順（郵便入札） （PDF 64.2KB）
jc-4e4b22b6,徳島市 徳島市介護保険認定支援業務に係る委託事業者の募集について,https://www.city.tokushima.tokushima.jp/kenko_fukushi/kaigo/boshuu.html,市,案件探索,,curl,1,,4,現存,2026-10-05、bin/discover_channels.py が自動発見。**案件行が4件とれることを実測したURLのみ採用している。**見出しの例＝別紙1 企画提案書記載事項（PDF形式：102KB） / 業務仕様書（PDF形式：346KB） / 業務仕様書別紙（PDF形式：109KB）
jc-6b6ee87f,徳島市 Windows Server 2025 Device CALに係る一般競争入札の,https://www.city.tokushima.tokushima.jp/shisei/keizai/nyusatsu/chotatsu/ippan/Win-CAL.html,市,案件探索,,curl,1,,44,現存,2026-10-05、bin/discover_channels.py が自動発見。**案件行が44件とれることを実測したURLのみ採用している。**見出しの例＝入札情報（業務委託・役務の提供・売払い等） / 一般・指名競争入札情報 / 入札資料ダウンロードフォーム（外部サイト）
jc-c17bf547,盛岡市 市の発注契約,https://www.city.morioka.iwate.jp/shigoto/keiyaku/index.html,市,案件探索,,curl,1,,3,現存,2026-10-05、bin/discover_channels.py が自動発見。**案件行が3件とれることを実測したURLのみ採用している。**見出しの例＝建設工事・建設関連業務委託 / 盛岡市競争入札参加資格の登録申請・変更について / 競争入札参加資格者名簿など
jc-56b6ea69,山形市 入札・契約,https://www.city.yamagata-yamagata.lg.jp/jigyosya/nyusatsu/index.html,市,案件探索,,curl,1,,4,現存,2026-10-05、bin/discover_channels.py が自動発見。**案件行が4件とれることを実測したURLのみ採用している。**見出しの例＝入札公告・入札結果 / 競争入札参加資格名簿 / 電子入札システム
jc-8e60a8d0,富山市 入札情報（契約課）の新着情報,https://www.city.toyama.lg.jp/business/nyusatsu/1010582/1003236.html,市,案件探索,,curl,1,,14,現存,2026-10-05、bin/discover_channels.py が自動発見。**案件行が14件とれることを実測したURLのみ採用している。**見出しの例＝企業支援・産業振興・補助金 / 入札・契約等に関するお知らせ / 物品購入等の公募併用型指名競争入札
jc-d2b46f37,富山市 補助金,https://www.city.toyama.lg.jp/shisei/1012172/index.html,市,案件探索,,curl,1,,12,現存,2026-10-05、bin/discover_channels.py が自動発見。**案件行が12件とれることを実測したURLのみ採用している。**見出しの例＝企業支援・産業振興・補助金 / 企画管理部所管の補助金 / 防災危機管理部所管の補助金
jc-13b1d117,甲府市 入札・契約,https://www.city.kofu.yamanashi.jp/business/nyusatsu/index.html,市,案件探索,,curl,1,,7,現存,2026-10-05、bin/discover_channels.py が自動発見。**案件行が7件とれることを実測したURLのみ採用している。**見出しの例＝入札情報（工事・建設コンサルタント等） / 入札情報（物品） / 入札情報（その他・公募型）
jc-e468c342,甲府市 入札情報（工事・建設コンサルタント等）【発注予定】を掲載しました,https://www.city.kofu.yamanashi.jp/keyaku/business/nyusatsu/kokyo/2017kokuji/2017-214--shitsugi.html,市,案件探索,,curl,1,,13,現存,2026-10-05、bin/discover_channels.py が自動発見。**案件行が13件とれることを実測したURLのみ採用している。**見出しの例＝ツイートする'); document.write(''); //]]> //') / 入札情報（工事・建設コンサルタント等） / 入札情報（物品）
jc-a23e4db0,奈良市 住居表示整備業務委託について、一般競争入札を実施します,https://www.city.nara.lg.jp/soshiki/17/172441.html,市,案件探索,,curl,1,,9,現存,2026-10-05、bin/discover_channels.py が自動発見。**案件行が9件とれることを実測したURLのみ採用している。**見出しの例＝入札・契約・事業者募集 / 契約課以外の入札・契約情報（その他） / 入札公告文 [PDFファイル／176KB]
jc-ca7aed57,鳥取市 補助金等,https://www.city.tottori.lg.jp/life/7/57/258/,市,案件探索,,curl,1,,43,現存,2026-10-05、bin/discover_channels.py が自動発見。**案件行が43件とれることを実測したURLのみ採用している。**見出しの例＝補助金・交付金・給付金・助成金 / 鳥取市小規模事業者経営改善資金利子補助金について / 【受付を再開しました】鳥取市中小企業人材育成補助金
jc-cd579e6c,佐賀市 入札 入札公告・参加資格、電子入札,https://www.city.saga.lg.jp/sangyo-machizukuri/nyusatsukeiyaku/1/index.html,市,案件探索,,curl,1,,3,現存,2026-10-05、bin/discover_channels.py が自動発見。**案件行が3件とれることを実測したURLのみ採用している。**見出しの例＝入札方法（工事関係） / 電子入札システム / 入札に関する変更事項
jc-9f3e9bdf,福島市 入札公告,https://www.city.fukushima.fukushima.jp/shigoto-sangyo/nyusatsu-keiyaku/2/index.html,市,案件探索,,curl,1,,5,現存,2026-10-05、bin/discover_channels.py が自動発見。**案件行が5件とれることを実測したURLのみ採用している。**見出しの例＝プロポーザル公告 / 福島市制限付一般競争入札 / 福島市総合評価一般競争入札
jc-b76a7c53,福島市 電子入札,https://www.city.fukushima.fukushima.jp/soshiki/4/1011/1/1/3612.html,市,案件探索,,curl,1,,21,現存,2026-10-05、bin/discover_channels.py が自動発見。**案件行が21件とれることを実測したURLのみ採用している。**見出しの例＝福島市電子入札実施要領 / 紙入札による入札参加方法について / 物品・役務案件にかかる紙入札の経過措置について
jc-3f611ff8,前橋市 【土地売却に関する公募】前橋市ローズタウン《B地区》にお,https://www.city.maebashi.gunma.jp/sangyo_business/9/index.html,市区町村,案件探索,,curl（bin/sweep_channels.py）,1,,48,未巡回,**2026-10-05：2段たどって発見。**候補パス37本を当てに行った道具は「26自治体に届かない」と報告したが、同じ26ホストのトップを HTTP コードで実測すると20が200を返した。**届かなかったのはネットワークではなく、こちらのURLの当て推量だった。**サイト自身が張っているリンクを2段たどって発見（案件行 48件）。例＝【土地売却に関する公募】前橋市ローズタウン《B地区》における生活利便性向上施設等整備の事業提案型公募の実施(継続公募) / 入札・契約制度の改正のお知らせ（工事・コンサル） / 【結果公表】前橋市戸籍総合システム及び戸籍コンビニ交付システム
jc-1c277da2,前橋市 【結果公表】前橋市戸籍総合システム及び戸籍コンビニ交付シ,https://www.city.maebashi.gunma.jp/sangyo_business/9/2/index.html,市区町村,案件探索,,curl（bin/sweep_channels.py）,1,,29,未巡回,**2026-10-05：2段たどって発見。**候補パス37本を当てに行った道具は「26自治体に届かない」と報告したが、同じ26ホストのトップを HTTP コードで実測すると20が200を返した。**届かなかったのはネットワークではなく、こちらのURLの当て推量だった。**サイト自身が張っているリンクを2段たどって発見（案件行 29件）。例＝【結果公表】前橋市戸籍総合システム及び戸籍コンビニ交付システム構築委託事業に係る公募型プロポーザル実施について / 【結果公表】前橋市緊急通報システム事業業務委託におけるプロポーザルの実施について / 前橋市高校生学習室運営業務委託に係る公
jc-c5ec026d,前橋市 電子入札を行っています,https://www.city.maebashi.gunma.jp/sangyo_business/9/5/index.html,市区町村,案件探索,,curl（bin/sweep_channels.py）,1,,6,未巡回,**2026-10-05：2段たどって発見。**候補パス37本を当てに行った道具は「26自治体に届かない」と報告したが、同じ26ホストのトップを HTTP コードで実測すると20が200を返した。**届かなかったのはネットワークではなく、こちらのURLの当て推量だった。**サイト自身が張っているリンクを2段たどって発見（案件行 6件）。例＝電子入札を行っています / 入札公告(物品) / 入札結果(物品・役務)
jc-220d8bbe,名古屋市 事業者向けの募集情報,https://www.city.nagoya.jp/jigyou/index.html,市区町村,案件探索,,curl（bin/sweep_channels.py）,1,,5,未巡回,**2026-10-05：2段たどって発見。**候補パス37本を当てに行った道具は「26自治体に届かない」と報告したが、同じ26ホストのトップを HTTP コードで実測すると20が200を返した。**届かなかったのはネットワークではなく、こちらのURLの当て推量だった。**サイト自身が張っているリンクを2段たどって発見（案件行 5件）。例＝事業者向けの募集情報 / 住宅都市局工事・業務委託の施行・検査 / 環境局業務委託(緑地帯管理委託等)設計書の情報提供制度（試行）
jc-a9ace7b2,名古屋市 名古屋市新電子調達システム説明会（午前の部 入札参加資格,https://www.city.nagoya.jp/jigyou/nyusatsu/1050562.html,市区町村,案件探索,,curl（bin/sweep_channels.py）,1,,4,未巡回,**2026-10-05：2段たどって発見。**候補パス37本を当てに行った道具は「26自治体に届かない」と報告したが、同じ26ホストのトップを HTTP コードで実測すると20が200を返した。**届かなかったのはネットワークではなく、こちらのURLの当て推量だった。**サイト自身が張っているリンクを2段たどって発見（案件行 4件）。例＝名古屋市新電子調達システム説明会（午前の部 入札参加資格申請手続）（外部リンク） / 名古屋市新電子調達システム説明会（午前の部）_入札参加資格申請手続 （PDF 1.4 MB） / 名古屋市新電子調達システム説明会（午後の部 電子入札手続
jc-76094db0,名古屋市 緑政土木局工事・委託等に係る基準・様式・成績,https://www.city.nagoya.jp/jigyou/douro/index.html,市区町村,案件探索,,curl（bin/sweep_channels.py）,1,,3,未巡回,**2026-10-05：2段たどって発見。**候補パス37本を当てに行った道具は「26自治体に届かない」と報告したが、同じ26ホストのトップを HTTP コードで実測すると20が200を返した。**届かなかったのはネットワークではなく、こちらのURLの当て推量だった。**サイト自身が張っているリンクを2段たどって発見（案件行 3件）。例＝緑政土木局工事・委託等に係る基準・様式・成績 / 緑化地域、風致地区、特別緑地保全地区、みどりの補助金等 / 事業者向けの募集情報
jc-eae5c9e2,大津市 入札・契約に関して,https://www.city.otsu.lg.jp/kigyo/index.html,市区町村,案件探索,,curl（bin/sweep_channels.py）,1,,4,未巡回,**2026-10-05：2段たどって発見。**候補パス37本を当てに行った道具は「26自治体に届かない」と報告したが、同じ26ホストのトップを HTTP コードで実測すると20が200を返した。**届かなかったのはネットワークではなく、こちらのURLの当て推量だった。**サイト自身が張っているリンクを2段たどって発見（案件行 4件）。例＝入札・契約に関して / 入札公告・発注見通し / 入札に関する質問・回答
jc-c796752e,大津市 大津市電子入札システム,https://www.city.otsu.lg.jp/b/nk/index.html,市区町村,案件探索,,curl（bin/sweep_channels.py）,1,,3,未巡回,**2026-10-05：2段たどって発見。**候補パス37本を当てに行った道具は「26自治体に届かない」と報告したが、同じ26ホストのトップを HTTP コードで実測すると20が200を返した。**届かなかったのはネットワークではなく、こちらのURLの当て推量だった。**サイト自身が張っているリンクを2段たどって発見（案件行 3件）。例＝大津市電子入札システム / 入札・契約（契約検査課） / 入札・契約（企業局）
jc-0f08751b,山口市 放課後児童クラブ「平川臨時第２学級」運営業務委託に係る公,https://www.city.yamaguchi.lg.jp/life/2/,市区町村,案件探索,,curl（bin/sweep_channels.py）,1,,14,未巡回,**2026-10-05：2段たどって発見。**候補パス37本を当てに行った道具は「26自治体に届かない」と報告したが、同じ26ホストのトップを HTTP コードで実測すると20が200を返した。**届かなかったのはネットワークではなく、こちらのURLの当て推量だった。**サイト自身が張っているリンクを2段たどって発見（案件行 14件）。例＝放課後児童クラブ「平川臨時第２学級」運営業務委託に係る公募型プロポーザルの実施について / 放課後児童クラブ「大内臨時学級」運営業務委託に係る公募型プロポーザルの実施について / 事業者募集（プロポーザル以外）
jc-a0c8df1e,山口市 山口市わくわく移住支援補助金チラシ [PDFファイル／8,https://www.city.yamaguchi.lg.jp/soshiki/63/62098.html,市区町村,案件探索,,curl（bin/sweep_channels.py）,1,,10,未巡回,**2026-10-05：2段たどって発見。**候補パス37本を当てに行った道具は「26自治体に届かない」と報告したが、同じ26ホストのトップを HTTP コードで実測すると20が200を返した。**届かなかったのはネットワークではなく、こちらのURLの当て推量だった。**サイト自身が張っているリンクを2段たどって発見（案件行 10件）。例＝山口市わくわく移住支援補助金チラシ [PDFファイル／871KB] / 山口市わくわく移住支援補助金支給申請書（別記第1号様式） [Wordファイル／33KB] / 山口市わくわく移住支援補助金支給申請書－別紙1 [Wordファイル／28K
jc-104b11d9,山口市 新卒・第二新卒者雇用促進助成金チラシ​ [PDFファイル,https://www.city.yamaguchi.lg.jp/soshiki/63/139830.html,市区町村,案件探索,,curl（bin/sweep_channels.py）,1,,4,未巡回,**2026-10-05：2段たどって発見。**候補パス37本を当てに行った道具は「26自治体に届かない」と報告したが、同じ26ホストのトップを HTTP コードで実測すると20が200を返した。**届かなかったのはネットワークではなく、こちらのURLの当て推量だった。**サイト自身が張っているリンクを2段たどって発見（案件行 4件）。例＝新卒・第二新卒者雇用促進助成金チラシ​ [PDFファイル／966KB] / 新卒・第二新卒者雇用促進助成金要領 [PDFファイル／292KB] / 新卒・第二新卒者雇用促進助成金Q&A [PDFファイル／305KB]
jc-11a996ec,広島市 各種様式（入札・契約関係）,https://www.city.hiroshima.lg.jp/business/nyusatsu/1003060/1028405.html,市区町村,案件探索,,curl（bin/sweep_channels.py）,1,,17,未巡回,**2026-10-05：2段たどって発見。**候補パス37本を当てに行った道具は「26自治体に届かない」と報告したが、同じ26ホストのトップを HTTP コードで実測すると20が200を返した。**届かなかったのはネットワークではなく、こちらのURLの当て推量だった。**サイト自身が張っているリンクを2段たどって発見（案件行 17件）。例＝各種様式（入札・契約関係） / 電子入札における添付ファイルの容量の上限の見直し（お知らせ） / 電子入札にあたり、インターネットブラウザの【戻る】【進む】【中止】【更新】の機能は絶対に使用しないでください。
jc-668582f5,広島市 お知らせ（電子入札）,https://www.city.hiroshima.lg.jp/business/nyusatsu/1003060/index.html,市区町村,案件探索,,curl（bin/sweep_channels.py）,1,,7,未巡回,**2026-10-05：2段たどって発見。**候補パス37本を当てに行った道具は「26自治体に届かない」と報告したが、同じ26ホストのトップを HTTP コードで実測すると20が200を返した。**届かなかったのはネットワークではなく、こちらのURLの当て推量だった。**サイト自身が張っているリンクを2段たどって発見（案件行 7件）。例＝お知らせ（電子入札） / 電子入札システム / 広島市電子入札システムで使用するパソコンのOS等
jc-43ca7a19,広島市 市関連の公益法人等の入札情報,https://www.city.hiroshima.lg.jp/business/nyusatsu/1006046/index.html,市区町村,案件探索,,curl（bin/sweep_channels.py）,1,,6,未巡回,**2026-10-05：2段たどって発見。**候補パス37本を当てに行った道具は「26自治体に届かない」と報告したが、同じ26ホストのトップを HTTP コードで実測すると20が200を返した。**届かなかったのはネットワークではなく、こちらのURLの当て推量だった。**サイト自身が張っているリンクを2段たどって発見（案件行 6件）。例＝市関連の公益法人等の入札情報 / 中止公告・訂正公告・入札関係資料の修正等を行った案件 / 調達情報公開システムに公開されない入札・見積情報
jc-3bf10813,水戸市 【追加受付】令和7・8年度入札参加資格審査申請及び登録名,https://www.city.mito.lg.jp/life/5/,市区町村,案件探索,,curl（bin/sweep_channels.py）,1,,9,未巡回,**2026-10-05：2段たどって発見。**候補パス37本を当てに行った道具は「26自治体に届かない」と報告したが、同じ26ホストのトップを HTTP コードで実測すると20が200を返した。**届かなかったのはネットワークではなく、こちらのURLの当て推量だった。**サイト自身が張っているリンクを2段たどって発見（案件行 9件）。例＝【追加受付】令和7・8年度入札参加資格審査申請及び登録名簿について【施設維持管理業等（役務）】 / お知らせ・入札制度情報 / 一般競争入札公告
jc-c48e24d9,水戸市 いばらき県央移住ＰＲ・都内移住相談事業 企画運営業務委託,https://www.city.mito.lg.jp/life/sub/13/,市区町村,案件探索,,curl（bin/sweep_channels.py）,1,,3,未巡回,**2026-10-05：2段たどって発見。**候補パス37本を当てに行った道具は「26自治体に届かない」と報告したが、同じ26ホストのトップを HTTP コードで実測すると20が200を返した。**届かなかったのはネットワークではなく、こちらのURLの当て推量だった。**サイト自身が張っているリンクを2段たどって発見（案件行 3件）。例＝いばらき県央移住ＰＲ・都内移住相談事業 企画運営業務委託 プロポーザル実施について / 【追加受付】令和7・8年度入札参加資格審査申請及び登録名簿について【施設維持管理業等（役務）】 / 入札・契約情報（上下水道局）
jc-58fcddd3,熊本市 【後期】省エネ家電製品（エアコン）導入補助金 補助内容,https://www.city.kumamoto.jp/kiji00369554/index.html,市区町村,案件探索,,curl（bin/sweep_channels.py）,1,,28,未巡回,**2026-10-05：2段たどって発見。**候補パス37本を当てに行った道具は「26自治体に届かない」と報告したが、同じ26ホストのトップを HTTP コードで実測すると20が200を返した。**届かなかったのはネットワークではなく、こちらのURLの当て推量だった。**サイト自身が張っているリンクを2段たどって発見（案件行 28件）。例＝【後期】省エネ家電製品（エアコン）導入補助金 補助内容 / 【様式第7号】省エネ家電製品（エアコン）導入補助金 交付申請書兼実績報告書（ワード：59.5キロバイト） / 【様式第7号】省エネ家電製品（エアコン）導入補助金 交付申請書兼実績報
jc-90f988bb,熊本市 入札・契約情報に関するお知らせ,https://www.city.kumamoto.jp/list04195.html,市区町村,案件探索,,curl（bin/sweep_channels.py）,1,,18,未巡回,**2026-10-05：2段たどって発見。**候補パス37本を当てに行った道具は「26自治体に届かない」と報告したが、同じ26ホストのトップを HTTP コードで実測すると20が200を返した。**届かなかったのはネットワークではなく、こちらのURLの当て推量だった。**サイト自身が張っているリンクを2段たどって発見（案件行 18件）。例＝入札・契約情報に関するお知らせ / 物品・業務委託等(契約政策課からのお知らせ) / 入札・企画提案の公告
jc-9421a6ab,熊本市 入札・契約情報に関するお知らせ,https://www.city.kumamoto.jp/list04066.html,市区町村,案件探索,,curl（bin/sweep_channels.py）,1,,15,未巡回,**2026-10-05：2段たどって発見。**候補パス37本を当てに行った道具は「26自治体に届かない」と報告したが、同じ26ホストのトップを HTTP コードで実測すると20が200を返した。**届かなかったのはネットワークではなく、こちらのURLの当て推量だった。**サイト自身が張っているリンクを2段たどって発見（案件行 15件）。例＝入札・契約情報に関するお知らせ / 入札・企画提案の公告 / 【再公告】路面電車車両廃車処理業務委託に係る条件付一般競争入札について
jc-3015eab1,石川県 京都府教育委員会 入札情報（外部リンク）,https://www.pref.ishikawa.lg.jp/kyoiku/kyousyoku/index.html,都道府県,案件探索,,curl（bin/sweep_channels.py）,1,,10,未巡回,**2026-10-05：2段たどって発見。**候補パス37本を当てに行った道具は「26自治体に届かない」と報告したが、同じ26ホストのトップを HTTP コードで実測すると20が200を返した。**届かなかったのはネットワークではなく、こちらのURLの当て推量だった。**サイト自身が張っているリンクを2段たどって発見（案件行 10件）。例＝京都府教育委員会 入札情報（外部リンク） / ・デジタル採点システム提供業務仕様書（PDF：496KB） / ・デジタル採点システム提供業務企画提案募集要項（PDF：408KB）
jc-dc6d3c3f,石川県 物品調達に係る電子入札について,https://www.pref.ishikawa.lg.jp/jigyosha.html,都道府県,案件探索,,curl（bin/sweep_channels.py）,1,,3,未巡回,**2026-10-05：2段たどって発見。**候補パス37本を当てに行った道具は「26自治体に届かない」と報告したが、同じ26ホストのトップを HTTP コードで実測すると20が200を返した。**届かなかったのはネットワークではなく、こちらのURLの当て推量だった。**サイト自身が張っているリンクを2段たどって発見（案件行 3件）。例＝物品調達に係る電子入札について / 競争入札参加者資格申請のご案内 / 自動販売機設置に関する公募情報
jc-2a46b93d,神奈川県 かながわ電子入札共同システム,https://www.pref.kanagawa.jp/docs/yt7/top/main.html,都道府県,案件探索,,curl（bin/sweep_channels.py）,1,,4,未巡回,**2026-10-05：2段たどって発見。**候補パス37本を当てに行った道具は「26自治体に届かない」と報告したが、同じ26ホストのトップを HTTP コードで実測すると20が200を返した。**届かなかったのはネットワークではなく、こちらのURLの当て推量だった。**サイト自身が張っているリンクを2段たどって発見（案件行 4件）。例＝かながわ電子入札共同システム / 箱根地区水道事業包括委託（官民連携事業） / LED化ESCO事業の事業者の募集
jc-ec834a75,福井市 【審査結果公表】福井市地域子育て支援拠点運営業務に係る公,https://www.city.fukui.lg.jp/sigoto/keiyaku/proposal/index.html,市区町村,案件探索,,curl（bin/sweep_channels.py）,1,,26,未巡回,**2026-10-05：2段たどって発見。**候補パス37本を当てに行った道具は「26自治体に届かない」と報告したが、同じ26ホストのトップを HTTP コードで実測すると20が200を返した。**届かなかったのはネットワークではなく、こちらのURLの当て推量だった。**サイト自身が張っているリンクを2段たどって発見（案件行 26件）。例＝【審査結果公表】福井市地域子育て支援拠点運営業務に係る公募型プロポーザルの実施について / 【募集情報】第42回ふくい桜まつりメインビジュアルデザイン・印刷物制作業務に係る公募型プロポーザルの実施について / 第九次福井市総合計画 本冊子及
jc-697df22c,福井市 入札情報（上下水道局 建設工事・建設コンサルタント業務関,https://www.city.fukui.lg.jp/sigoto/keiyaku/nyusatu/index.html,市区町村,案件探索,,curl（bin/sweep_channels.py）,1,,17,未巡回,**2026-10-05：2段たどって発見。**候補パス37本を当てに行った道具は「26自治体に届かない」と報告したが、同じ26ホストのトップを HTTP コードで実測すると20が200を返した。**届かなかったのはネットワークではなく、こちらのURLの当て推量だった。**サイト自身が張っているリンクを2段たどって発見（案件行 17件）。例＝入札情報（上下水道局 建設工事・建設コンサルタント業務関係） / 福井市下水道管路施設包括的維持管理業務委託に係る入札説明書等の公表（質問回答の公表） / 足羽ポンプ場更新事業関連工事について（公告開始）
jc-58e91948,福井市 「旧美山楽く楽く亭」及び「旧下宇坂幼稚園」譲渡先事業者の,https://www.city.fukui.lg.jp/zigyosha/index.html,市区町村,案件探索,,curl（bin/sweep_channels.py）,1,,9,未巡回,**2026-10-05：2段たどって発見。**候補パス37本を当てに行った道具は「26自治体に届かない」と報告したが、同じ26ホストのトップを HTTP コードで実測すると20が200を返した。**届かなかったのはネットワークではなく、こちらのURLの当て推量だった。**サイト自身が張っているリンクを2段たどって発見（案件行 9件）。例＝「旧美山楽く楽く亭」及び「旧下宇坂幼稚園」譲渡先事業者の募集について / 工事（業務委託）における猛暑期間や日中の現場施工（作業）の回避について / 【審査結果公表】「福井市歴史的風致維持向上計画」策定業務に係る公募型プロポーザルの実施
jc-6d668dd0,秋田市 市内工事業者における建設工事入札参加資格審査項目の変更に,https://www.city.akita.lg.jp/jigyosha/index.html,市区町村,案件探索,,curl（bin/sweep_channels.py）,1,,90,未巡回,**2026-10-05：2段たどって発見。**候補パス37本を当てに行った道具は「26自治体に届かない」と報告したが、同じ26ホストのトップを HTTP コードで実測すると20が200を返した。**届かなかったのはネットワークではなく、こちらのURLの当て推量だった。**サイト自身が張っているリンクを2段たどって発見（案件行 90件）。例＝市内工事業者における建設工事入札参加資格審査項目の変更について / 請負代金内訳書の記載方法について / 工事関連業務委託における新制度について
jc-d2732398,豊橋市 入札参加停止（指名停止）,https://www.city.toyohashi.lg.jp/2591.htm,市区町村,案件探索,,curl（bin/sweep_channels.py）,1,,11,未巡回,**2026-10-05：2段たどって発見。**候補パス37本を当てに行った道具は「26自治体に届かない」と報告したが、同じ26ホストのトップを HTTP コードで実測すると20が200を返した。**届かなかったのはネットワークではなく、こちらのURLの当て推量だった。**サイト自身が張っているリンクを2段たどって発見（案件行 11件）。例＝入札参加停止（指名停止） / 物品売却に係る入札公告について（使用済タブレット端末等の売却） / 令和８・９年度用 入札参加資格審査申請について
jc-4c89e56a,豊橋市 入札参加停止（指名停止）,https://www.city.toyohashi.lg.jp/2588.htm,市区町村,案件探索,,curl（bin/sweep_channels.py）,1,,4,未巡回,**2026-10-05：2段たどって発見。**候補パス37本を当てに行った道具は「26自治体に届かない」と報告したが、同じ26ホストのトップを HTTP コードで実測すると20が200を返した。**届かなかったのはネットワークではなく、こちらのURLの当て推量だった。**サイト自身が張っているリンクを2段たどって発見（案件行 4件）。例＝入札参加停止（指名停止） / 令和6年度入札参加停止措置業者一覧 / 令和7年度入札参加停止措置業者一覧
jc-e048af3f,長崎市 「UIターンマーケティング等業務委託」公募型プロポーザル,https://www.city.nagasaki.lg.jp/life/5/38/,市区町村,案件探索,,curl（bin/sweep_channels.py）,1,,21,未巡回,**2026-10-05：2段たどって発見。**候補パス37本を当てに行った道具は「26自治体に届かない」と報告したが、同じ26ホストのトップを HTTP コードで実測すると20が200を返した。**届かなかったのはネットワークではなく、こちらのURLの当て推量だった。**サイト自身が張っているリンクを2段たどって発見（案件行 21件）。例＝「UIターンマーケティング等業務委託」公募型プロポーザルの参加業者を募集します！ / 「長崎駅東西軸イルミネーション企画運営等業務」公募型プロポーザルの結果 / 「長崎原爆資料館二酸化炭素消火設備ボンベ取替修繕」に係る制限付一般競争入札を実
jc-d7ceff66,長崎市 【募集期間を12月28日まで延長しました】職場環境改善事,https://www.city.nagasaki.lg.jp/life/5/42/,市区町村,案件探索,,curl（bin/sweep_channels.py）,1,,9,未巡回,**2026-10-05：2段たどって発見。**候補パス37本を当てに行った道具は「26自治体に届かない」と報告したが、同じ26ホストのトップを HTTP コードで実測すると20が200を返した。**届かなかったのはネットワークではなく、こちらのURLの当て推量だった。**サイト自身が張っているリンクを2段たどって発見（案件行 9件）。例＝【募集期間を12月28日まで延長しました】職場環境改善事業費補助金（令和8年物価高騰対策関連） / 長崎市省エネ・省力化推進事業費補助金（令和8年物価高騰対策関連） / 【令和8年11月30日まで申請募集期限を延長しました】令和8年度長崎市
jc-abdb722b,長崎市 入札参加資格審査申請手続き見直しのお知らせ【建設工事・建,https://www.city.nagasaki.lg.jp/site/keiyaku/,市区町村,案件探索,,curl（bin/sweep_channels.py）,1,,8,未巡回,**2026-10-05：2段たどって発見。**候補パス37本を当てに行った道具は「26自治体に届かない」と報告したが、同じ26ホストのトップを HTTP コードで実測すると20が200を返した。**届かなかったのはネットワークではなく、こちらのURLの当て推量だった。**サイト自身が張っているリンクを2段たどって発見（案件行 8件）。例＝入札参加資格審査申請手続き見直しのお知らせ【建設工事・建設コンサル・物品製造等】(令和8年9月25日) / 令和8年9月7日付で公告した長崎市公告契第1-315号の公告を訂正します。（令和8年9月8日） （PDFファイル／99KB） / 令
jc-0fd06e56,長野市 長野市電子入札・入札情報システム,https://www.city.nagano.nagano.jp/menu/7/index.html,市区町村,案件探索,,curl（bin/sweep_channels.py）,1,,8,未巡回,**2026-10-05：2段たどって発見。**候補パス37本を当てに行った道具は「26自治体に届かない」と報告したが、同じ26ホストのトップを HTTP コードで実測すると20が200を返した。**届かなかったのはネットワークではなく、こちらのURLの当て推量だった。**サイト自身が張っているリンクを2段たどって発見（案件行 8件）。例＝長野市電子入札・入札情報システム / 長野市の入札（見積）に参加される事業者の皆様へ / 入札・契約関連規定
jc-7a532ff0,"長野市 入札案内書（PDF：2,412KB）",https://www.city.nagano.nagano.jp/n028000/contents/p003825.html,市区町村,案件探索,,curl（bin/sweep_channels.py）,1,,5,未巡回,"**2026-10-05：2段たどって発見。**候補パス37本を当てに行った道具は「26自治体に届かない」と報告したが、同じ26ホストのトップを HTTP コードで実測すると20が200を返した。**届かなかったのはネットワークではなく、こちらのURLの当て推量だった。**サイト自身が張っているリンクを2段たどって発見（案件行 5件）。例＝入札案内書（PDF：2,412KB） / 一般競争入札参加申込書（ワード：25KB） / 入札書（ワード：21KB）"
jc-10fe3949,青森市 入札・契約（水道）,https://www.city.aomori.aomori.jp/sangyo_koyou/jigyosha/index.html,市区町村,案件探索,,curl（bin/sweep_channels.py）,1,,29,未巡回,**2026-10-05：2段たどって発見。**候補パス37本を当てに行った道具は「26自治体に届かない」と報告したが、同じ26ホストのトップを HTTP コードで実測すると20が200を返した。**届かなかったのはネットワークではなく、こちらのURLの当て推量だった。**サイト自身が張っているリンクを2段たどって発見（案件行 29件）。例＝入札・契約（水道） / 青森市電子入札ポータルサイト / 【再公告】青森市新田浄化センター包括的運転管理業務公募型プロポーザルの実施について
jc-a215ebbc,青森市 【再公告】青森市新田浄化センター包括的運転管理業務公募型,https://www.city.aomori.aomori.jp/sangyo_koyou/index.html,市区町村,案件探索,,curl（bin/sweep_channels.py）,1,,3,未巡回,**2026-10-05：2段たどって発見。**候補パス37本を当てに行った道具は「26自治体に届かない」と報告したが、同じ26ホストのトップを HTTP コードで実測すると20が200を返した。**届かなかったのはネットワークではなく、こちらのURLの当て推量だった。**サイト自身が張っているリンクを2段たどって発見（案件行 3件）。例＝【再公告】青森市新田浄化センター包括的運転管理業務公募型プロポーザルの実施について / 青森市中央卸売市場業務条例及び青森市公設地方卸売市場業務条例等の改正 / 青森市Uターン人材インターンシップ受入促進補助金
jc-af43a08e,静岡市 【選定結果の公表】公募型プロポーザル「静岡市移住プロモー,https://www.city.shizuoka.lg.jp/p000345.html,市区町村,案件探索,,curl（bin/sweep_channels.py）,1,,99,未巡回,**2026-10-05：2段たどって発見。**候補パス37本を当てに行った道具は「26自治体に届かない」と報告したが、同じ26ホストのトップを HTTP コードで実測すると20が200を返した。**届かなかったのはネットワークではなく、こちらのURLの当て推量だった。**サイト自身が張っているリンクを2段たどって発見（案件行 99件）。例＝【選定結果の公表】公募型プロポーザル「静岡市移住プロモーション業務」 / 静岡おみやげアイデアコンテスト商品化検討事業者の募集について / 【二次公募】静岡市お茶ツーリズム体験プログラム高付加価値化補助金
jc-e02a3589,静岡市 令和8年度静岡市会計年度任用職員（健康相談窓口業務）の募,https://www.city.shizuoka.lg.jp/s8493/s013065.html,市区町村,案件探索,,curl（bin/sweep_channels.py）,1,,26,未巡回,**2026-10-05：2段たどって発見。**候補パス37本を当てに行った道具は「26自治体に届かない」と報告したが、同じ26ホストのトップを HTTP コードで実測すると20が200を返した。**届かなかったのはネットワークではなく、こちらのURLの当て推量だった。**サイト自身が張っているリンクを2段たどって発見（案件行 26件）。例＝令和8年度静岡市会計年度任用職員（健康相談窓口業務）の募集 葵区役所健康支援課 / 令和9年4月採用静岡市会計年度任用職員（フルタイム調理栄養士業務・調理員業務）の募集 市立こども園 / 令和9年度採用静岡市会計年度任用職員（学校用務員業務
jc-3541ec7d,静岡市 支援制度・補助金,https://www.city.shizuoka.lg.jp/p009299.html,市区町村,案件探索,,curl（bin/sweep_channels.py）,1,,4,未巡回,**2026-10-05：2段たどって発見。**候補パス37本を当てに行った道具は「26自治体に届かない」と報告したが、同じ26ホストのトップを HTTP コードで実測すると20が200を返した。**届かなかったのはネットワークではなく、こちらのURLの当て推量だった。**サイト自身が張っているリンクを2段たどって発見（案件行 4件）。例＝支援制度・補助金 / 物品調達に係る入札情報（契約課所管分） / 建設工事及び建設業関連業務のご案内(入札及び契約、入札参加資格の認定等)
jc-2612db9b,鹿児島県 入札情報・資格審査,https://www.pref.kagoshima.jp/kensei/nyusatu/nyusatujoho/index.html,都道府県,案件探索,,curl（bin/sweep_channels.py）,1,,173,未巡回,**2026-10-05：2段たどって発見。**候補パス37本を当てに行った道具は「26自治体に届かない」と報告したが、同じ26ホストのトップを HTTP コードで実測すると20が200を返した。**届かなかったのはネットワークではなく、こちらのURLの当て推量だった。**サイト自身が張っているリンクを2段たどって発見（案件行 173件）。例＝入札情報・資格審査 / 令和８年度「学生とＵＩターン希望者のためのオンライン合同企業説明会」の開催・運営業務委託に係る企画提案を募集します / 本田Ⅱ県行造林の立木売却処分に係る一般競争入札について（公告）
jc-6105252e,鹿児島県 厚生労働省「キャリアアップ助成金」ページ（外部サイトへリ,https://www.pref.kagoshima.jp/af04/sangyo-rodo/rodo/zyosei/partjyosei.html,都道府県,案件探索,,curl（bin/sweep_channels.py）,1,,6,未巡回,**2026-10-05：2段たどって発見。**候補パス37本を当てに行った道具は「26自治体に届かない」と報告したが、同じ26ホストのトップを HTTP コードで実測すると20が200を返した。**届かなかったのはネットワークではなく、こちらのURLの当て推量だった。**サイト自身が張っているリンクを2段たどって発見（案件行 6件）。例＝厚生労働省「キャリアアップ助成金」ページ（外部サイトへリンク） / 業務改善助成金を御活用ください（最低賃金引上げに向けた支援事業） / 人材開発支援助成金を御活用ください
jc-1ef5dc4b,鹿児島県 業務改善助成金を御活用ください（最低賃金引上げに向けた支,https://www.pref.kagoshima.jp/sangyo-rodo/rodo/zyosei/index.html,都道府県,案件探索,,curl（bin/sweep_channels.py）,1,,5,未巡回,**2026-10-05：2段たどって発見。**候補パス37本を当てに行った道具は「26自治体に届かない」と報告したが、同じ26ホストのトップを HTTP コードで実測すると20が200を返した。**届かなかったのはネットワークではなく、こちらのURLの当て推量だった。**サイト自身が張っているリンクを2段たどって発見（案件行 5件）。例＝業務改善助成金を御活用ください（最低賃金引上げに向けた支援事業） / 人材開発支援助成金を御活用ください / 雇用調整助成金について
jc-dbf5a170,富山県 入札情報・公共工事・公募型プロポーザル,https://www.pref.toyama.jp/jigyousha/index.html,都道府県,案件探索,,curl（bin/sweep_channels.py）,1,,5,未巡回,**2026-10-05：候補パスの再試行で発見。**候補パス37本を当てに行った道具は「26自治体に届かない」と報告したが、同じ26ホストのトップを HTTP コードで実測すると20が200を返した。**届かなかったのはネットワークではなく、こちらのURLの当て推量だった。**サイト自身が張っているリンクを2段たどって発見（案件行 5件）。例＝入札情報・公共工事・公募型プロポーザル / 電子入札（工事、業務） / 電子入札（物品）
jc-8c1bd72b,山形県 山形県被災中小企業支援事業費補助金,https://www.pref.yamagata.jp/sangyo/shokogyo/index.html,都道府県,案件探索,,curl（bin/sweep_channels.py）,1,,14,未巡回,**2026-10-05：候補パスの再試行で発見。**候補パス37本を当てに行った道具は「26自治体に届かない」と報告したが、同じ26ホストのトップを HTTP コードで実測すると20が200を返した。**届かなかったのはネットワークではなく、こちらのURLの当て推量だった。**サイト自身が張っているリンクを2段たどって発見（案件行 14件）。例＝山形県被災中小企業支援事業費補助金 / 山形県ＸＲビジネス実証事業費補助金 / 山形県中小企業まるっとサポート補助金
tokyo-kosha-keiyaku,東京都中小企業振興公社 契約情報（希望申出の一覧）,https://www.tokyo-kosha.or.jp/kosha/keiyaku/,都の外郭団体,案件探索,,curl（表はHTMLに出る。希望申出の受付と仕様書はビジネスチャンス・ナビ側）,1,2026-10-05,62,巡回済み,**2026-10-05 22:55、ここを持っていなかったために「ギフト・ショー春2027 公社パビリオン出展業務」（希望申出 10/6 14:00）を残り15時間で検出した。**令和8年度の契約情報が整理番号1〜63まで1枚の表で並ぶ。**公社は東京手仕事と同じ発注者で、当社の本業そのものが毎年ここに出る。**同じ表から 産業交流展2026「公社総合展示ゾーン」ブースに係る業務委託（希望申出 9/7 14:00）も取り逃していた。／**最大の発見：公社の契約に東京都の等級要件は無い。**「選定の制限」は①法令上の許可 ②著しい経営状態の悪化 ③当該業務について1年以上の営業経歴が無い ④東京都の指名停止 ⑤社会的信用の失墜 の5項目のみ（https://www.tokyo-kosha.or.jp/kosha/keiyaku/infomation.html）。**産業交流展2026（2.6億円）で等級の壁に当たった件とは別の入口である。**／ビジネスチャンス・ナビのトップは回転表示で、同じ案件が見えても詳細が読めない。**発注者の自社サイトに同じ表がある場合は、そちらを正本として持つ。**
tcvb-keiyaku,東京観光財団（TCVB）契約情報（希望申出の一覧）,https://www.tcvb.or.jp/jp/agreement/2026/,都の外郭団体,案件探索,,curl（表はHTMLに出る。bin/gaikaku_keiyaku.py が受付中だけを出す）,1,2026-10-08,52,巡回済み,**2026-10-08、MICE誘致（ジャカルタ）の一次資料を読みに行ったページの左メニューに「2026年度の契約情報」があり、そこで初めて見つけた。**公社と同じ型の表（整理番号・公表日・件名・希望申出期間・受付状況）で令和8年度52件。**受付中は1件のみだった**＝令和8年度「地域資源発掘型プログラム事業」に係る地域観光プロモーター業務委託(第2回)／希望申出 10/09 12:00（残り27時間で検出）。／**東京観光財団は東京都の外郭団体で、観光プロモーション・招聘・ファムトリップ・PR映像・商談会運営を年50件以上発注している。**当社の本業と重なる。52件のうち終了51件には「中東市場向け旅行会社招聘旅行等運営業務」「海外映像制作者向けPR映像制作」「都市間連携ファムトリップ」「島しょ地域MICE誘致促進」などが並ぶ。**来年度の予測根拠として全件を残す。**／**希望申出と仕様書はビジネスチャンス・ナビ上だが、TCVB は「ご登録前に仕様書等を確認されたい場合は keiyaku@tcvb.or.jp まで」と明記している。ナビに入れなくても仕様書を取り寄せられる。**／公社のときと同じ発見の型である＝**発注者の自社サイトに同じ表があるなら、そちらを正本として持つ。**
