自治体,ホスト,ハブの名前,URL,案件行の数,見出しの例
北海道,www.pref.hokkaido.lg.jp,入札結果等の公表（漁業管理課）水産林務部漁業管理課,https://www.pref.hokkaido.lg.jp/sr/ggk/nyuusatukekka.html,16,入札・調達・売却 / 令和８年度ＡＩドローンによる密漁監視実証実験委託業務（終了） / 入札結果記録表(HP) (PDF 49.7KB)
北海道,www.pref.hokkaido.lg.jp,入札等の結果の公表について(R6.4.1~)ゼロカーボン戦略課,https://www.pref.hokkaido.lg.jp/kz/zcs/185675.html,15,入札・調達・売却 / 北海道空知合同庁舎ソーラー発電システム等一式設置工事実施設計委託業務（R8.5月 / 北海道根室合同庁舎ソーラー発電システム等一式設置工事実施設計委託業務（R8.5月
北海道,www.pref.hokkaido.lg.jp,入札・調達・売却,https://www.pref.hokkaido.lg.jp/category/d003/,9,入札・調達・売却 / レンタカー利用契約(R8.9.29開札_一般競争入札)契約マネジメントセンター / 令和8年度（2026年度）道産木材を活用した庁舎木質化及び普及啓発資料作成委託業
青森県,www.pref.aomori.lg.jp,制限付き一般競争入札及び一般競争入札（特定調達契約に係るものを除く。）について【物品調達】（会計管理課）,https://www.pref.aomori.lg.jp/soshiki/suito/keiri/r8_seigenippankyousou.html,98,物品調達・入札情報 / 公告文[121KB] / 入札説明書[906KB]
青森県,www.pref.aomori.lg.jp,補助金・助成金,https://www.pref.aomori.lg.jp/hojokin/index.html,9,補助金・助成金の新着情報一覧 / 青森県トラック運送事業者物価高騰対策事業費補助金（令和8年度第2弾）のお知らせ  / 【公募開始】事業用自家消費型太陽光発電設備等導入支援事業費補助金 地域企業支援課
青森県,www.pref.aomori.lg.jp,公募・募集,https://www.pref.aomori.lg.jp/boshu/index.html,5,公募・募集の新着情報一覧 / 青森県内所在の防衛施設に係る入札等調達情報の発信 地域企業支援課 [2026年1 / 令和８年度障がい者の生涯学習プログラムの企画等業務委託企画提案競技について（2次
岩手県,www.pref.iwate.jp,岩手県立釜石病院新築工事基本設計業務に係る公募型プロポーザルに関する質問回答について（10月5日更新）,https://www.pref.iwate.jp/kensei/nyuusatsu/compe/sanka/1102077.html,681,入札・コンペ・公募情報 / 【公告】岩手県立釜石病院新築工事基本設計業務に係る公募型プロポーザルの実施につい / 岩手県立黒沢尻工業高等学校半導体実習施設整備事業設計・施工者選定プロポーザルに関
岩手県,www.pref.iwate.jp,岩手県立黒沢尻工業高等学校半導体実習施設整備事業設計・施工者選定プロポーザルに関する質問回答について（10月5日更新）,https://www.pref.iwate.jp/kensei/nyuusatsu/compe/sanka/1102185.html,680,入札・コンペ・公募情報 / 【公告】岩手県立黒沢尻工業高等学校半導体実習施設整備事業設計・施工者選定プロポー / 岩手県立病院ターゲティング広告業務に係る企画提案の募集について
岩手県,www.pref.iwate.jp,その他入札情報,https://www.pref.iwate.jp/kensei/nyuusatsu/sonota/index.html,244,入札・コンペ・公募情報 / 【入札公告】令和9年県の施策に関する県民意識調査（補足調査）業務 / 【入札公告】令和9年岩手県の東日本大震災津波からの復興に関する意識調査
宮城県,www.pref.miyagi.jp,令和8年度訪問介護等サービス提供体制確保支援事業補助金について,https://www.pref.miyagi.jp/soshiki/chouju/houmonkaigo/r8.html,15,訪問介護等サービス提供体制確保支援事業補助金交付要綱（PDF：295KB） / 【追加】令和８年度訪問介護等サービス提供体制確保支援事業 補助金に関するＱ＆Ａ【 / 令和８年度訪問介護等サービス提供体制確保支援事業補助金の問い合わせフォーム
宮城県,www.pref.miyagi.jp,「令和8年度内定者交流会及び県外出身大学生向けバスツアー実施業務」の企画提案募集について,https://www.pref.miyagi.jp/soshiki/zinzi/proposal/08kouryukai_bustour.html,8,企画提案募集要領（PDF：522KB）（別ウィンドウで開きます） / （別紙）企画提案に係る仕様書（PDF：918KB）（別ウィンドウで開きます） / 企画提案に関する質問への回答（PDF：151KB）（別ウィンドウで開きます）
秋田県,www.pref.akita.lg.jp,「秋田県再エネ工業団地（下新城地区）電力供給事業」中核事業者等募集における公募型プロポーザルの実施について,https://www.pref.akita.lg.jp/pages/archive/96269,157,電子手続き・入札・補助金等 / 電子入札・入札・コンペ / １．秋田県再エネ工業団地（下新城地区）電力供給事業中核事業者等 募集要項（令和8
秋田県,www.pref.akita.lg.jp,電子手続き・入札・補助金等,https://www.pref.akita.lg.jp/pages/genre/11700,6,電子手続き・入札・補助金等 / 電子入札・入札・コンペの関連ジャンル / 建設工事・建設コンサルタント業務
福島県,www.pref.fukushima.lg.jp,条件付き一般競争入札等の公告等について（物品購入・修繕・工事・業務委託）,https://www.pref.fukushima.lg.jp/site/minamiaidu-hp/nyusatsujoho-buppinsyuuzen.html,83,入札公告等に関する回答書の閲覧はこちら / 入札公告 [PDFファイル／187KB] / 入札説明書 [PDFファイル／267KB]
福島県,www.pref.fukushima.lg.jp,建設工事、その他一般競争入札等の公告・結果について,https://www.pref.fukushima.lg.jp/sec/70013a/zaimu01.html,24,福島県立図書館公開図書室系統空調機空気ばね防振装置修繕業務 / 空調設備等保守管理業務委託 / いわき総合高等学校好間校舎閉校に伴う物品等の移動及び廃棄処分マネジメント業務委託
福島県,www.pref.fukushima.lg.jp,入札・契約情報の一覧を見る,https://www.pref.fukushima.lg.jp/sec/list10-1.html,22,建設工事、その他一般競争入札等の公告・結果について / 条件付き一般競争入札等の公告等について（物品購入・修繕・工事・業務委託） / 公共工事条件付一般競争入札公告（南会津地方振興局出納室）
茨城県,www.pref.ibaraki.jp,入札情報,https://www.pref.ibaraki.jp/shiru/nyusatsu-chotatsu/index.html,10,システムの入口（電子調達システム・入札情報サービス） / 入札手続き関連（物品・役務） / 入札参加資格申請（物品・役務）
茨城県,www.pref.ibaraki.jp,助成・支援金,https://www.pref.ibaraki.jp/joseikinshienkin/index.html,8,自立・分散型エネルギー設備（家庭用蓄電池）導入促進事業費補助金 / 地域公共交通経営改善支援事業費補助金について / 茨城県医療的ケア児施設開設準備支援事業費補助金について
栃木県,www.pref.tochigi.lg.jp,入札・公売,https://www.pref.tochigi.lg.jp/kensei/nyuusatsu/index.html,9,入札・公募（公共事業） / 入札・公募（広告掲載） / 入札・公募（業務委託）
群馬県,www.pref.gunma.jp,入札・公売・公募情報,https://www.pref.gunma.jp/adv/ba.php?id=14,12,入札／公売／公募 / 【公募】令和8年度建設事業者向け外国人材受入れセミナー実施業務委託に係る公募型プ / 【落札公告】群馬県技能検定場LED照明器具賃貸借に係る条件付き一般競争入札結果
埼玉県,www.pref.saitama.lg.jp,電子入札 総合案内,https://www.pref.saitama.lg.jp/a0212/densinyusatsu/index.html,11,埼玉県電子入札総合案内トップページ（システム入口） / 電子入札を始めるための準備 / 利用規約／電子入札運用基準／ウェブアクセシビリティ
千葉県,www.pref.chiba.lg.jp,中小企業者向け助成金,https://www.pref.chiba.lg.jp/keisei/zaisei/shiensaku.html,10,助成金｜公益財団法人千葉県産業振興センターホームページ / 千葉県地域課題解決型起業支援事業補助金 / 千葉県 医療機器等開発支援補助金
千葉県,www.pref.chiba.lg.jp,ちば電子調達システム,https://www.pref.chiba.lg.jp/jousei/kensetsukouji/system/index.html,4,電子入札システム設定手順（別ウインドウで表示） / 「ちば電子調達システム」入札参加資格審査申請様式のページ（別ウインドウで表示） / 千葉県の入札・契約（建設工事・測量等）
東京都,www.metro.tokyo.lg.jp,助成・補助金,https://www.metro.tokyo.lg.jp/purpose/grant?utm_source=search&amp;utm_medium=internal&amp;utm_id=sidebar,3,ほかの助成・補助金に関する記事を探す / 補助金（財務局） / ポータルサイト「My TOKYO」個人向け新着記事（助成・補助金）
東京都,www.metro.tokyo.lg.jp,公募・募集,https://www.metro.tokyo.lg.jp/purpose/opencall?utm_source=search&amp;utm_medium=internal&amp;utm_id=sidebar,3,ほかの「公募・募集」に関する記事を探す / ポータルサイト「My TOKYO」個人向け新着記事（公募・募集） / ポータルサイト「My TOKYO」事業者向け新着記事（事業者募集）
東京都,www.metro.tokyo.lg.jp,助成・給付金・融資,https://www.metro.tokyo.lg.jp/search?keyword=&amp;category=163887,3,TIBにおけるテストマーケティング等プロジェクト実施事業者の募集 東京都スタート / 定期募集（８月） 東京都住宅政策本部の定期募集（８月）(３.定期募集（8月・2月 / 定期募集（２月） 東京都住宅政策本部の定期募集（２月）(３.定期募集（8月・2月
新潟県,www.pref.niigata.lg.jp,入札・発注・売却,https://www.pref.niigata.lg.jp/life/sub/8/,16,入札・発注・売却 / クロスチェーンの購入（一般競争入札、入札日10月21日）上越地域整備部 / 入札結果「冷温水発生機の分解点検整備業務委託」（入札日令和8年9月18日）長岡児
新潟県,www.pref.niigata.lg.jp,補助・助成・融資,https://www.pref.niigata.lg.jp/life/sub/5/,11,入札・発注・売却 / 補助金のお知らせ（克雪すまいづくり支援事業・命綱固定アンカー普及促進事業） / ビジネス変革応援事業補助金のページは移行しました。
新潟県,www.pref.niigata.lg.jp,クロスチェーンの購入（一般競争入札、入札日10月21日）上越地域整備部,https://www.pref.niigata.lg.jp/site/jouetsu/0858997.html,6,入札・発注・売却 / 入札公告 [PDFファイル／89KB] / 入札説明書 [PDFファイル／138KB]
福井県,www.pref.fukui.lg.jp,助成・融資,https://www.pref.fukui.lg.jp/objective-info/aiding/index.html,34,令和８年度生産性向上推進事業補助金の三次募集について / 【申請受付中】令和８年度交通事業者・福祉施設等への緊急支援事業（電気料・燃料価格 / 【申請受付中】令和８年度交通事業者・福祉施設等への緊急支援事業（電気料・燃料価格
福井県,www.pref.fukui.lg.jp,公共工事(電子入札),https://www.pref.fukui.lg.jp/doc/kanri/mitoosi.html,28,公共事業・入札手続き / 令和8年4月1日より福井県工事請負契約約款の改正が施行されます。 / 令和7年4月1日より福井県工事請負契約約款と公共土木設計業務等委託契約約款 の改
福井県,www.pref.fukui.lg.jp,物品等(電子入札),https://www.pref.fukui.lg.jp/doc/kaikei/buppin.html,13,福井県会計局会計課（集中調達案件）の一般競争入札の新着情報 / 入札心得（物品等電子入札用）（PDF） / 福井県物品等電子入札運用基準（PDF）
山梨県,www.pref.yamanashi.jp,複数現場整理作業に係るノートパソコン等賃貸借の一般競争入札公告,https://www.pref.yamanashi.jp/shinchaku/kouko-hak/hukusuu_pc_simoki_koukoku2.html,5,入札・公共事業関係 / 入札・契約・結果 / 公告（入札・公売等）
長野県,www.pref.nagano.lg.jp,入札・調達,https://www.pref.nagano.lg.jp/kensei/nyusatsu/index.html,14,公共工事入札・契約情報 / 競争入札参加資格（建設工事等） / 物品・委託等調達情報
岐阜県,www.pref.gifu.lg.jp,入札・公売,https://www.pref.gifu.lg.jp/site/bid/,37,公園工第交R8-1号 公共 都市公園事業（交付金） 養老公園不動橋 橋梁補修工事 / 【建設工事】公交工第R8HT-05-02-1号 / 公共 通学路緊急対策補助事業 / ぎふっこカード等作成及び発送業務委託に関する一般競争入札公告
岐阜県,www.pref.gifu.lg.jp,補助金・優遇制度情報,https://www.pref.gifu.lg.jp/life/sub/10/,4,令和8年度未来の農業を拓く海外販路構築支援事業補助金 / 岐阜県高齢者施設等防災・減災対策等補助金 / 香港バイヤーとの個別商談会の参加事業者を募集します
静岡県,www.pref.shizuoka.jp,入札・公募・公売,https://www.pref.shizuoka.jp/kensei/nyusatsukobai/index.html,19,入札・公募・公売 / 入札情報（建設工事） / 静岡県電子入札システムポータルサイト（外部リンク）
愛知県,www.pref.aichi.jp,入札・契約・公売,https://www.pref.aichi.jp/adv/ba.php?id=609,37,元愛知県立海翔高等学校及び元愛知県立尾西高等学校跡地売却に向けた公募型プロポーザ / 【質問及び回答を追加しました】「2026年度AI活用農業地域展開促進業務」 の委 / 春季リニモ利用促進イベント開催業務委託先公募のお知らせ
愛知県,www.pref.aichi.jp,電子調達（物品等）,https://www.pref.aichi.jp/adv/ba.php?id=654,5,入札・契約・公売情報 / 入札参加資格申請システム（物品等）について / 電子入札システム（物品等）について
三重県,www.pref.mie.lg.jp,電子入札,https://www.pref.mie.lg.jp/ebid-mie/index.htm,3,入札参加資格及び落札資格等 / 低入札価格調査（物件） / 企画提案コンペ情報
滋賀県,www.pref.shiga.lg.jp,事業者向け支援・助成・補助,https://www.pref.shiga.lg.jp/menu/14977.html,21,滋賀県物価高騰対策大学連携プロジェクト研究補助金の募集について（３次募集） / 不登校等の子ども相談支援強化事業補助金の追加申請について / 首都圏バイヤーとの商談会の参加事業者を募集します（首都圏マーケット開拓支援事業）
滋賀県,www.pref.shiga.lg.jp,入札参加資格,https://www.pref.shiga.lg.jp/menu/14969.html,15,入札・売却・指定管理 / 物品・役務および庁舎等管理業務に係る競争入札参加資格審査申請について / 入札参加資格【新規登録・システム申請】
滋賀県,www.pref.shiga.lg.jp,入札関連情報,https://www.pref.shiga.lg.jp/menu/14968.html,6,公告一覧（物品・役務） / 森林整備等入札公告一覧 / 入札等に関する質問および回答
京都府,www.pref.kyoto.jp,入札・プロポーザル情報一覧を見る,https://www.pref.kyoto.jp/shinchaku/nyusatsu/index.html,37,令和8年度原子力防災活動資機材保守点検及び補修業務に係る一般競争入札の実施につい / 京都府総合庁舎等及び京都府立学校等の電力調達入札について / 府営住宅退去者滞納家賃等の回収業務委託に係る入札について
京都府,www.pref.kyoto.jp,府営住宅退去者滞納家賃等の回収業務委託に係る入札について,https://www.pref.kyoto.jp/jutaku/news/2022bengoshiitaku.html,7,入札公告（PDF：243KB） / 入札書封筒の作成について（PDF：376KB） / 業務処理要領（PDF：107KB）
京都府,www.pref.kyoto.jp,令和8年度原子力防災活動資機材保守点検及び補修業務に係る一般競争入札の実施について,https://www.pref.kyoto.jp/kikikanri/news/r8genshiryokusikizai.html,3,入札公告（PDF：170KB） / 入札説明書（PDF：480KB） / 各種様式及び記載例（ワード：126KB）（入札説明書別記・別紙）（ワード：133
兵庫県,web.pref.hyogo.lg.jp,入札・公売情報,https://web.pref.hyogo.lg.jp/pref/cate3_625.html,17,【お知らせ】受託業務の再委託等に関する取扱いについて（PDF：177KB） / 入札情報サービス（土木部、まちづくり部、農林水産部、環境部、企業庁関連） / 委託・役務、工事・設計、その他他団体の公共工事の発注見通しについて
和歌山県,www.pref.wakayama.lg.jp,入札情報一覧へ,https://www.pref.wakayama.lg.jp/whatsnew/nyusatsu.html,268,公共工事等入札・契約情報 / (公共工事等入札情報システム) / (公共工事等電子入札システム)
和歌山県,www.pref.wakayama.lg.jp,10月1日 【申請受付中】和歌山県物品・役務の入札参加資格に係る新規・更新申請の受付を開始しました！（11月2日（月）ま,https://www.pref.wakayama.lg.jp/prefg/120200/d00222283.html,7,業務種目及び担当課一覧はこちらをご確認ください / 和歌山県物品の購入、役務の提供等の契約に係る競争入札参加資格審査申請の手引き【電 / 和歌山県物品の購入、役務の提供等の契約に係る競争入札参加資格審査申請の手引き【用
和歌山県,www.pref.wakayama.lg.jp,9月29日 令和8年度ひだかクラウドファンディング活用推進プロジェクト業務委託プロポーザルに係る公募について,https://www.pref.wakayama.lg.jp/prefg/130500/chiikisinnkoubu/d00222734.html,3,06_(様式3)_企画提案書_記載例 / 01_公募要領 (ＰＤＦ形式 966キロバイト) / 06_(様式3)_企画提案書_記載例 (ＰＤＦ形式 159キロバイト)
鳥取県,www.pref.tottori.lg.jp,【１０月１日公告】公有財産の売却に係る一般競争入札（鳥取市内１物件）,https://www.pref.tottori.lg.jp/325578.htm,3,現在入札公告中の物件（令和８年度） / 業務適正化の取組 / 入札公告 (pdf:90KB)
鳥取県,www.pref.tottori.lg.jp,【調達公告】令和８年度鳥取県庁内LANネットワーク機器賃貸借,https://www.pref.tottori.lg.jp/330492.htm,3,【調達公告】令和８年度鳥取県庁内LANネットワーク機器賃貸借 / 調達公告(pdf:187KB) / 入札説明書(pdf:236KB)
島根県,www.pref.shimane.lg.jp,入札情報,https://www.pref.shimane.lg.jp/bid_info/,15,電子入札システムポータルサイト（外部サイト） / 物品の売買、借入れ等に関する入札参加資格の申請及び変更届のページへ / 庁舎の清掃業務、警備業務等の委託、電気供給業務の契約に係る入札参加資格の申請・変
島根県,www.pref.shimane.lg.jp,【企業局経営課】江津高野山風力発電所の譲渡に係る一般競争入札について掲載しました,https://www.pref.shimane.lg.jp/bid_info/bid_kigyo/takanoyama.html,6,入札公告（企業局） / 様式１（入札参加資格審査申請書） / 様式３（入札参加資格に関する誓約書）
岡山県,www.pref.okayama.jp,物品調達,https://www.pref.okayama.jp/adv/ba.php?id=129,38,岡山県立美術館で使用する電気の調達に係る一般競争入札(条件付)への質問について / 一般競争入札（条件付）を更新しました / 岡山県立倉敷南高等学校 情報教室教育用電子計算組織一式借上に係る一般競争入札（条
岡山県,www.pref.okayama.jp,入札・業務委託,https://www.pref.okayama.jp/adv/ba.php?id=131,28,令和８年度総合防災訓練会場設営等業務委託について（公告） / 岡山県立美術館で使用する電気の調達に係る一般競争入札(条件付)への質問について / 【公告】海外でのイメージアップ戦略等の実施に係る業務に関する技術提案の実施につい
岡山県,www.pref.okayama.jp,岡山県立美術館で使用する電気の調達に係る一般競争入札(条件付)への質問について,https://www.pref.okayama.jp/site/321/1059872.html,15,岡山県立美術館で使用する電気の調達に係る一般競争入札(条件付)に対する質問・回答 / 電子入札システムポータルサイト / 入札公告（建物等の保守管理）
広島県,www.pref.hiroshima.lg.jp,入札情報の一覧を見る,https://www.pref.hiroshima.lg.jp/soshiki/list15-1.html,25,一般競争入札 Myqa Accept 測定用ノートＰｃ （健康づくり推進課） / 庁用自動車６台のリース調達に係る一般競争入札（広島県東部こども家庭センター） / 【一般競争入札】広島県立総合体育館全熱交換器（HEX102A系統）修繕工事の実施
広島県,www.pref.hiroshima.lg.jp,令和８年度 凍結防止剤の調達（北部総務事務所）,https://www.pref.hiroshima.lg.jp/site/nyusatsukeiyaku/touketuboushi8.html,18,入札・契約等調達関係の情報 / 公告の写し (PDFファイル)(248KB) / 入札説明書 (PDFファイル)(143KB)
広島県,www.pref.hiroshima.lg.jp,令和８年度凍結防止剤の調達（北部総務事務所 総務第二課）,https://www.pref.hiroshima.lg.jp/site/nyusatsukeiyaku/koukoku20260928.html,17,入札・契約等調達関係の情報 / 1. 公告 (PDFファイル)(239KB) / 2. 入札説明書 (PDFファイル)(153KB)
山口県,www.pref.yamaguchi.lg.jp,入札・調達・売却,https://www.pref.yamaguchi.lg.jp/soshiki/list8-1.html,23,山口県漁業取締船「きらかぜ」の売却に係る一般競争入札の実施について / 公共施設台帳管理システム構築及び運用保守業務公募型プロポーザルの実施について / （物品管理課・物品調達） オープンカウンター公告掲示板
山口県,www.pref.yamaguchi.lg.jp,電子入札（物品調達等・業務委託）,https://www.pref.yamaguchi.lg.jp/soshiki/159/159750.html,6,電子入札システム（物品調達等・業務委託）入口 / 「山口県入札情報ポータルサイト・トップ【建設工事等】」 / 電子入札システム（物品調達等・業務委託）利用のための事前準備
山口県,www.pref.yamaguchi.lg.jp,電子入札（建設工事等）,https://www.pref.yamaguchi.lg.jp/soshiki/127/23376.html,4,電子入札（物品調達等・業務委託）について / 電子入札システムの改修について（R6.3.11～） （PDF：199KB） / 電子入札コアシステム対応の民間認証局お問い合わせ一覧｜電子入札コアシステム（Ja
徳島県,www.pref.tokushima.lg.jp,入札・売却情報,https://www.pref.tokushima.lg.jp/ippannokata/nyusatsu/,22,物品等電子入札システムの事前準備・利用申請（物品） / 物品等電子入札システムトップページ（物品） / 令和3・4年度随時申請（有効期間:申請月翌々月1日から令和5年9月30日まで）入
徳島県,www.pref.tokushima.lg.jp,入札・調達売却,https://www.pref.tokushima.lg.jp/mokuteki/nyusatsu/,22,令和8-11年度随時申請（有効期間:申請月翌々月1日から令和11年9月30日まで / 一般（指名）競争入札参加資格審査申請書の記載事項の変更について（物品等） / 徳島県電子入札ホームページ
徳島県,www.pref.tokushima.lg.jp,助成・融資,https://www.pref.tokushima.lg.jp/mokuteki/zyoseiyushi/,9,【募集終了】令和8年度徳島県地域脱炭素移行・再エネ推進事業補助金（事業者向け太陽 / 徳島県 公衆浴場・クリーニング業燃料高騰対策支援事業 補助金のご案内 / 「徳島県 生産性向上・成長力強化支援事業費補助金」について
香川県,www.pref.kagawa.lg.jp,オンライン会議サービスライセンスの購入に係る一般競争入札について,https://www.pref.kagawa.lg.jp/digital/20261005_onlinemeeting.html,78,入札公告（PDF：249KB） / 入札説明書等交付申請書（ワード：19KB） / オンライン会議サービスライセンスの購入に係る一般競争入札について
香川県,www.pref.kagawa.lg.jp,令和8年度かがわ中小事業者CO2CO2（コツコツ）削減支援補助金,https://www.pref.kagawa.lg.jp/kankyoseisaku/chikyu/saiene/co2co2/r8kagawaco2co2.html,14,"かがわ中小事業者CO2CO2削減支援補助金のチラシ（PDF：875KB） / かがわ中小事業者CO2CO2削減支援補助金交付要綱（PDF：292KB） / 令和8年度かがわ中小事業者CO2CO2削減支援補助金募集要領（PDF：1,738"
香川県,www.pref.kagawa.lg.jp,令和9・10・11年香川県物品の買入れ等の契約に係る競争入札参加資格審査申請手続きについて,https://www.pref.kagawa.lg.jp/soumujimu/choutatu/9koushin2.html,7,競争入札参加資格（PDF：145KB） / 令和8年度の物品の買入れ等に係る特定調達契約の競争入札参加資格及び資格審査の申請 / かがわ電子入札システム（外部サイトへリンク）
愛媛県,www.pref.ehime.jp,入札発注情報,https://www.pref.ehime.jp/adv/ba.php?id=13,11,愛媛県今治庁舎敷地の土壌汚染に関する状況調査等業務の入札結果について / 【公告】令和8年度空中写真撮影及び近赤外線解析等業務の入札案内 / 令和7・8年度特定調達契約（WTO）対象工事の入札への参加を希望される皆様へ
愛媛県,www.pref.ehime.jp,【公告】令和8年度空中写真撮影及び近赤外線解析等業務の入札案内,https://www.pref.ehime.jp/site/nyusatsu/160388.html,9,入札説明書 [PDFファイル／133KB] / 入札者心得 [PDFファイル／144KB] / ［様式］入札参加資格確認書 [Wordファイル／33KB]
愛媛県,www.pref.ehime.jp,令和7・8年度特定調達契約（WTO）対象工事の入札への参加を希望される皆様へ,https://www.pref.ehime.jp/site/nyusatsu/89769.html,8,令和7・8年度特定調達契約に係る競争入札等参加資格者一覧表（建設工事） [PDF / 特定調達契約に係る競争入札等参加表明書[Wordファイル／17KB] [Word / 特定調達契約に係る競争入札等参加表明書（記入例）[PDFファイル／92KB] [
高知県,www.pref.kochi.lg.jp,申請（電子申請を含む）・届出・補助金等,https://www.pref.kochi.lg.jp/category/mokuteki/shinsei_todokede_hojokin/,69,申請（電子申請を含む）・届出・補助金等 / 災害救助用備蓄物資（食料・白飯）の調達に係る一般競争入札について / 【災害救助用備蓄物資（毛布）の調達に係る一般競争入札について
高知県,www.pref.kochi.lg.jp,入札情報,https://www.pref.kochi.lg.jp/category/bunya/shigoto_sangyo/nyusatsujoho/,23,令和８年度 関西・高知周遊促進事業等委託業務 公募型プロポーザルに関する質疑と回 / 令和８年度高知県集落調査委託業務に係る一般競争入札について / 高知県立あき総合病院で使用する電気の調達に係る一般競争入札について
高知県,www.pref.kochi.lg.jp,入札情報,https://www.pref.kochi.lg.jp/doc/nyuusatujouhou-index/,6,一般競争入札（公共事業） / 一般競争入札・プロポーザル（公共事業以外） / 一般競争入札・プロポーザル（高知県関係任意団体）
福岡県,www.pref.fukuoka.lg.jp,入札結果,https://www.pref.fukuoka.lg.jp/life/8/63/277/,84,各種届出・申請（事業者指定・加算・補助金等）【事業者の皆さま向け】 / 入札・公募・公売 / 入札関係要領・様式等
福岡県,www.pref.fukuoka.lg.jp,入札·公募,https://www.pref.fukuoka.lg.jp/bid/,35,各種届出・申請（事業者指定・加算・補助金等）【事業者の皆さま向け】 / 入札・公募・公売 / 入札関係要領・様式等
福岡県,www.pref.fukuoka.lg.jp,入札・公募・公売,https://www.pref.fukuoka.lg.jp/life/8/63/,30,各種届出・申請（事業者指定・加算・補助金等）【事業者の皆さま向け】 / 入札・公募・公売 / 入札関係要領・様式等
佐賀県,www.pref.saga.lg.jp,入札・補助金・公募事業,https://www.pref.saga.lg.jp/list00631.html,16,入札・補助金・公募事業 / 金融制度・補助金制度・セミナー / 建設工事関連 入札制度等
佐賀県,www.pref.saga.lg.jp,公募事業,https://www.pref.saga.lg.jp/list03715.html,12,入札・補助金・公募事業 / 金融制度・補助金制度・セミナー / （令和8年度6月補正予算）佐賀型カーボンニュートラルチャレンジ設備投資促進事業費
佐賀県,www.pref.saga.lg.jp,金融制度・補助金制度・セミナー,https://www.pref.saga.lg.jp/list00633.html,10,入札・補助金・公募事業 / 金融制度・補助金制度・セミナー / 佐賀県造林補助金
長崎県,www.pref.nagasaki.jp,令和9・10年度入札参加資格審査（定期申請）［県外建設工事］,https://www.pref.nagasaki.jp/doc/53352.html,6,長崎県入札参加資格電子申請システム / ★令和9・10年度長崎県建設工事入札参加資格申請要領【随時】(県外業者用) (D / ★長崎県建設工事入札参加資格電子申請の手引き(県外業者用) (DOC 183KB
長崎県,www.pref.nagasaki.jp,令和9・10年度入札参加資格審査申請（定期申請）［建設コンサルタント等］,https://www.pref.nagasaki.jp/doc/53347.html,6,長崎県入札参加資格電子申請システム / ★令和9・10年度長崎県入札参加資格申請要領(建設コンサルタント等業者用) (D / ★長崎県入札参加資格電子申請の手引き(建設コンサルタント等業者用) (DOC 2
長崎県,www.pref.nagasaki.jp,入札・調達情報,https://www.pref.nagasaki.jp/bunrui/kenseijoho/nyusatsu-chotatsujoho/,4,入札制度・入札参加資格申請 / 業務委託・賃貸借契約等公告 / 業務委託・賃貸借契約等結果
熊本県,www.pref.kumamoto.jp,入札・契約・決算,https://www.pref.kumamoto.jp/life/6/34/,13,県の紹介・計画・入札 / 入札・契約・決算 / 令和8年度（2026年度）熊本県工事入札参加者資格（県内建設業者）の認定及び格付
熊本県,www.pref.kumamoto.jp,県の紹介・計画・入札,https://www.pref.kumamoto.jp/life/6/,12,県の紹介・計画・入札 / 入札・契約・決算 / 入札・契約・決算 入札や物品調達、県有地の売却・貸付などの情報をご覧になれます。
大分県,www.pref.oita.jp,（落札業者決定）一般競争入札のお知らせ（令和８年度こども・子育て県民意識調査委託業務）,https://www.pref.oita.jp/site/nyusatu-koubo/kodomotyousa2026.html,8,大分県共同利用型電子入札システムについて / 入札公告 [PDFファイル／198KB] / 入札説明書 [PDFファイル／337KB]
大分県,www.pref.oita.jp,助成金・補助金,https://www.pref.oita.jp/life/sub/6/,3,令和８年度訪問介護事業所支援事業費補助金（介護人材・利用者確保のための広報活動に / 中小企業等エコエネルギー導入緊急支援事業費補助金 2次募集のお知らせ / 中小企業等エコエネルギー導入緊急支援事業費補助金 ※募集終了
宮崎県,www.pref.miyazaki.lg.jp,（再公募）令和8年度自主防犯活動活性化事業業務委託に係る企画提案競技の実施について,https://www.pref.miyazaki.lg.jp/seikatsu-kyodo-danjo/kense/chotatsu/20260629111112.html,434,入札・調達・売却 / 企画提案競技実施要領A（PDF：220KB） / 業務委託仕様書A（PDF：98KB）
宮崎県,www.pref.miyazaki.lg.jp,庁舎等の設備維持管理業務委託（冷暖房設備の点検、保守及び整備）の条件付一般競争入札の公告,https://www.pref.miyazaki.lg.jp/zaisansogokanri/kense/chotatsu/20260928182928.html,433,入札・調達・売却 / 個別公告文（PDF：79KB） / 個別公告文（PDF：80KB）
宮崎県,www.pref.miyazaki.lg.jp,令和8年度宮崎県総合防災訓練に係る会場設営及び撤去等業務委託の一般競争入札（条件付）について,https://www.pref.miyazaki.lg.jp/kiki-kikikanri/kense/chotatsu/20260924112641.html,433,入札・調達・売却 / 入札公告（PDF：84KB） / 入札説明書（PDF：124KB）
沖縄県,www.pref.okinawa.jp,【物品管理課】R5-R8競争入札参加資格者名簿を更新しました（令和8年10月更新）,https://www.pref.okinawa.jp/shigoto/nyusatsukeiyaku/1012089/1034734.html,20,公募・入札発注情報 / 入札登録・入札参加資格 / 競争入札参加資格者名簿【物品関係】※有効期間：令和5年11月1日～令和8年10月
沖縄県,www.pref.okinawa.jp,令和8年度島工芸おきなわ販路拡大推進事業販売促進プロモーション業務委託 公募,https://www.pref.okinawa.jp/shigoto/nyusatsukeiyaku/1015342/1025075/1041589.html,13,公募・入札発注情報 / 企画提案仕様書 （PDF 143.6KB） / 令和8年度 沖縄県立博物館・美術館 展示ケースの照明機器交換委託業務に係る一般競
沖縄県,www.pref.okinawa.jp,公募・入札発注情報,https://www.pref.okinawa.jp/shigoto/nyusatsukeiyaku/1015342/index.html,10,公募・入札発注情報 / 工事（電子入札ポータル以外）・修繕・製造・設計 / 電子入札ポータルサイト（建設工事・建設コンサル業務）
札幌市,www.city.sapporo.jp,助成・手当,https://www.city.sapporo.jp/index/josei/index.html,7,再エネ省エネ機器導入補助金制度 / ZEB・ZEH-M設計支援補助金制度 / 再エネ機器導入初期費用ゼロ事業補助金制度
札幌市,www.city.sapporo.jp,入札・契約,https://www.city.sapporo.jp/zaisei/keiyaku-kanri/index.html,6,入札参加資格情報 / 入札参加資格申請システム / 入札情報サービス
仙台市,www.city.sendai.jp,一般競争入札による市有地売却を行います（10月受付開始）,https://www.city.sendai.jp/zaise-kokyo/kurashi/machi/sumai/shiyuchi/baikyakur810.html,6,仙台市有地一般競争入札の結果（11月開札分） / 一般競争入札による市有地売却を行います（8月受付開始） / 仙台市有地一般競争入札の結果（9月開札分）
さいたま市,www.city.saitama.lg.jp,2026年8月28日 《補助金》令和8年度さいたま市電気自動車等普及促進対策補助金のご案内,https://www.city.saitama.lg.jp/001/009/015/e-kizuna/juyou/p065260.html,15,【記載例：様式第1号の1・第8号の1】補助金交付申請書及び実績報告書（EV・FC / 【記載例：様式第1号の1・第8号の1】補助金交付申請書及び実績報告書（EV・FC / 【記載例：様式第1号の2】補助金交付申請書（V2H・個人）（PDF形式 207キ
さいたま市,www.city.saitama.lg.jp,2026年10月5日 令和8年度（10月～12月）一般競争入札（建設工事及び建設工事に伴う業務委託）告示,https://www.city.saitama.lg.jp/005/001/017/006/001/p134253.html,10,一般競争入札告示 / 建設工事及び建設工事に伴う業務委託 / 建設工事における入札金額見積内訳書の取扱いについて（PDF形式 54ロバイト）
千葉市,www.city.chiba.jp,入札（見積）募集案件「業務委託」,https://www.city.chiba.jp/portal/business/index19/nyusatsujoho/anken/itaku/index.html,201,ちば電子調達システム「入札情報サービス」（外部サイトへリンク） / 「業務委託」募集案件一覧RSS / 令和8年度本庁舎建築物等定期点検業務委託
千葉市,www.city.chiba.jp,入札（見積）募集案件「物品」,https://www.city.chiba.jp/portal/business/index19/nyusatsujoho/anken/buppin/index.html,50,ちば電子調達システム「入札情報サービス」（外部サイトへリンク） / 防鳥ネット他1点（制限付一般競争入札・電子） / 木製書架A型傾斜複式1連3段他9点（制限付一般競争入札・電子）
千葉市,www.city.chiba.jp,入札（見積）募集案件「測量・コンサルタント」,https://www.city.chiba.jp/portal/business/index19/nyusatsujoho/anken/sokuryo/index.html,30,ちば電子調達システム「入札情報サービス」（外部サイトへリンク） / 千葉市長沼原保育所新築工事監理業務委託 / 大木戸浄水場管理棟耐震診断業務委託（８－１）
横浜市,www.city.yokohama.lg.jp,入札・契約,https://www.city.yokohama.lg.jp/business/nyusatsu/index.html,7,【契約結果公表】【公募型プロポーザル】都心臨海部における象徴的なみどり空間の創出 / 【公募型プロポーザル】瀬谷駅周辺における歩行者空間の賑わいを創出するための催事等 / 【公募型プロポーザル】横浜グリーンエクスポ成果継承検討業務委託
川崎市,www.city.kawasaki.jp,入札・契約,https://www.city.kawasaki.jp/jigyou/category/74-0-0-0-0-0-0-0-0-0.html,4,川崎市児童相談業務システム再構築に係る 情報提供依頼（RFI）のお知らせ / 入札情報かわさき / 上下水道局入札情報
相模原市,www.city.sagamihara.kanagawa.jp,入札等新着情報,https://www.city.sagamihara.kanagawa.jp/sangyo/1026667/index.html,67,地盤変動影響調査業務委託【上鶴間地区（その2）ほか】に係る条件付一般競争入札の結 / 寸沢嵐市有林整備業務委託（その1）に係る条件付一般競争入札の結果について / 公共施設（旧菅井小学校）利活用事業 事業者公募の実施について
相模原市,www.city.sagamihara.kanagawa.jp,入札・契約,https://www.city.sagamihara.kanagawa.jp/sangyo/keiyaku/index.html,11,（1）入札・契約制度 / 入札・契約に関わる重要なお知らせ / 入札・契約制度（工事・コンサル）
新潟市,www.city.niigata.lg.jp,入札・契約,https://www.city.niigata.lg.jp/business/keiyaku/index.html,11,令和8年政府調達（WTO）契約に係る質疑回答書を掲載しました（新潟市契約公告第6 / 令和7・8年度入札参加資格審査申請の受付（物品・業務委託）の12月追加申請の受付 / 新潟市物品電子入札システムポータルサイトを更新しました。必ずご確認ください。
新潟市,www.city.niigata.lg.jp,「にいがたふうど」ブランド構築・活用コンテンツ制作業務 委託業者選定プロポーザルについて,https://www.city.niigata.lg.jp/business/shoku_hana/shokutohana/oshirase/shokuhana20260918.html,7,業者選定プロポーザル実施要領（PDF：372KB） / 業務委託仕様書（PDF：264KB） / 【別紙5】組織の概要及び業務実績（PDF：118KB）
新潟市,www.city.niigata.lg.jp,にいがた2km魅力創造・8区連携支援補助金,https://www.city.niigata.lg.jp/shisei/seisaku/jigyoproject/niigata2km/project/2km8kuhojokin.html,6,令和8年度にいがた2km魅力創造・8区連携支援補助金採択事業一覧(PDF:204 / にいがた2km魅力創造・8区連携支援補助金交付要綱(PDF:172KB) / 令和8年度にいがた2km魅力創造・8区連携支援補助金（オープンイノベーション型）
浜松市,www.city.hamamatsu.shizuoka.jp,発注情報 (入札・契約),https://www.city.hamamatsu.shizuoka.jp/sangyo/hatchu/index.html,17,【工事・工事関連業務委託】 一般競争入札情報 （市長事務部局等） / 【工事・工事関連業務委託】 一般競争入札情報 （上下水道部） / 【物品購入】 一般競争入札情報
神戸市,www.city.kobe.lg.jp,入札・事業者募集,https://www.city.kobe.lg.jp/3/0075.html,62,介護保険施設等の整備事業者募集 / 工事請負変更契約結果 / 工事請負変更契約結果（水道局）
岡山市,www.city.okayama.jp,入札・契約,https://www.city.okayama.jp/jigyosha/category/5-3-0-0-0-0-0-0-0-0.html,6,その他の入札情報 / その他の入札結果 / 入札参加資格審査申請
北九州市,www.city.kitakyushu.lg.jp,入札・契約,https://www.city.kitakyushu.lg.jp/contents/04200000_00021.html,21,入札・契約・公募 / 「入札・契約情報」（外部リンク） / 入札・契約制度について
北九州市,www.city.kitakyushu.lg.jp,市有地を売却します！ 市有地7物件を一般競争入札にて売却します。土地を探している方は必見です！,https://www.city.kitakyushu.lg.jp/contents/08900134_00012.html,10,入札・契約・公募 / 一般競争入札情報 / 一般競争入札情報（中小規模）
北九州市,www.city.kitakyushu.lg.jp,入札・契約・公募,https://www.city.kitakyushu.lg.jp/business/menu003_00001.html,4,入札・契約・公募 / 公募情報（プロポーザル・一般競争入札等） / 業者登録（入札参加資格申請）
福岡市,www.city.fukuoka.lg.jp,入札・契約・公募,https://www.city.fukuoka.lg.jp/business/keiyaku-kobo/index.html,11,入札・契約・公募 / 契約情報（契約課の入札、資格審査申請など） / 水道局の入札・契約情報
福岡市,www.city.fukuoka.lg.jp,【11月2日締切】「福岡フィルムコミッションロケーション映像制作業務委託」提案競技の実施について 2026年10月5日,https://www.city.fukuoka.lg.jp/keizai/contents/business/fcrocationmovie.html,4,入札・契約・公募 / 各所管課が公募する競争入札、提案競技等 / 業務委託仕様書(資料２)（PDF：747KB）
福岡市,www.city.fukuoka.lg.jp,福岡市中央卸売市場青果市場関連事業者の募集について 2026年10月3日,https://www.city.fukuoka.lg.jp/nosui/seika/business/seika_kanrenkoubo2025.html,3,入札・契約・公募 / 各所管課が公募する競争入札、提案競技等 / 関連事業者募集要項（PDF：381KB）
金沢市,www4.city.kanazawa.lg.jp,入札・契約,https://www4.city.kanazawa.lg.jp/soshikikarasagasu/kanrika/gyomuannai/1/6511.html,26,制約付き一般競争入札（工事）を公告しました。 / 制約付き一般競争入札（コンサル）を公告しました。 / 排水機場現況能力検証業務委託（外1件）の公告を掲載しました。（農業基盤整備課のペ
姫路市,www.city.himeji.lg.jp,入札・契約から探す,https://www.city.himeji.lg.jp/sangyo/category/4-3-2-0-0-0-0-0-0-0.html,8,姫路市立荒川小学校外1校給食調理等業務委託に関する制限付一般競争入札の実施 / 姫路市立安室東小学校外1校給食調理等業務委託に関する制限付一般競争入札の実施 / 姫路市立白浜小学校給食調理等業務委託に関する制限付一般競争入札の実施
鹿児島市,www.city.kagoshima.lg.jp,新着情報/入札情報一覧,https://www.city.kagoshima.lg.jp/jigyo/shinchaku_list.html,87,谷山支所庁舎大規模改修その他空気調和設備工事請負契約に係る総合評価落札方式による / 松元平野岡体育館ろ過その他設備改修工事請負契約に係る事後審査型制限付き一般競争入 / 本庁舎東別館給水その他設備改修工事請負契約に係る総合評価落札方式による事後審査型
鹿児島市,www.city.kagoshima.lg.jp,赤水漁港照明器具LED化業務委託に係る制限付き一般競争入札(公告),https://www.city.kagoshima.lg.jp/keizai/nourinsuisan/seisanryutu/akamizunyuusatu.html,66,発注情報（業務委託・その他） / 公告文（PDF：219KB） / 入札参加資格審査申請書（ワード：45KB）
鹿児島市,www.city.kagoshima.lg.jp,令和9年度業務委託等入札参加資格申請の受付,https://www.city.kagoshima.lg.jp/kikakuzaisei/zaisei/keiyaku/shise/nyusatsu/shikaku/gyomuitaku.html,23,"入札参加資格申請・指名停止情報 / 提出要領P1-12（委託）（PDF：559KB） / 提出要領P13-28（委託）（PDF：1,186KB）"
那覇市,www.city.naha.okinawa.jp,末吉老人福祉センターほか1施設変圧器取替修繕の 制限付一般競争入札（事後審査型）の実施について,https://www.city.naha.okinawa.jp/business/touroku/1003701/1010948/1012822.html,128,事業者登録・入札・契約 / 入札・企画提案の公告 / 令和8年度 入札
那覇市,www.city.naha.okinawa.jp,「令和8年度リュウキュウマツ害虫対策樹幹注入業務委託」に係る制限付一般競争入札（事後審査型）の実施,https://www.city.naha.okinawa.jp/business/touroku/1003844/1010980/1012814.html,61,事業者登録・入札・契約 / 物品・業務委託等の入札契約 / 令和8年度 物品・業務委託等の入札契約
那覇市,www.city.naha.okinawa.jp,「プロ野球キャンプにぎわい創出業務委託」に係る公募型プロポーザル,https://www.city.naha.okinawa.jp/business/touroku/1003701/1010949/1012759.html,58,事業者登録・入札・契約 / 入札・企画提案の公告 / 令和8年度 企画提案の公募
松山市,www.city.matsuyama.ehime.jp,「プレコンセプションケア」普及啓発動画制作・広告配信業務委託（公募型プロポーザル方式）（すくすく支援課）,https://www.city.matsuyama.ehime.jp/shisei/denshinyusatsu/gyoumuitaku/info/r8itaku/purekonpuropo.html,58,業務委託（工事に関する委託は除く）に関する調達案件のお知らせ(各課発注) / 一般競争入札、コンペ・プロポーザル方式のお知らせ / 8_業務執行体制（様式4）（ワード：31KB）
松山市,www.city.matsuyama.ehime.jp,松山市新庁舎整備に係るコンストラクション・マネジメント業務委託（公募型プロポーザル方式）（管財課）,https://www.city.matsuyama.ehime.jp/shisei/denshinyusatsu/gyoumuitaku/info/r8itaku/choushacm.html,55,業務委託（工事に関する委託は除く）に関する調達案件のお知らせ(各課発注) / 一般競争入札、コンペ・プロポーザル方式のお知らせ / 松山市景観まちづくり支援ツール整備業務委託（公募型プロポーザル方式）（市街地整備
松山市,www.city.matsuyama.ehime.jp,欧米豪市場向け観光誘客推進事業業務委託（公募型プロポーザル方式）（松山国際観光客誘致推進協議会）（観光・国際交流課内））,https://www.city.matsuyama.ehime.jp/shisei/denshinyusatsu/gyoumuitaku/info/r8itaku/obeigo.html,55,業務委託（工事に関する委託は除く）に関する調達案件のお知らせ(各課発注) / 一般競争入札、コンペ・プロポーザル方式のお知らせ / 松山市新庁舎整備に係るコンストラクション・マネジメント業務委託（公募型プロポーザ
高知市,www.city.kochi.kochi.jp,入札・契約関係情報,https://www.city.kochi.kochi.jp/life/2/192/,34,一般競争入札・オープンカウンター・プロポーザル・指定管理者・官民連携 / 入札・契約関係情報 / 入札手続の中止（公告の廃止）について
高知市,www.city.kochi.kochi.jp,一般競争入札・オープンカウンター・プロポーザル・指定管理者・官民連携,https://www.city.kochi.kochi.jp/life/2/188/,33,一般競争入札・オープンカウンター・プロポーザル・指定管理者・官民連携 / 入札・契約関係情報 / 高知市上下水道局の事後審査型制限付き一般競争入札（令和8年9月10日公告分 水道
高知市,www.city.kochi.kochi.jp,入札・契約の一覧,https://www.city.kochi.kochi.jp/soshiki/list8-1.html,29,一般競争入札・オープンカウンター・プロポーザル・指定管理者・官民連携 / 入札・契約関係情報 / 一般競争入札（令和8年9月14日公告、令和8年10月5日開札分）にかかる開札結果
大分市,www.city.oita.oita.jp,「令和8年度 青少年異文化理解促進プログラム運営業務委託」に係る受託候補者の選定結果についてお知らせします,https://www.city.oita.oita.jp/o017/seisyounennibunkarikai/proposal2026_result.html,71,入札・契約・プロポーザル / 「令和8年度 青少年異文化理解促進プログラム運営業務委託」に係る受託候補者の選定 / ふるさと大分市応援寄附金取扱業務委託に係る公募型プロポーザルについての質問に回答
宮崎市,www.city.miyazaki.miyazaki.jp,入札公告等（建設工事等）,https://www.city.miyazaki.miyazaki.jp/business/bid/tender_notice/,34,2026年10月1日「令和8年10月1日公告」条件付一般競争入札を実施します / 2026年9月24日「令和8年9月24日公告」条件付一般競争入札（事後公表）を実 / 2026年8月27日「令和8年8月27日見積公募」見積活用方式による指名競争入札
宮崎市,www.city.miyazaki.miyazaki.jp,入札情報一覧を見る,https://www.city.miyazaki.miyazaki.jp/bid_information/,14,2026年10月5日「日本のひなた宮崎 国スポ競技別リハーサル大会ライフル射撃競 / 2026年10月5日【審査結果を掲載しました】宮崎市仮庁舎AI窓口案内業務に関す / 2026年10月1日「令和8年10月1日公告」条件付一般競争入札を実施します
宮崎市,www.city.miyazaki.miyazaki.jp,霧島児童クラブ運営業務委託に係る受託候補者の公募について,https://www.city.miyazaki.miyazaki.jp/business/private_consignment/415662.html,6,民間委託等の推進 / 募集内容等に関する質問への回答(宮崎市霧島児童クラブ運営業務委託) 8_25掲載 / 01_プロポーザル実施要領【霧島児童クラブ】 (PDF 470KB)
郡山市,www.city.koriyama.lg.jp,入札契約ポータルサイト,https://www.city.koriyama.lg.jp/site/keiyakuportal/,22,入札契約ポータルサイト / 入札・契約ポータルサイト / 令和9・10年度入札参加資格審査申請（本登録）の受付について
郡山市,www.city.koriyama.lg.jp,令和9・10年度入札参加資格審査申請（本登録）の受付について,https://www.city.koriyama.lg.jp/site/keiyakuportal/183588.html,18,入札契約ポータルサイト / 入札・契約ポータルサイト / 入札参加資格申請に関するQ＆A [PDFファイル／117KB]
郡山市,www.city.koriyama.lg.jp,入札・契約,https://www.city.koriyama.lg.jp/life/4/28/,9,入札契約ポータルサイト / 入札・契約関係の新着情報は、入札・契約ポータルサイトをご確認ください / 久米正雄所蔵フィルム修復に係る報告書・パンフレット・動画制作業務に係る公募型プロ
尼崎市,www.city.amagasaki.hyogo.jp,入札・契約,https://www.city.amagasaki.hyogo.jp/sangyo/nyusatu/index.html,3,入札制度の改正経過 / 入札に関する基準、要綱 / 入札に関する申請書等の様式
岐阜市,www.city.gifu.lg.jp,岐阜市地域包括支援センター運営業務委託（南部）事業者選定に係る公募型プロポーザルについて,https://www.city.gifu.lg.jp/business/nyuusatsu/1005619/1039150/1022408.html,17,企業支援・産業振興・補助金 / 募集終了及び審査結果を公表したプロポーザル業務（令和8年度） / 公告第140号 （PDF 35.3KB）
岐阜市,www.city.gifu.lg.jp,入札・契約,https://www.city.gifu.lg.jp/business/nyuusatsu/index.html,9,企業支援・産業振興・補助金 / 電子入札システムについて / 入札・契約に関するお知らせ・通知
和歌山市,www.city.wakayama.wakayama.jp,（令和8年9月9日公告）電力の調達 22件,https://www.city.wakayama.wakayama.jp/jigyou/cyoutatuosirase/1009737/1068153.html,100,入札・契約（物品調達・業務委託等） / 郵便入札における説明及び注意事項 （PDF 648.3KB） / 入札の手順（郵便入札） （PDF 181.2KB）
和歌山市,www.city.wakayama.wakayama.jp,（令和8年9月10日公告）封入封緘業務 3件,https://www.city.wakayama.wakayama.jp/jigyou/cyoutatuosirase/1009737/1068714.html,19,入札・契約（物品調達・業務委託等） / 郵便入札における説明及び注意事項 （PDF 728.8KB） / 入札の手順（郵便入札） （PDF 64.2KB）
和歌山市,www.city.wakayama.wakayama.jp,（令和8年8月20日公表）令和8年度和歌山市脱炭素先行地域計画事業推進業務委託に係る公募型プロポーザル（結果）,https://www.city.wakayama.wakayama.jp/jigyou/1009212/1068109/1068798.html,15,令和8年度のプロポーザル（結果） / 企画提案書 （PDF 7.0MB） / （令和8年7月30日公表）避難所連絡体制強化事業に係る公募型プロポーザル
徳島市,www.city.tokushima.tokushima.jp,Windows Server 2025 Device CALに係る一般競争入札の実施について,https://www.city.tokushima.tokushima.jp/shisei/keizai/nyusatsu/chotatsu/ippan/Win-CAL.html,44,入札情報（業務委託・役務の提供・売払い等） / 一般・指名競争入札情報 / 入札資料ダウンロードフォーム（外部サイト）
徳島市,www.city.tokushima.tokushima.jp,徳島市介護保険認定支援業務に係る委託事業者の募集について,https://www.city.tokushima.tokushima.jp/kenko_fukushi/kaigo/boshuu.html,4,別紙1 企画提案書記載事項（PDF形式：102KB） / 業務仕様書（PDF形式：346KB） / 業務仕様書別紙（PDF形式：109KB）
盛岡市,www.city.morioka.iwate.jp,市の発注契約,https://www.city.morioka.iwate.jp/shigoto/keiyaku/index.html,3,建設工事・建設関連業務委託 / 盛岡市競争入札参加資格の登録申請・変更について / 競争入札参加資格者名簿など
山形市,www.city.yamagata-yamagata.lg.jp,入札・契約,https://www.city.yamagata-yamagata.lg.jp/jigyosya/nyusatsu/index.html,4,入札公告・入札結果 / 競争入札参加資格名簿 / 電子入札システム
富山市,www.city.toyama.lg.jp,入札情報（契約課）の新着情報,https://www.city.toyama.lg.jp/business/nyusatsu/1010582/1003236.html,14,企業支援・産業振興・補助金 / 入札・契約等に関するお知らせ / 物品購入等の公募併用型指名競争入札
富山市,www.city.toyama.lg.jp,清掃及び設備保守点検等業務委託（定期受付）,https://www.city.toyama.lg.jp/business/nyusatsu/1013289/1016141.html,13,企業支援・産業振興・補助金 / 清掃及び設備保守点検等業務委託競争入札参加資格審査申請書提出要領（定期受付） （ / 入札情報サービス（外部リンク）
富山市,www.city.toyama.lg.jp,補助金,https://www.city.toyama.lg.jp/shisei/1012172/index.html,12,企業支援・産業振興・補助金 / 企画管理部所管の補助金 / 防災危機管理部所管の補助金
甲府市,www.city.kofu.yamanashi.jp,入札情報（工事・建設コンサルタント等）【発注予定】を掲載しました,https://www.city.kofu.yamanashi.jp/keyaku/business/nyusatsu/kokyo/2017kokuji/2017-214--shitsugi.html,13,ツイートする'); document.write(''); //]]> //') / 入札情報（工事・建設コンサルタント等） / 入札情報（物品）
甲府市,www.city.kofu.yamanashi.jp,入札・契約,https://www.city.kofu.yamanashi.jp/business/nyusatsu/index.html,7,入札情報（工事・建設コンサルタント等） / 入札情報（物品） / 入札情報（その他・公募型）
奈良市,www.city.nara.lg.jp,住居表示整備業務委託について、一般競争入札を実施します,https://www.city.nara.lg.jp/soshiki/17/172441.html,9,入札・契約・事業者募集 / 契約課以外の入札・契約情報（その他） / 入札公告文 [PDFファイル／176KB]
鳥取市,www.city.tottori.lg.jp,補助金等,https://www.city.tottori.lg.jp/life/7/57/258/,43,補助金・交付金・給付金・助成金 / 鳥取市小規模事業者経営改善資金利子補助金について / 【受付を再開しました】鳥取市中小企業人材育成補助金
佐賀市,www.city.saga.lg.jp,入札 入札公告・参加資格、電子入札,https://www.city.saga.lg.jp/sangyo-machizukuri/nyusatsukeiyaku/1/index.html,3,入札方法（工事関係） / 電子入札システム / 入札に関する変更事項
福島市,www.city.fukushima.fukushima.jp,電子入札,https://www.city.fukushima.fukushima.jp/soshiki/4/1011/1/1/3612.html,21,福島市電子入札実施要領 / 紙入札による入札参加方法について / 物品・役務案件にかかる紙入札の経過措置について
福島市,www.city.fukushima.fukushima.jp,入札公告,https://www.city.fukushima.fukushima.jp/shigoto-sangyo/nyusatsu-keiyaku/2/index.html,5,プロポーザル公告 / 福島市制限付一般競争入札 / 福島市総合評価一般競争入札
