自治体,ホスト,URL,案件行の数,見出しの例
前橋市,www.city.maebashi.gunma.jp,https://www.city.maebashi.gunma.jp/sangyo_business/9/index.html,48,【土地売却に関する公募】前橋市ローズタウン《B地区》における生活利便性向上施設等整備の事業提案型公募の実施(継続公募) / 入札・契約制度の改正のお知らせ（工事・コンサル） / 【結果公表】前橋市戸籍総合システム及び戸籍コンビニ交付システム構築委託事業に係る公募型プロポーザル実施について
前橋市,www.city.maebashi.gunma.jp,https://www.city.maebashi.gunma.jp/sangyo_business/9/2/index.html,29,【結果公表】前橋市戸籍総合システム及び戸籍コンビニ交付システム構築委託事業に係る公募型プロポーザル実施について / 【結果公表】前橋市緊急通報システム事業業務委託におけるプロポーザルの実施について / 前橋市高校生学習室運営業務委託に係る公募型企画提案（プロポーザル）方式の実施について
前橋市,www.city.maebashi.gunma.jp,https://www.city.maebashi.gunma.jp/sangyo_business/9/5/index.html,6,電子入札を行っています / 入札公告(物品) / 入札結果(物品・役務)
名古屋市,www.city.nagoya.jp,https://www.city.nagoya.jp/jigyou/index.html,5,事業者向けの募集情報 / 住宅都市局工事・業務委託の施行・検査 / 環境局業務委託(緑地帯管理委託等)設計書の情報提供制度（試行）
名古屋市,www.city.nagoya.jp,https://www.city.nagoya.jp/jigyou/nyusatsu/1050562.html,4,名古屋市新電子調達システム説明会（午前の部 入札参加資格申請手続）（外部リンク） / 名古屋市新電子調達システム説明会（午前の部）_入札参加資格申請手続 （PDF 1.4 MB） / 名古屋市新電子調達システム説明会（午後の部 電子入札手続）（外部リンク）
名古屋市,www.city.nagoya.jp,https://www.city.nagoya.jp/jigyou/douro/index.html,3,緑政土木局工事・委託等に係る基準・様式・成績 / 緑化地域、風致地区、特別緑地保全地区、みどりの補助金等 / 事業者向けの募集情報
大津市,www.city.otsu.lg.jp,https://www.city.otsu.lg.jp/kigyo/index.html,4,入札・契約に関して / 入札公告・発注見通し / 入札に関する質問・回答
大津市,www.city.otsu.lg.jp,https://www.city.otsu.lg.jp/b/nk/index.html,3,大津市電子入札システム / 入札・契約（契約検査課） / 入札・契約（企業局）
山口市,www.city.yamaguchi.lg.jp,https://www.city.yamaguchi.lg.jp/life/2/,14,放課後児童クラブ「平川臨時第２学級」運営業務委託に係る公募型プロポーザルの実施について / 放課後児童クラブ「大内臨時学級」運営業務委託に係る公募型プロポーザルの実施について / 事業者募集（プロポーザル以外）
山口市,www.city.yamaguchi.lg.jp,https://www.city.yamaguchi.lg.jp/soshiki/63/62098.html,10,山口市わくわく移住支援補助金チラシ [PDFファイル／871KB] / 山口市わくわく移住支援補助金支給申請書（別記第1号様式） [Wordファイル／33KB] / 山口市わくわく移住支援補助金支給申請書－別紙1 [Wordファイル／28KB]
山口市,www.city.yamaguchi.lg.jp,https://www.city.yamaguchi.lg.jp/soshiki/63/139830.html,4,新卒・第二新卒者雇用促進助成金チラシ​ [PDFファイル／966KB] / 新卒・第二新卒者雇用促進助成金要領 [PDFファイル／292KB] / 新卒・第二新卒者雇用促進助成金Q&A [PDFファイル／305KB]
広島市,www.city.hiroshima.lg.jp,https://www.city.hiroshima.lg.jp/business/nyusatsu/1003060/1028405.html,17,各種様式（入札・契約関係） / 電子入札における添付ファイルの容量の上限の見直し（お知らせ） / 電子入札にあたり、インターネットブラウザの【戻る】【進む】【中止】【更新】の機能は絶対に使用しないでください。
広島市,www.city.hiroshima.lg.jp,https://www.city.hiroshima.lg.jp/business/nyusatsu/1003060/index.html,7,お知らせ（電子入札） / 電子入札システム / 広島市電子入札システムで使用するパソコンのOS等
広島市,www.city.hiroshima.lg.jp,https://www.city.hiroshima.lg.jp/business/nyusatsu/1006046/index.html,6,市関連の公益法人等の入札情報 / 中止公告・訂正公告・入札関係資料の修正等を行った案件 / 調達情報公開システムに公開されない入札・見積情報
水戸市,www.city.mito.lg.jp,https://www.city.mito.lg.jp/life/5/,9,【追加受付】令和7・8年度入札参加資格審査申請及び登録名簿について【施設維持管理業等（役務）】 / お知らせ・入札制度情報 / 一般競争入札公告
水戸市,www.city.mito.lg.jp,https://www.city.mito.lg.jp/life/sub/13/,3,いばらき県央移住ＰＲ・都内移住相談事業 企画運営業務委託 プロポーザル実施について / 【追加受付】令和7・8年度入札参加資格審査申請及び登録名簿について【施設維持管理業等（役務）】 / 入札・契約情報（上下水道局）
熊本市,www.city.kumamoto.jp,https://www.city.kumamoto.jp/kiji00369554/index.html,28,【後期】省エネ家電製品（エアコン）導入補助金 補助内容 / 【様式第7号】省エネ家電製品（エアコン）導入補助金 交付申請書兼実績報告書（ワード：59.5キロバイト） / 【様式第7号】省エネ家電製品（エアコン）導入補助金 交付申請書兼実績報告書（PDF：215.2キロバイト）
熊本市,www.city.kumamoto.jp,https://www.city.kumamoto.jp/list04195.html,18,入札・契約情報に関するお知らせ / 物品・業務委託等(契約政策課からのお知らせ) / 入札・企画提案の公告
熊本市,www.city.kumamoto.jp,https://www.city.kumamoto.jp/list04066.html,15,入札・契約情報に関するお知らせ / 入札・企画提案の公告 / 【再公告】路面電車車両廃車処理業務委託に係る条件付一般競争入札について
石川県,www.pref.ishikawa.lg.jp,https://www.pref.ishikawa.lg.jp/kyoiku/kyousyoku/index.html,10,京都府教育委員会 入札情報（外部リンク） / ・デジタル採点システム提供業務仕様書（PDF：496KB） / ・デジタル採点システム提供業務企画提案募集要項（PDF：408KB）
石川県,www.pref.ishikawa.lg.jp,https://www.pref.ishikawa.lg.jp/jigyosha.html,3,物品調達に係る電子入札について / 競争入札参加者資格申請のご案内 / 自動販売機設置に関する公募情報
神奈川県,www.pref.kanagawa.jp,https://www.pref.kanagawa.jp/docs/yt7/top/main.html,4,かながわ電子入札共同システム / 箱根地区水道事業包括委託（官民連携事業） / LED化ESCO事業の事業者の募集
福井市,www.city.fukui.lg.jp,https://www.city.fukui.lg.jp/sigoto/keiyaku/proposal/index.html,26,【審査結果公表】福井市地域子育て支援拠点運営業務に係る公募型プロポーザルの実施について / 【募集情報】第42回ふくい桜まつりメインビジュアルデザイン・印刷物制作業務に係る公募型プロポーザルの実施について / 第九次福井市総合計画 本冊子及び別冊デザイン制作業務委託プロポーザルの実施について
福井市,www.city.fukui.lg.jp,https://www.city.fukui.lg.jp/sigoto/keiyaku/nyusatu/index.html,17,入札情報（上下水道局 建設工事・建設コンサルタント業務関係） / 福井市下水道管路施設包括的維持管理業務委託に係る入札説明書等の公表（質問回答の公表） / 足羽ポンプ場更新事業関連工事について（公告開始）
福井市,www.city.fukui.lg.jp,https://www.city.fukui.lg.jp/zigyosha/index.html,9,「旧美山楽く楽く亭」及び「旧下宇坂幼稚園」譲渡先事業者の募集について / 工事（業務委託）における猛暑期間や日中の現場施工（作業）の回避について / 【審査結果公表】「福井市歴史的風致維持向上計画」策定業務に係る公募型プロポーザルの実施
秋田市,www.city.akita.lg.jp,https://www.city.akita.lg.jp/jigyosha/index.html,90,市内工事業者における建設工事入札参加資格審査項目の変更について / 請負代金内訳書の記載方法について / 工事関連業務委託における新制度について
豊橋市,www.city.toyohashi.lg.jp,https://www.city.toyohashi.lg.jp/2591.htm,11,入札参加停止（指名停止） / 物品売却に係る入札公告について（使用済タブレット端末等の売却） / 令和８・９年度用 入札参加資格審査申請について
豊橋市,www.city.toyohashi.lg.jp,https://www.city.toyohashi.lg.jp/2588.htm,4,入札参加停止（指名停止） / 令和6年度入札参加停止措置業者一覧 / 令和7年度入札参加停止措置業者一覧
長崎市,www.city.nagasaki.lg.jp,https://www.city.nagasaki.lg.jp/life/5/38/,21,「UIターンマーケティング等業務委託」公募型プロポーザルの参加業者を募集します！ / 「長崎駅東西軸イルミネーション企画運営等業務」公募型プロポーザルの結果 / 「長崎原爆資料館二酸化炭素消火設備ボンベ取替修繕」に係る制限付一般競争入札を実施します。
長崎市,www.city.nagasaki.lg.jp,https://www.city.nagasaki.lg.jp/life/5/42/,9,【募集期間を12月28日まで延長しました】職場環境改善事業費補助金（令和8年物価高騰対策関連） / 長崎市省エネ・省力化推進事業費補助金（令和8年物価高騰対策関連） / 【令和8年11月30日まで申請募集期限を延長しました】令和8年度長崎市伴走型DX化支援補助金
長崎市,www.city.nagasaki.lg.jp,https://www.city.nagasaki.lg.jp/site/keiyaku/,8,入札参加資格審査申請手続き見直しのお知らせ【建設工事・建設コンサル・物品製造等】(令和8年9月25日) / 令和8年9月7日付で公告した長崎市公告契第1-315号の公告を訂正します。（令和8年9月8日） （PDFファイル／99KB） / 令和8年6月29日付で公告した長崎市公告契第4-25号の入札を中止します。（令和8年7月6日） （PDFファイル／33KB）
長野市,www.city.nagano.nagano.jp,https://www.city.nagano.nagano.jp/menu/7/index.html,8,長野市電子入札・入札情報システム / 長野市の入札（見積）に参加される事業者の皆様へ / 入札・契約関連規定
長野市,www.city.nagano.nagano.jp,https://www.city.nagano.nagano.jp/n028000/contents/p003825.html,5,"入札案内書（PDF：2,412KB） / 一般競争入札参加申込書（ワード：25KB） / 入札書（ワード：21KB）"
青森市,www.city.aomori.aomori.jp,https://www.city.aomori.aomori.jp/sangyo_koyou/jigyosha/index.html,29,入札・契約（水道） / 青森市電子入札ポータルサイト / 【再公告】青森市新田浄化センター包括的運転管理業務公募型プロポーザルの実施について
青森市,www.city.aomori.aomori.jp,https://www.city.aomori.aomori.jp/sangyo_koyou/index.html,3,【再公告】青森市新田浄化センター包括的運転管理業務公募型プロポーザルの実施について / 青森市中央卸売市場業務条例及び青森市公設地方卸売市場業務条例等の改正 / 青森市Uターン人材インターンシップ受入促進補助金
静岡市,www.city.shizuoka.lg.jp,https://www.city.shizuoka.lg.jp/p000345.html,99,【選定結果の公表】公募型プロポーザル「静岡市移住プロモーション業務」 / 静岡おみやげアイデアコンテスト商品化検討事業者の募集について / 【二次公募】静岡市お茶ツーリズム体験プログラム高付加価値化補助金
静岡市,www.city.shizuoka.lg.jp,https://www.city.shizuoka.lg.jp/s8493/s013065.html,26,令和8年度静岡市会計年度任用職員（健康相談窓口業務）の募集 葵区役所健康支援課 / 令和9年4月採用静岡市会計年度任用職員（フルタイム調理栄養士業務・調理員業務）の募集 市立こども園 / 令和9年度採用静岡市会計年度任用職員（学校用務員業務）の募集 教職員課
静岡市,www.city.shizuoka.lg.jp,https://www.city.shizuoka.lg.jp/p009299.html,4,支援制度・補助金 / 物品調達に係る入札情報（契約課所管分） / 建設工事及び建設業関連業務のご案内(入札及び契約、入札参加資格の認定等)
鹿児島県,www.pref.kagoshima.jp,https://www.pref.kagoshima.jp/kensei/nyusatu/nyusatujoho/index.html,173,入札情報・資格審査 / 令和８年度「学生とＵＩターン希望者のためのオンライン合同企業説明会」の開催・運営業務委託に係る企画提案を募集します / 本田Ⅱ県行造林の立木売却処分に係る一般競争入札について（公告）
鹿児島県,www.pref.kagoshima.jp,https://www.pref.kagoshima.jp/af04/sangyo-rodo/rodo/zyosei/partjyosei.html,6,厚生労働省「キャリアアップ助成金」ページ（外部サイトへリンク） / 業務改善助成金を御活用ください（最低賃金引上げに向けた支援事業） / 人材開発支援助成金を御活用ください
鹿児島県,www.pref.kagoshima.jp,https://www.pref.kagoshima.jp/sangyo-rodo/rodo/zyosei/index.html,5,業務改善助成金を御活用ください（最低賃金引上げに向けた支援事業） / 人材開発支援助成金を御活用ください / 雇用調整助成金について
