適合度,根拠,組織,分類,案件名,URL,階層,重複数,締切,募集状態
S,工芸・地域産品の海外展開,外郭|京都,海外展開/工芸・地域産品,伝統産業事業者の海外展開戦略検討へ向けた海外テストマーケティング等業務に係る公募型プロポーザルの実施について,https://www.ki21.jp/informations/densan-kaigai/,L1,2,2026-08-21,締切超過
S,海外展示会・出展支援（東京手仕事M&Oと同型）,外郭|京都,展示会・出展/海外展開,-京都ビジネス交流フェア2027-「グローバルテクノロジー京都展」開催業務に係る公募型プロポーザルの実施について,https://www.ki21.jp/informations/%e4%ba%ac%e9%83%bd%e3%83%93%e3%82%b8%e3%83%8d%e3%82%b9%e4%ba%a4%e6%b5%81%e3%83%95%e3%82%a7%e3%82%a22027/,L1,2,2026-07-27,締切超過
S,会場装飾・設営の直接発注,外郭|京都,展示会・出展,「SEMICON Japan 2026 京都パビリオン」装飾等業務 公募型プロポーザル審査による事業者選定について,https://www.ki21.jp/?post_type=startup&amp;p=45181&amp;preview=true,L1,2,,過年度（次回予測用）
S,会場装飾・設営の直接発注,外郭|京都,展示会・出展,「SEMICON Taiwan 2026 KYOTOパビリオン」装飾等業務 公募型プロポーザル審査による事業者選定について,https://www.ki21.jp/?post_type=startup&amp;p=37649&amp;preview=true,L1,1,,過年度（次回予測用）
S,会場装飾・設営の直接発注,外郭|京都,展示会・出展,公益財団法人京都産業２１ 令和８年度 京都府よろず支援拠点 相談ブース用パネル等のレンタルに係る事業者公募について,https://www.ki21.jp/informations/yorozu20260318-panel/,L1,2,2026-04-01,締切超過
S,会場装飾・設営の直接発注,外郭|京都,展示会・出展/海外展開/イベント運営,-京都ビジネス交流フェア2026-「京都発・グローバルニッチ戦略展」展示会場装飾及び印刷物作成等の業務に係る公募型プロポーザルに対する質問の回答について,https://www.ki21.jp/informations/%e4%ba%ac%e9%83%bd%e3%83%93%e3%82%b8%e3%83%8d%e3%82%b9%e4%ba%a4%e6%b5%81%e3%83%95%e3%82%a7%e3%82%a22026-%e3%80%8c%e4%ba%ac%e9%83%bd%e7%99%ba%e3%83%bb%e3%82%b0%e3%83%ad%e3%83%bc%e3%83%90%e3%83%ab/,L1,1,,締切不明
S,海外展示会・出展支援（東京手仕事M&Oと同型）,外郭|京都,展示会・出展/海外展開,-京都ビジネス交流フェア2026-「京都発・グローバルニッチ戦略展」開催業務に係る公募型プロポーザルの実施について,https://www.ki21.jp/informations/%e4%ba%ac%e9%83%bd%e3%83%93%e3%82%b8%e3%83%8d%e3%82%b9%e4%ba%a4%e6%b5%81%e3%83%95%e3%82%a7%e3%82%a22026-%e3%80%8c%e4%ba%ac%e9%83%bd%e7%99%ba%e3%83%bb%e3%82%b0%e3%83%ad%e3%83%bc%e3%83%90%e3%83%ab-2/,L1,2,2025-08-14,締切超過
S,会場装飾・設営の直接発注,外郭|京都,展示会・出展,「SEMICON TAIWAN 2025 京都パビリオン」装飾等業務 公募型プロポーザル審査による事業者選定について,https://www.ki21.jp/informations/semitaiwansousyokukoubo0519-2/,L1,2,2025-05-28,過年度（次回予測用）
S,会場装飾・設営の直接発注,外郭|京都,展示会・出展,「SXSW 2025 京都パビリオン」装飾等業務 公募型プロポーザル審査による事業者選定について,https://www.ki21.jp/informations/sxsw2025kyotososyoku/,L1,2,2024-11-29,過年度（次回予測用）
S,会場装飾・設営の直接発注,外郭|京都,展示会・出展/海外展開,「第54回 国際ホテル・レストランショー」 KYOTOブースの装飾業務に係る公募型プロポーザル審査の実施について,https://www.ki21.jp/informations/hoteresu-sousoku/,L1,2,2025-12-03,締切超過
S,会場装飾・設営の直接発注,外郭|京都,展示会・出展,「JAPAN TRADE EXHIBITION IN DUBAI 2025」における京都ブース設置・運営等業務 公募型プロポーザル審査の選定結果について,https://www.ki21.jp/informations/japan-trade-exhibition-in-dubai-2025/,L1,1,2024-09-13,過年度（次回予測用）
S,会場装飾・設営の直接発注,外郭|京都,展示会・出展/イベント運営,「京都ビジネス交流フェア２０２３」展示会場装飾及び印刷物等作成・発送業務に係る公募型プロポーザルの実施について,https://www.ki21.jp/information/bp2023-itaku/,L1,2,,締切不明
S,会場装飾・設営の直接発注,外郭|大分,展示会・出展,令和８年度中小企業地域資源活用等促進事業(ジャンプアップ事業)における展示商談会大分県ブースの企画・運営委託業務の公募について,https://www.columbus.or.jp/2026/08/17/%e3%80%90%e3%81%8a%e7%9f%a5%e3%82%89%e3%81%9b%e3%80%91%e4%bb%a4%e5%92%8c%ef%bc%98%e5%b9%b4%e5%ba%a6%e4%b8%ad%e5%b0%8f%e4%bc%81%e6%a5%ad%e5%9c%b0%e5%9f%9f%e8%b3%87%e6%ba%90%e6%b4%bb%e7%94%a8%e7%ad%89/,L2,1,2026-08-28,募集中
S,会場装飾・設営の直接発注,外郭|大阪,展示会・出展/イベント運営,令和8年度「この街のクリエイター博覧会2027」会場設営・運営管理業務の委託先公募について,https://www.obda.or.jp/wp-content/uploads/2026/05/konokurihaku2027_QandA.pdf,L1,1,,締切不明
S,会場装飾・設営の直接発注,外郭|大阪,展示会・出展/イベント運営,令和8年度「この街のクリエイター博覧会2027」会場設営・運営管理業務募集要項,https://www.obda.or.jp/wp-content/uploads/2026/05/01_konokurihaku2027_Guidelines.pdf,L1,1,,締切不明
S,会場装飾・設営の直接発注,外郭|大阪,展示会・出展/イベント運営,令和8年度「この街のクリエイター博覧会2027」会場設営・運営管理業務仕様書案,https://www.obda.or.jp/wp-content/uploads/2026/05/02_konokurihaku2027_Specs.pdf,L1,1,,締切不明
S,海外展示会・出展支援（東京手仕事M&Oと同型）,外郭|山口,展示会・出展/海外展開,海外展示会及び海外バイヤー招聘事業による、海外展開支援補助業務,https://yipf.or.jp/proposal/%e6%b5%b7%e5%a4%96%e5%b1%95%e7%a4%ba%e4%bc%9a%e5%8f%8a%e3%81%b3%e6%b5%b7%e5%a4%96%e3%83%90%e3%82%a4%e3%83%a4%e3%83%bc%e6%8b%9b%e8%81%98%e4%ba%8b%e6%a5%ad%e3%81%ab%e3%82%88%e3%82%8b/?e=contents,L1,1,2026-07-10,締切超過
S,会場装飾・設営の直接発注,外郭|山口,展示会・出展,「第３１回機械要素技術展」出展に係る装飾委託業務,https://yipf.or.jp/proposal/r8_kikaiyouso/?e=contents,L1,4,2026-05-12,締切超過
S,会場装飾・設営の直接発注,外郭|山口,展示会・出展,「2025NEW環境展」出展に係る装飾委託業務,https://yipf.or.jp/proposal/exhibitionr8_kankyo/?e=contents,L1,2,2026-04-13,締切超過
S,会場装飾・設営の直接発注,外郭|山口,展示会・出展,「H2&FC EXPO【秋】／BATTERY JAPAN【秋】」出展に係る装飾業務,https://yipf.or.jp/proposal/h2battery2026-decoration_proposal/?e=contents,L1,1,2026-07-14,締切超過
S,工芸・地域産品の海外展開,外郭|山口,海外展開/工芸・地域産品,海外バイヤー招聘による県内地域産品の視察・商談等実施業務,https://yipf.or.jp/proposal/%e6%b5%b7%e5%a4%96%e3%83%90%e3%82%a4%e3%83%a4%e3%83%bc%e6%8b%9b%e8%81%98%e3%81%ab%e3%82%88%e3%82%8b%e7%9c%8c%e5%86%85%e5%9c%b0%e5%9f%9f%e7%94%a3%e5%93%81%e3%81%ae%e8%a6%96%e5%af%9f%e3%83%bb%e5%95%86/?e=contents,L1,1,2026-01-20,締切超過
S,会場装飾・設営の直接発注,外郭|山口,展示会・出展,「第４回製造業カーボンニュートラル展」出展に係る装飾委託業務,https://yipf.or.jp/proposal/r7_seizou_cn/?e=contents,L1,1,2025-11-21,締切超過
S,会場装飾・設営の直接発注,外郭|山口,展示会・出展,「第60回 スーパーマーケット・トレードショー2026」出展に係る装飾委託業務,https://yipf.or.jp/proposal/r7bukka_smts2026/?e=contents,L1,3,2025-10-15,締切超過
S,会場装飾・設営の直接発注,外郭|山口,展示会・出展,「第３回九州機械要素技術展」出展に係る装飾委託業務,https://yipf.or.jp/proposal/r7_kyushukikaiyouso/?e=contents,L1,2,2025-09-19,締切超過
S,会場装飾・設営の直接発注,外郭|山口,展示会・出展,「Ｈ２＆ＦＣＥＸＰＯ【秋】２０２５」出展に係る装飾委託業務,https://yipf.or.jp/proposal/h2fcexpo2025-decoration_proposal/?e=contents,L1,3,2025-07-18,締切超過
S,会場装飾・設営の直接発注,外郭|山口,展示会・出展,「第５回フードテックジャパン」出展に係る装飾委託業務,https://yipf.or.jp/proposal/r6_foodtechjapan/?e=contents,L1,2,2024-09-20,締切超過
S,会場装飾・設営の直接発注,外郭|山口,展示会・出展/海外展開,「国際ロボット展２０２３」出展に係る装飾委託業務,https://yipf.or.jp/proposal/r5_irex2023/?e=contents,L1,1,2023-09-22,締切超過
S,会場装飾・設営の直接発注,外郭|山口,展示会・出展,「FOOD STYLE Japan2023」出展に係る装飾委託業務,https://yipf.or.jp/proposal/foodstylejapan2023-decoration_proposal/?e=contents,L1,1,2023-07-21,締切超過
S,海外展示会・出展支援（東京手仕事M&Oと同型）,外郭|山口,展示会・出展/海外展開,海外展開総合支援事業展示会プロモート事業業務委託,https://yipf.or.jp/proposal/%e6%b5%b7%e5%a4%96%e5%b1%95%e9%96%8b%e7%b7%8f%e5%90%88%e6%94%af%e6%8f%b4%e4%ba%8b%e6%a5%ad%e5%b1%95%e7%a4%ba%e4%bc%9a%e3%83%97%e3%83%ad%e3%83%a2%e3%83%bc%e3%83%88%e4%ba%8b%e6%a5%ad%e6%a5%ad%e5%8b%99/?e=contents,L1,1,,締切不明
S,海外展示会・出展支援（東京手仕事M&Oと同型）,外郭|山口,展示会・出展/海外展開,海外展示会プロモート事業業務委託（シンガポール）【R2.7.15】,https://yipf.or.jp/proposal/r2_7_15/?e=contents,L1,1,,締切不明
S,海外展示会・出展支援（東京手仕事M&Oと同型）,外郭|山口,展示会・出展/海外展開,海外展示会プロモート事業業務委託（タイ）【R2.7.8】,https://yipf.or.jp/proposal/r2_7_8/?e=contents,L1,1,,締切不明
S,海外展示会・出展支援（東京手仕事M&Oと同型）,市|仙台,展示会・出展/海外展開,海外展示会出展支援事業（仙台グローバルスタートアップ・ハブ）の受託候補者を募集します,https://www.city.sendai.jp/startup-kyoten/globalexpor8.html,L2,1,2026-05-28,締切超過
S,海外展示会・出展支援（東京手仕事M&Oと同型）,市|仙台,展示会・出展/海外展開,「仙台ゆかりの漫画・アニメを活用した海外出展業務」に係る公募型プロポーザルの実施について,https://www.city.sendai.jp/contentsoushutsu/animation_manga/r8proposal.html,L2,1,,取得不可
S,会場装飾・設営の直接発注,市|浜松,展示会・出展/海外展開,Bharat Mobility GLOBAL EXPO 2027 The Components & Technology Show出展に係る浜松市ブース出展登録及び装飾等業務（公募型プロポーザル）【浜松市海外経済交流推進協議会】（6月19日）,https://www.city.hamamatsu.shizuoka.jp/sangyoshinko/bid/mobilityshow.html,L2,1,2026-07-29,締切超過
S,海外展示会・出展支援（東京手仕事M&Oと同型）,市|浜松,展示会・出展/海外展開,令和8年度市内中小企業海外展開支援国内輸出商社等商談会開催運営業務（公募型プロポーザル方式）【浜松市海外経済交流推進協議会】（6月12日）,https://www.city.hamamatsu.shizuoka.jp/sangyoshinko/bid/syoudankai.html,L2,1,2026-08-18,締切超過
S,海外展示会・出展支援（東京手仕事M&Oと同型）,市|福山,展示会・出展/海外展開/プロモーション,２０２７年国際園芸博覧会 福山市出展総合プロデュース・広報業務に係るプロポーザルの実施について,https://www.city.fukuyama.hiroshima.jp/site/rosetownfukuyama/407752.html,L1,1,,締切不明
S,会場装飾・設営の直接発注,市|那覇,イベント運営,令和8年那覇市戦没者追悼式（第31回なぐやけの碑慰霊祭） 会場設営等業務委託に係る制限付き一般競争入札の実施,https://www.city.naha.okinawa.jp/business/touroku/1003844/1010980/1012471.html,L1,1,2026-08-14,締切超過
S,会場装飾・設営の直接発注,市|静岡,イベント運営,【選定結果の公表】公募型プロポーザル「SDGs推進イベント事業会場設営及び運営業務」,https://www.city.shizuoka.lg.jp/s2934/s013132.html,L2,1,2026-06-12,過年度（次回予測用）
S,工芸・地域産品の海外展開,市|静岡,海外展開/工芸・地域産品,【選定結果の公表】公募型プロポーザル「食品関連海外展開支援実施業務」,https://www.city.shizuoka.lg.jp/s2746/s013120.html,L2,1,,取得不可
S,会場装飾・設営の直接発注,市|静岡,展示会・出展,公募型プロポーザル「『第38回日本ものづくりワールド機械要素技術展』静岡市共同出展ブースに係る設営等業務」,https://www.city.shizuoka.lg.jp/s2746/s003750.html,L2,1,2026-04-17,締切超過
S,会場装飾・設営の直接発注,市財団|さいたま市産業創造財団,展示会・出展,【一般競争入札公告】COMPAMED2026ブース装飾業務の公募について,https://www.sozo-saitama.or.jp/topic/compamed-2026/,L2,1,2026-08-04,締切超過
S,会場装飾・設営の直接発注,市財団|さいたま市産業創造財団,展示会・出展,【一般競争入札公告】electronica 2026ブース装飾業務の公募について,https://www.sozo-saitama.or.jp/topic/electronica-2026/,L2,1,2026-08-04,締切超過
S,工芸・地域産品の海外展開,県|宮崎県,海外展開/工芸・地域産品,世界へ羽ばたけ！県産品海外展開強化事業（米国）業務企画提案競技の結果について,https://www.pref.miyazaki.lg.jp/kokusai-keizaikoryu/kense/chotatsu/20260806153408.html,L1,1,,過年度（次回予測用）
S,海外展示会・出展支援（東京手仕事M&Oと同型）,県|宮崎県,展示会・出展/海外展開,2027年国際園芸博覧会屋外出展業務委託に係る企画提案競技の結果について,https://www.pref.miyazaki.lg.jp/utsukushii/kense/chotatsu/20260706125941.html,L1,1,,過年度（次回予測用）
S,会場装飾・設営の直接発注,県|宮崎県,展示会・出展,大規模商談会出展（冷凍部門）に係る宮崎県ブース企画運営業務委託の企画提案競技（プロポーザル方式）の審査結果について,https://www.pref.miyazaki.lg.jp/kigyoshinko/kense/chotatsu/20260519155920.html,L1,1,,過年度（次回予測用）
S,会場装飾・設営の直接発注,県|宮崎県,イベント運営,令和7年度宮崎県総合防災訓練に係る会場設営及び撤去等業務委託の一般競争入札（条件付）の結果について,https://www.pref.miyazaki.lg.jp/kiki-kikikanri/kense/chotatsu/20251024182523.html,L1,1,,過年度（次回予測用）
S,会場装飾・設営の直接発注,県|宮崎県,展示会・出展/イベント運営,大阪・関西万博九州7県合同催事「宮崎県ブース」展示・運営等業務委託企画提案競技の結果について,https://www.pref.miyazaki.lg.jp/kanko-suishin/kense/chotatsu/20250421110848.html,L1,1,,過年度（次回予測用）
S,会場装飾・設営の直接発注,県|富山県,展示会・出展/海外展開,2027年国際園芸博覧会屋内出展施工業務委託に係る公募型プロポーザル審査結果について,https://www.pref.toyama.jp/1613/enngei/2026-07-16.html,L1,1,,過年度（次回予測用）
S,会場装飾・設営の直接発注,県|岡山県,イベント運営,令和８年度岡山県登録販売者試験会場設営業務に係る一般競争入札（条件付）の実施について,https://www.pref.okayama.jp/site/321/1053912.html,L1,1,2026-09-09,募集中
S,海外展示会・出展支援（東京手仕事M&Oと同型）,県|岡山県,展示会・出展/海外展開/観光・誘客,2026台北国際旅行博（ITF）出展に係る業務に係る公募型プロポーザル（技術提案）,https://www.pref.okayama.jp/site/321/988147.html,L2,1,,締切不明
S,海外展示会・出展支援（東京手仕事M&Oと同型）,県|岩手県,展示会・出展/海外展開,「令和8年度「SIAL Paris 2026 ジャパンパビリオン」出展支援業務」企画提案審査委員会の審査結果について,https://www.pref.iwate.jp/kensei/nyuusatsu/compe/kekka/1099826.html,L1,1,,過年度（次回予測用）
S,工芸・地域産品の海外展開,県|岩手県,海外展開/工芸・地域産品,令和5年度いわて農林水産物DX販路開拓・拡大戦略策定業務に係る企画提案選考委員会の審査結果について,https://www.pref.iwate.jp/kensei/nyuusatsu/compe/kekka/1065255.html,L1,1,,過年度（次回予測用）
S,海外展示会・出展支援（東京手仕事M&Oと同型）,県|岩手県,展示会・出展/海外展開/観光・誘客,台北国際観光博覧会（TTE)出展・運営支援業務に係る企画提案選考結果について,https://www.pref.iwate.jp/kensei/nyuusatsu/compe/kekka/1064546.html,L1,1,,過年度（次回予測用）
S,会場装飾・設営の直接発注,県|徳島県,展示会・出展/海外展開/工芸・地域産品,公募型プロポーザル方式「第13回“日本の食品”輸出EXPO WINTER」徳島県ブース装飾設置運営委託事業者募集に係る質問への回答について,https://www.pref.tokushima.lg.jp/jigyoshanokata/nyusatsu/itaku/7315873/,L1,1,2026-09-03,募集中
S,工芸・地域産品の海外展開,県|栃木県,海外展開/工芸・地域産品/プロモーション,令和8(2026)年度海外インフルエンサーを活用したいちごオーナー体験等による県産農産物及び農村の魅力発信事業委託業務公募型プロポーザルの審査結果について,https://www.pref.tochigi.lg.jp/g02/2026_ichigoowner_proposal_kekka.html,L2,1,,過年度（次回予測用）
S,工芸・地域産品の海外展開,県|栃木県,海外展開/工芸・地域産品/プロモーション,令和８（2026）年度海外インフルエンサーを活用したいちごオーナー体験等による県産農産物及び農村の魅力発信事業委託業務公募型プロポーザルに係る質問内容及び回答について,https://www.pref.tochigi.lg.jp/g02/houdou/2026_ichigoowner_proposal_shitumon.html,L2,1,,締切不明
S,工芸・地域産品の海外展開,県|栃木県,海外展開/工芸・地域産品/プロモーション,令和８（2026）年度海外インフルエンサーを活用したいちごオーナー体験等による県産農産物及び農村の魅力発信事業委託業務に係る公募型プロポーザルの実施について,https://www.pref.tochigi.lg.jp/g02/houdou/2026_ichigoowner_proposal.html,L2,1,,締切不明
S,海外展示会・出展支援（東京手仕事M&Oと同型）,県|栃木県,展示会・出展/海外展開/工芸・地域産品,「とちぎ食品輸出商談会（韓国）」の参加事業者を募集します,https://www.pref.tochigi.lg.jp/f04/2026-kaigaitenkai/20260915korea.html,L2,1,,締切不明
S,会場装飾・設営の直接発注,県|福岡県,展示会・出展/海外展開,2027年国際園芸博覧会屋内出展作品に係る設計・施工・維持管理業務委託事業者を募集します,https://www.pref.fukuoka.lg.jp/contents/engei-hana.html,L1,1,2026-07-15,締切超過
S,海外展示会・出展支援（東京手仕事M&Oと同型）,県|福島県,展示会・出展/海外展開,「2027国際園芸博覧会への福島県出展業務委託」に係る公募型プロポーザル方式による業務受託者の募集について,https://www.pref.fukushima.lg.jp/sec/36035c/2027engeihaku-kohbo.html,L1,1,2026-09-01,募集中
S,会場装飾・設営の直接発注,県|群馬県,展示会・出展,「FOODEX JAPAN2027」群馬県ブース全体装飾等設営業務公募型プロポーザルの実施について,https://www.pref.gunma.jp/site/nyuusatsu/770814.html,L2,1,2026-09-11,募集中
S,海外展示会・出展支援（東京手仕事M&Oと同型）,県|鹿児島県,展示会・出展/海外展開,2027年国際園芸博覧会（GREEN×EXPO2027）鹿児島県屋内出展業務委託の企画提案を募集します,https://www.pref.kagoshima.jp/ag06/hanakaju/greenexpo.html,L1,1,2026-08-05,締切超過
S,会場装飾・設営の直接発注,県|鹿児島県,展示会・出展/海外展開,大規模輸出商談会への出展における鹿児島県ブースの設営・管理及び出展事業者へのサポート業務委託に係る公募型プロポーザルの実施について,https://www.pref.kagoshima.jp/ag36/yusyutsu_shodankai2026.html,L1,1,2027-03-31,募集中
S,海外展示会・出展支援（東京手仕事M&Oと同型）,県|鹿児島県,展示会・出展/海外展開,半導体関連企業人材確保・取引拡大等支援事業（海外展示会出展）業務委託の企画提案を募集します。,https://www.pref.kagoshima.jp/af03/r8semicon_taiwan.html,L1,1,2026-05-11,締切超過
S,海外展示会・出展支援（東京手仕事M&Oと同型）,県|鹿児島県,展示会・出展/海外展開,【質問書の回答を掲載しました】欧州における商談会等への出展による販路開拓支援等業務委託（令和8年度「かごしま茶」の新たな販路開拓支援事業(かごしま茶「せいめい」研究会の活動支援））の公募について,https://www.pref.kagoshima.jp/ag06/seimei2026.html,L1,1,2026-04-23,締切超過
S,会場装飾・設営の直接発注,県|鹿児島県,イベント運営,「第27回全国農業担い手サミットinかごしま」会場設営等業務委託公募型プロポーザルの実施について,https://www.pref.kagoshima.jp/ag05/summitnyuusatsukaijou.html,L1,1,2026-02-27,締切超過
A,イベント企画運営,国|VIPO,海外展開/文化・芸術/イベント運営,・令和7年度文化庁「国際文化交流・協力推進事業」（TICAD9関連イベントに係る調査及び企画運営実施業務）,https://www.vipo.or.jp/project/africa/,L1,1,,締切不明
A,イベント企画運営,国|伝産協会,工芸・地域産品/イベント運営,（2026/07/03 9:30 締切り）「2026年度 伝統的工芸品月間全国大会関連催事」物流（一括搬入・搬出）業務の入札について,https://kyokai.kougeihin.jp/association_info/20260612/,L1,1,2026-07-09,締切超過
A,海外向けプロモーション,国|日本商工会議所,海外展開/プロモーション,（STEP3〜4）国際ビジネスマッチングサイト（e-Venue）／日本貿易振興機構（JETRO） e-Venueは世界100カ国以上のビジネスパーソンとオンラインで交流できる国際ビジネスマッチングサイトです。国内外の輸出入、業務連携、業務支援サービスなど、様々なタイプのビジネス案件を発信しています。,https://e-venue.jetro.go.jp/bizportal/s/?language=ja,L2,1,,締切不明
A,展示・出展関連,外郭|京都,展示会・出展,京都ビジネス交流フェア２０２５」開催案内発送業務について,https://www.ki21.jp/wordpress/wp-content/uploads/2024/12/DMmitsumori_shipping.pdf,L1,2,,締切不明
A,展示・出展関連,外郭|京都,展示会・出展,『関西四国合同広域商談会2025』発注企業募集案内資料の発送業務に係る公募について,https://www.ki21.jp/wordpress/wp-content/uploads/2024/07/797db5d5dd56f0fcd3245419892acc2d.pdf,L1,2,,締切不明
A,展示・出展関連,外郭|京都,展示会・出展,「京都ビジネス交流フェア2025」開催業務に係る公募型プロポーザルの実施について,https://www.ki21.jp/informations/bp2025_proposal/,L1,2,2024-08-05,締切超過
A,展示・出展関連,外郭|京都,展示会・出展,『 関西・四国合同広域商談会 』案内文書発送業務委託業者の募集について,https://www.ki21.jp/kobo/r4/hasso/20220729.pdf,L1,2,,締切不明
A,展示・出展関連,外郭|宮崎,,小間装飾等業務委託 仕様書,https://www.mepo.or.jp/contents/wp-content/uploads/2026/07/siyousyo.pdf,L1,1,,締切不明
A,展示・出展関連,外郭|宮崎,,第29回機械要素技術展［大阪］（令和８年度）小間装飾等業務委託事業者を募集します,https://www.mepo.or.jp/?post_type=shiensaku&amp;p=7744&amp;preview=true,L1,1,,締切不明
A,展示・出展関連,外郭|山口,,SEMICON Taiwan 2026 小間装飾業務,https://yipf.or.jp/proposal/semicon-taiwan-2026-%e5%b0%8f%e9%96%93%e8%a3%85%e9%a3%be%e6%a5%ad%e5%8b%99/?e=contents,L1,2,2026-07-13,締切超過
A,展示・出展関連,外郭|山口,,SEMICON Japan 2026 小間装飾業務,https://yipf.or.jp/proposal/semicon-japan-2026-%e5%b0%8f%e9%96%93%e8%a3%85%e9%a3%be%e6%a5%ad%e5%8b%99-%e3%83%97%e3%83%ad%e3%83%9d%e3%83%bc%e3%82%b6%e3%83%ab%e5%8b%9f%e9%9b%86/?e=contents,L1,2,2026-07-10,締切超過
A,展示・出展関連,外郭|山口,,SEMICON JAPAN 2024 小間装飾業務,https://yipf.or.jp/proposal/semicon-japan-2024-%e5%b0%8f%e9%96%93%e8%a3%85%e9%a3%be%e6%a5%ad%e5%8b%99-%e3%83%97%e3%83%ad%e3%83%9d%e3%83%bc%e3%82%b6%e3%83%ab%e5%8b%9f%e9%9b%86/?e=contents,L1,1,2024-08-23,締切超過
A,展示・出展関連,外郭|山口,,SEMICON TAIWAN 2024小間装飾業務,https://yipf.or.jp/proposal/semicon-taiwan-2024%e5%b0%8f%e9%96%93%e8%a3%85%e9%a3%be%e6%a5%ad%e5%8b%99/?e=contents,L1,1,2024-06-24,締切超過
A,展示・出展関連,外郭|島根,展示会・出展,令和8年度「専門展示会出展助成金」募集のご案内,https://www.joho-shimane.or.jp/news/wanted_subsidy/11690,L1,1,,締切不明
A,国内展示会・物産展の企画運営,外郭|石川,展示会・出展/工芸・地域産品,中国・重慶で開催する北陸3県工芸品フェアへの出品事業者を募集（石川県 締切：R8.8.28）,https://www.isico.or.jp/support/dgnet/d41196846.html,L1,1,2026-08-28,募集中
A,展示・出展関連,外郭|石川,展示会・出展,「株式会社阪急阪神百貨店（阪神梅田本店）」との個別商談会 参加事業者の募集（締切：R8.6.23）,https://www.isico.or.jp/support/dgnet/d41194323.html,L1,1,2026-06-23,締切超過
A,展示・出展関連,外郭|香川,,2024/06/17 入札・コンペ 終了 【一般競争入札公告】「RISTかがわ什器・備品等撤去及び処分業務」について,https://www.kagawa-isf.jp/news/13181/,L1,1,,過年度（次回予測用）
A,海外向けプロモーション,市|仙台,海外展開/プロモーション,【受託候補者を選定しました】「東北の県庁所在地六市連携によるインバウンド向け情報発信業務」の事業者を募集します,https://www.city.sendai.jp/tohokurenke-jigyo/tohokurokushi/tokimeku_2026.html,L2,1,2026-05-21,過年度（次回予測用）
A,展示・出展関連,市|千葉,,事務室等に係る什器調達,https://www.city.chiba.jp/byoin/kikaku/zimushitsuzyuki.html,L1,1,,締切不明
A,海外向けプロモーション,市|千葉,海外展開/プロモーション,令和８年度外国料理店・食材店との連携による外国人市民向け情報発信事業務委託,https://www.city.chiba.jp/shimin/shimin/kokusai/2026_kaigairyouri.html,L1,1,2026-08-14,締切超過
A,展示・出展関連,市|千葉,,JR千葉駅・モノレール千葉駅連絡通路壁面等装飾業務委託,https://www.city.chiba.jp/sogoseisaku/sogoseisaku/identitysuishin/900th_wrapping.html,L1,1,,締切不明
A,海外向けプロモーション,市|千葉,海外展開/プロモーション/観光・誘客,令和８年度Webサイト及びSNS等を活用した訪日外国人観光客向け情報発信業務委託,https://www.city.chiba.jp/keizainosei/keizai/promotion/r8websns_inboundjouhouhasshin.html,L1,1,2026-03-18,締切超過
A,展示・出展関連,市|千葉,,待合・カフェ・スタッフラウンジ等に係る什器調達,https://www.city.chiba.jp/byoin/kikaku/publicspace.html,L2,1,,締切不明
A,展示・出展関連,市|千葉,,外来に係る什器調達,https://www.city.chiba.jp/byoin/kikaku/gairaizyuki.html,L2,1,,締切不明
A,展示・出展関連,市|千葉,,医局に係る什器調達,https://www.city.chiba.jp/byoin/kikaku/ikyokuzyuki.html,L2,1,,締切不明
A,展示・出展関連,市|千葉,,病室・デイルーム・家族ラウンジに係る什器調達,https://www.city.chiba.jp/byoin/kikaku/byoshitsudayroomlounge.html,L2,1,,締切不明
A,展示・出展関連,市|千葉,,事務室・会議室等に係る什器調達,https://www.city.chiba.jp/byoin/kikaku/zimushitusukaigishitsu.html,L2,1,,締切不明
A,展示・出展関連,市|千葉,,病棟に係る什器調達,https://www.city.chiba.jp/byoin/kikaku/byoutouzyuki.html,L2,1,,締切不明
A,展示・出展関連,市|姫路,,浜手緑地（中島東地区）複合遊具等更新設計・施工業務に係る公募型プロポーザルの実施,https://www.city.himeji.lg.jp/sangyo/0000033846.html,L1,1,2026-08-31,募集中
A,イベント企画運営,市|尼崎,プロモーション/イベント運営,SG第73回ボートレースダービー集客イベント及び広告宣伝等運営管理業務に係る事業者の募集について,https://www.city.amagasaki.hyogo.jp/sangyo/zigyousya/co_bosyu/1043853.html,L1,1,2026-08-19,締切超過
A,イベント企画運営,市|尼崎,プロモーション/イベント運営,PGI第7回BBCトーナメント競走集客イベント及び広告宣伝等運営管理業務の事業者募集について,https://www.city.amagasaki.hyogo.jp/sangyo/zigyousya/co_bosyu/1041991.html,L1,1,2025-10-30,締切超過
A,イベント企画運営,市|川崎,プロモーション/イベント運営,地域の子育て支援イベント等のさらなる利用に向けた新たな広報・予約システムの実証実験参加事業者の募集について【募集は終了しました】[2023年9月22日],https://www.city.kawasaki.jp/450/page/0000153355.html,L1,1,2023-09-22,過年度（次回予測用）
A,展示・出展関連,市|札幌,,「令和７年度生活道路除排雪の試験施工等に関する調査業務」に係る一般競争入札のお知らせ,https://www.city.sapporo.jp/kensetsu/yuki/jigyosha/r7seikatsudouro-shikensekou.html,L2,1,2025-12-18,締切超過
A,展示・出展関連,市|札幌,,「令和6年度生活道路除排雪の試験施工に関わるリーフレット等配布業務」に係る一般競争入札のお知らせ,https://www.city.sapporo.jp/kensetsu/yuki/jigyosha/r6johaisetuhaihu.html,L2,1,2024-11-27,締切超過
A,展示・出展関連,市|札幌,,「令和6年度生活道路除排雪の試験施工等に関する調査検討業務」に係る一般競争入札のお知らせ,https://www.city.sapporo.jp/kensetsu/yuki/jigyosha/r6seikatsudouro-shikensekou.html,L2,1,2024-10-29,締切超過
A,展示・出展関連,市|東大阪,展示会・出展/イベント運営,【終了しました】東大阪市「2025大阪・関西万博 自治体参加催事」出展支援業務委託契約に係るプロポーザル参加事業者を募集します,https://www.city.higashiosaka.lg.jp/0000040239.html,L1,1,,取得不可
A,展示・出展関連,市|東大阪,展示会・出展/イベント運営,東大阪市「2025大阪・関西万博 自治体参加催事」出展支援業務委託契約に係るプロポーザルの選考結果,https://www.city.higashiosaka.lg.jp/0000040451.html,L1,1,,過年度（次回予測用）
A,展示・出展関連,市|横浜,,【公募型プロポーザル】瀬谷駅北口駅前広場から旧上瀬谷通信施設地区における緑花による装飾および育成業務委託,https://www.city.yokohama.lg.jp/business/nyusatsu/kakukukyoku/2026/itaku/green/midorihana.html,L1,1,2026-09-01,募集中
A,展示・出展関連,市|横浜,展示会・出展,【第１期申請受付中】【中東情勢の変化や米国の関税措置等による影響を受ける市内中小企業が対象】展示会出展費用助成金の募集を開始します,https://www.city.yokohama.lg.jp/business/kigyoshien/keieishien/kaihatsu/tenjikai/tennjikaijyosei.html,L2,1,,締切不明
A,イベント企画運営,市|神戸,海外展開/イベント運営,国際女性デーイベント「BE YOU in KOBE」企画運営業務【事業者募集】,https://www.city.kobe.lg.jp/a38629/sdgs/jigyoussya_bosyu_beyou.html,L1,1,2026-08-05,締切超過
A,国内展示会・物産展の企画運営,市|高知,展示会・出展/工芸・地域産品,【事業者募集】れんけいこうち大物産展 土佐の豊穣祭inとさのさと,https://www.city.kochi.kochi.jp/soshiki/204/tosanohojosai.html,L1,1,,締切不明
A,国内展示会・物産展の企画運営,市|高知,展示会・出展/工芸・地域産品,関西圏での外商促進に係る物産展等開催運営業務公募型プロポーザルに関する質疑について,https://www.city.kochi.kochi.jp/soshiki/204/kansaishitsugi.html,L2,1,,締切不明
A,国内展示会・物産展の企画運営,市|高知,展示会・出展/工芸・地域産品,関西圏での外商促進に係る物産展等開催運営業務公募型プロポーザルの実施について,https://www.city.kochi.kochi.jp/soshiki/204/kansaikensijyoutyousa.html,L2,1,,締切不明
A,展示・出展関連,市|鹿児島,,鹿児島市児童相談所（仮称）什器等整備支援業務委託契約に係る企画提案競技（選定結果）,https://www.city.kagoshima.lg.jp/kodomoshien/jisoujyuki/kokuji.html,L1,1,,過年度（次回予測用）
A,展示・出展関連,県|兵庫県,展示会・出展,「ひょうごフィールドパビリオンエクスカーション型磨き上げ業務」に係る公募型プロポーザルの実施,https://web.pref.hyogo.lg.jp/kk08/press/20260826.html,L2,1,,締切不明
A,海外向けプロモーション,県|兵庫県,海外展開/プロモーション,阪神北インバウンド向けWebプロモーション業務企画提案コンペの実施,https://web.pref.hyogo.lg.jp/hnk02/press/webpromotion.html,L2,1,2026-08-06,締切超過
A,イベント企画運営,県|大分県,プロモーション/イベント運営,【審査結果】令和８年度大分県介護の魅力発信事業（イベント開催）に係る企画提案の公募について,https://www.pref.oita.jp/site/790/2026-kaigoevent.html,L2,1,2026-07-17,過年度（次回予測用）
A,国内展示会・物産展の企画運営,県|宮城県,展示会・出展/工芸・地域産品,【募集を締め切りました】「令和7年度OMO物産展」の出品事業者募集について,https://www.pref.miyagi.jp/soshiki/syokushin/omo_bussanten2025.html,L2,1,2025-08-07,締切超過
A,展示・出展関連,県|宮崎県,展示会・出展,令和8年度看護師等確保に向けた県内医療機関就職促進フェア事業実施業務委託に係る企画提案競技の結果について,https://www.pref.miyazaki.lg.jp/iryoseisaku/kense/chotatsu/20260611160004.html,L1,1,,過年度（次回予測用）
A,イベント企画運営,県|宮崎県,プロモーション/イベント運営,新宿地区における「ナッシーリゾートin宮崎」PRイベント開催業務委託企画提案競技の結果について,https://www.pref.miyazaki.lg.jp/desaki/kense/chotatsu/tokyojimusyo/20251009132455.html,L1,1,,過年度（次回予測用）
A,イベント企画運営,県|宮崎県,プロモーション/イベント運営,首都圏における「行きたくなる宮崎へ」PRイベント開催業務委託に係る企画提案競技の結果について,https://www.pref.miyazaki.lg.jp/desaki/kense/chotatsu/tokyojimusyo/20251024112444.html,L1,1,,過年度（次回予測用）
A,展示・出展関連,県|宮崎県,,【仕様書変更】什器等の賃貸借及び保守に係る一般競争入札（条件付）について,https://www.pref.miyazaki.lg.jp/kyogi-shikiten/kense/chotatsu/20260206160819.html,L1,1,2027-11-30,募集中
A,イベント企画運営,県|富山県,工芸・地域産品/イベント運営,第46回富山県伝統的工芸品展開催事業業務委託に係る公募型プロポーザルの審査結果について,https://www.pref.toyama.jp/130002/sangyou/kenten2026kekka.html,L1,1,,過年度（次回予測用）
A,展示・出展関連,県|富山県,展示会・出展,「正社員求職お仕事フェア事業」実施業務委託に係る公募型プロポーザルの審査結果について,https://www.pref.toyama.jp/130321/puropo/r8oshigotofea.html,L1,1,,過年度（次回予測用）
A,海外向けプロモーション,県|岡山県,海外展開/プロモーション,令和８年度ＳＮＳ広告等を活用したインバウンド向け情報発信業務に係る公募型プロポーザル（技術提案）,https://www.pref.okayama.jp/site/321/1047308.html,L2,1,,締切不明
A,展示・出展関連,県|岡山県,展示会・出展,保育の魅力発見フェア企画運営業務委託 公募型プロポーザル（技術提案）,https://www.pref.okayama.jp/site/321/983978.html,L2,1,,締切不明
A,展示・出展関連,県|岩手県,展示会・出展,「令和8年度県主催移住フェア企画運営業務」企画提案選考委員会の結果について,https://www.pref.iwate.jp/kensei/nyuusatsu/compe/kekka/1097088.html,L1,1,,過年度（次回予測用）
A,国内展示会・物産展の企画運営,県|岩手県,展示会・出展/プロモーション/イベント運営,令和7年度台湾現地PRイベント出展業務に係る企画提案審査結果について,https://www.pref.iwate.jp/kensei/nyuusatsu/compe/kekka/1090466.html,L1,2,,過年度（次回予測用）
A,展示・出展関連,県|岩手県,展示会・出展,「タイFITフェア出展・運営」業務企画提案審査の結果について,https://www.pref.iwate.jp/kensei/nyuusatsu/compe/kekka/1090394.html,L1,1,,過年度（次回予測用）
A,展示・出展関連,県|岩手県,展示会・出展,令和7年度「東京インターナショナル・ギフト・ショー出展支援企画運営業務」の企画提案審査結果について,https://www.pref.iwate.jp/kensei/nyuusatsu/compe/kekka/1086475.html,L1,3,,過年度（次回予測用）
A,国内展示会・物産展の企画運営,県|岩手県,展示会・出展/工芸・地域産品,令和7年度県産農林水産物のレストランフェア等企画運営業務に係る企画提案選考委員会の審査結果について,https://www.pref.iwate.jp/kensei/nyuusatsu/compe/kekka/1085878.html,L1,3,,過年度（次回予測用）
A,展示・出展関連,県|岩手県,展示会・出展,「2024 Japanese Food Expo in ニューヨーク」出展支援業務企画提案選考委員会の審査結果について,https://www.pref.iwate.jp/kensei/nyuusatsu/compe/kekka/1077005.html,L1,1,,過年度（次回予測用）
A,展示・出展関連,県|岩手県,展示会・出展,「ニューヨーク トラベル＆アドベンチャーショー2025 出展業務」に係る企画提案選考委員会の審査結果について,https://www.pref.iwate.jp/kensei/nyuusatsu/compe/kekka/1076281.html,L1,1,,過年度（次回予測用）
A,国内展示会・物産展の企画運営,県|岩手県,展示会・出展/プロモーション/イベント運営,令和5年度台湾現地PRイベント出展業務に係る企画提案の審査結果について,https://www.pref.iwate.jp/kensei/nyuusatsu/compe/kekka/1066764.html,L1,1,,過年度（次回予測用）
A,イベント企画運営,県|岩手県,プロモーション/イベント運営,令和6年度盛岡広域くらしの魅力発信イベント及び移住相談会企画運営業務に係る企画提案選考委員会の審査結果について,https://www.pref.iwate.jp/kensei/nyuusatsu/compe/kekka/1074625.html,L1,1,,過年度（次回予測用）
A,展示・出展関連,県|岩手県,展示会・出展,令和5年度県主催移住フェア企画運営業務委託に係る企画提案審査の結果について,https://www.pref.iwate.jp/kensei/nyuusatsu/compe/kekka/1064787.html,L1,1,,過年度（次回予測用）
A,国内展示会・物産展の企画運営,県|岩手県,展示会・出展/工芸・地域産品/イベント運営,令和4年度「もりおか広域食の商談会・工芸展示商談会、工房見学会」開催事業企画運営業務に係る企画提案審査の結果について,https://www.pref.iwate.jp/kensei/nyuusatsu/compe/kekka/1059246.html,L1,1,,過年度（次回予測用）
A,海外向けプロモーション,県|岩手県,海外展開/プロモーション,令和3年度いわてインバウンド総合プロモーション業務（台湾市場、香港市場）に係る企画提案審査結果について,https://www.pref.iwate.jp/kensei/nyuusatsu/compe/kekka/1045584.html,L1,1,,過年度（次回予測用）
A,海外向けプロモーション,県|岩手県,海外展開/プロモーション,令和3年度いわてインバウンド総合プロモーション業務（中国市場、アセアン市場）に係る企画提案審査結果について,https://www.pref.iwate.jp/kensei/nyuusatsu/compe/kekka/1045455.html,L1,1,,過年度（次回予測用）
A,海外向けプロモーション,県|岩手県,海外展開/プロモーション,令和3年度いわてインバウンド総合プロモーション業務（韓国市場）に係る企画提案審査結果について,https://www.pref.iwate.jp/kensei/nyuusatsu/compe/kekka/1045443.html,L1,1,,過年度（次回予測用）
A,国内展示会・物産展の企画運営,県|岩手県,展示会・出展/工芸・地域産品,県産農林水産物のレストランフェア等企画運営業務企画提案選考委員会の審査結果について,https://www.pref.iwate.jp/kensei/nyuusatsu/compe/kekka/1042536.html,L1,1,,過年度（次回予測用）
A,展示・出展関連,県|愛媛県,展示会・出展,【審査結果掲載】第36回全国産業教育フェア佐賀大会視察に係る宿泊・輸送等計画作成業務の公募型プロポーザルの実施について,https://www.pref.ehime.jp/site/nyusatsu/150948.html,L1,1,2026-11-30,募集中
A,展示・出展関連,県|愛媛県,展示会・出展,第37回全国産業教育フェア愛媛大会公式Webページ作成業務委託公募型プロポーザルの実施について,https://www.pref.ehime.jp/site/nyusatsu/154692.html,L2,1,2026-08-28,募集中
A,展示・出展関連,県|愛媛県,展示会・出展,令和8年度「えひめ防災フェア運営業務」に係る企画提案の募集について,https://www.pref.ehime.jp/site/nyusatsu/154775.html,L2,1,2026-08-28,募集中
A,展示・出展関連,県|栃木県,展示会・出展/観光・誘客,令和８(2026)年度栃木県観光情報商談会運営等業務委託公募型プロポーザルの審査結果について,https://www.pref.tochigi.lg.jp/f05/kanko/kanko/2026shodankekka.html,L2,1,,過年度（次回予測用）
A,展示・出展関連,県|栃木県,展示会・出展/観光・誘客,令和８(2026)年度栃木県観光情報商談会運営等業務委託公募型プロポーザルに係る質問内容及び回答について,https://www.pref.tochigi.lg.jp/f05/kanko/kanko/2026shodan_shitsumon.html,L2,1,,締切不明
A,展示・出展関連,県|栃木県,展示会・出展/観光・誘客,令和８(2026)年度栃木県観光情報商談会運営等業務公募型プロポーザルの実施について,https://www.pref.tochigi.lg.jp/f05/kanko/kanko/2026shodan.html,L2,1,,締切不明
A,展示・出展関連,県|栃木県,展示会・出展,令和8(2026)年度「オールとちぎ移住・しごとフェア」業務委託公募型プロポーザルの実施結果について,https://www.pref.tochigi.lg.jp/a03/nyuusatu/alltochigi202602.html,L2,1,,過年度（次回予測用）
A,展示・出展関連,県|福島県,展示会・出展,【審査結果】エンジンフォーラム神戸2026商談会出展支援事業業務企画提案競争実施のご案内,https://www.pref.fukushima.lg.jp/sec/32021f/r8engene.html,L2,1,,過年度（次回予測用）
A,海外向けプロモーション,県|群馬県,海外展開/プロモーション,公募型プロポーザル結果の公表（令和8年度多言語情報発信事業及び海外インフルエンサー等招請事業）,https://www.pref.gunma.jp/site/nyuusatsu/771797.html,L1,1,,過年度（次回予測用）
A,国内展示会・物産展の企画運営,県|鹿児島県,展示会・出展/工芸・地域産品,「和牛日本一鹿児島」プロジェクトに係るホテル・レストランフェアと連動した県産和牛のＰＲ業務委託に係る企画提案の募集,https://www.pref.kagoshima.jp/ag07/r8preevent.html,L1,1,,締切不明
A,海外向けプロモーション,県|鹿児島県,海外展開/プロモーション,鹿児島県インバウンドプロモーション動画制作業務委託に係る企画提案について,https://www.pref.kagoshima.jp/af08/kaigaiyuchi/dougaseisaku.html,L1,1,2027-03-26,募集中
A,国内展示会・物産展の企画運営,県|鹿児島県,展示会・出展/工芸・地域産品/観光・誘客/イベント運営,【募集終了しました】大隅観光・特産品ＰＲ事業（観光・特産品フェア開催事業）業務委託に係る企画提案を募集します！！,https://www.pref.kagoshima.jp/ao01/oosumifea.html,L1,1,2027-03-12,募集中
A,国内展示会・物産展の企画運営,県|鹿児島県,展示会・出展/工芸・地域産品/プロモーション/観光・誘客/イベント運営,【募集終了しました】大隅観光・特産品PR事業（商談会等開催事業）業務委託に係る企画提案を募集します！！,https://www.pref.kagoshima.jp/ao01/r8_osumi_tokusanhin_shoudankai.html,L1,1,2027-02-26,募集中
A,海外向けプロモーション,県|鹿児島県,海外展開/プロモーション,「令和８年度鹿児島空港国際線アウトバウンドプロモーション業務」に係る企画提案を募集します,https://www.pref.kagoshima.jp/ac08/kagoshima_go_abroad.html,L1,1,,締切不明
A,海外向けプロモーション,県|鹿児島県,海外展開/プロモーション,国内在住外国人等インフルエンサーを活用した欧米豪市場向け情報発信業務委託に係る企画提案について,https://www.pref.kagoshima.jp/af08/kaigaiyuchi/influencer/001.html,L1,1,,締切不明
A,国内展示会・物産展の企画運営,県|鹿児島県,展示会・出展/工芸・地域産品,【出展事業者募集】「食の宝庫」おおすみ特産品商談会2026を開催いたします！,https://www.pref.kagoshima.jp/ao01/osumi_tokusanhin_shoudankai.html,L2,1,2026-09-09,募集中
