適合度,根拠,組織,分類,案件名,URL,階層,重複数
S,工芸・地域産品の海外展開,外郭|京都,海外展開/工芸・地域産品,伝統産業事業者の海外展開戦略検討へ向けた海外テストマーケティング等業務に係る公募型プロポーザルの実施について,https://www.ki21.jp/informations/densan-kaigai/,L1,2
S,海外展示会・出展支援（東京手仕事M&Oと同型）,外郭|京都,展示会・出展/海外展開,-京都ビジネス交流フェア2027-「グローバルテクノロジー京都展」開催業務に係る公募型プロポーザルの実施について,https://www.ki21.jp/informations/%e4%ba%ac%e9%83%bd%e3%83%93%e3%82%b8%e3%83%8d%e3%82%b9%e4%ba%a4%e6%b5%81%e3%83%95%e3%82%a7%e3%82%a22027/,L1,2
S,会場装飾・設営の直接発注,外郭|京都,展示会・出展,「SEMICON Japan 2026 京都パビリオン」装飾等業務 公募型プロポーザル審査による事業者選定について,https://www.ki21.jp/?post_type=startup&amp;p=45181&amp;preview=true,L1,2
S,会場装飾・設営の直接発注,外郭|京都,展示会・出展,「SEMICON Taiwan 2026 KYOTOパビリオン」装飾等業務 公募型プロポーザル審査による事業者選定について,https://www.ki21.jp/?post_type=startup&amp;p=37649&amp;preview=true,L1,1
S,会場装飾・設営の直接発注,外郭|京都,展示会・出展,公益財団法人京都産業２１ 令和８年度 京都府よろず支援拠点 相談ブース用パネル等のレンタルに係る事業者公募について,https://www.ki21.jp/informations/yorozu20260318-panel/,L1,2
S,会場装飾・設営の直接発注,外郭|京都,展示会・出展/海外展開/イベント運営,-京都ビジネス交流フェア2026-「京都発・グローバルニッチ戦略展」展示会場装飾及び印刷物作成等の業務に係る公募型プロポーザルに対する質問の回答について,https://www.ki21.jp/informations/%e4%ba%ac%e9%83%bd%e3%83%93%e3%82%b8%e3%83%8d%e3%82%b9%e4%ba%a4%e6%b5%81%e3%83%95%e3%82%a7%e3%82%a22026-%e3%80%8c%e4%ba%ac%e9%83%bd%e7%99%ba%e3%83%bb%e3%82%b0%e3%83%ad%e3%83%bc%e3%83%90%e3%83%ab/,L1,1
S,海外展示会・出展支援（東京手仕事M&Oと同型）,外郭|京都,展示会・出展/海外展開,-京都ビジネス交流フェア2026-「京都発・グローバルニッチ戦略展」開催業務に係る公募型プロポーザルの実施について,https://www.ki21.jp/informations/%e4%ba%ac%e9%83%bd%e3%83%93%e3%82%b8%e3%83%8d%e3%82%b9%e4%ba%a4%e6%b5%81%e3%83%95%e3%82%a7%e3%82%a22026-%e3%80%8c%e4%ba%ac%e9%83%bd%e7%99%ba%e3%83%bb%e3%82%b0%e3%83%ad%e3%83%bc%e3%83%90%e3%83%ab-2/,L1,2
S,会場装飾・設営の直接発注,外郭|京都,展示会・出展,「SEMICON TAIWAN 2025 京都パビリオン」装飾等業務 公募型プロポーザル審査による事業者選定について,https://www.ki21.jp/informations/semitaiwansousyokukoubo0519-2/,L1,2
S,会場装飾・設営の直接発注,外郭|京都,展示会・出展,「SXSW 2025 京都パビリオン」装飾等業務 公募型プロポーザル審査による事業者選定について,https://www.ki21.jp/informations/sxsw2025kyotososyoku/,L1,2
S,会場装飾・設営の直接発注,外郭|京都,展示会・出展/海外展開,「第54回 国際ホテル・レストランショー」 KYOTOブースの装飾業務に係る公募型プロポーザル審査の実施について,https://www.ki21.jp/informations/hoteresu-sousoku/,L1,2
S,会場装飾・設営の直接発注,外郭|京都,展示会・出展,「JAPAN TRADE EXHIBITION IN DUBAI 2025」における京都ブース設置・運営等業務 公募型プロポーザル審査の選定結果について,https://www.ki21.jp/informations/japan-trade-exhibition-in-dubai-2025/,L1,1
S,会場装飾・設営の直接発注,外郭|京都,展示会・出展/イベント運営,「京都ビジネス交流フェア２０２３」展示会場装飾及び印刷物等作成・発送業務に係る公募型プロポーザルの実施について,https://www.ki21.jp/information/bp2023-itaku/,L1,2
S,会場装飾・設営の直接発注,外郭|大分,展示会・出展,令和８年度中小企業地域資源活用等促進事業(ジャンプアップ事業)における展示商談会大分県ブースの企画・運営委託業務の公募について,https://www.columbus.or.jp/2026/08/17/%e3%80%90%e3%81%8a%e7%9f%a5%e3%82%89%e3%81%9b%e3%80%91%e4%bb%a4%e5%92%8c%ef%bc%98%e5%b9%b4%e5%ba%a6%e4%b8%ad%e5%b0%8f%e4%bc%81%e6%a5%ad%e5%9c%b0%e5%9f%9f%e8%b3%87%e6%ba%90%e6%b4%bb%e7%94%a8%e7%ad%89/,L2,1
S,会場装飾・設営の直接発注,外郭|大阪,展示会・出展/イベント運営,令和8年度「この街のクリエイター博覧会2027」会場設営・運営管理業務の委託先公募について,https://www.obda.or.jp/wp-content/uploads/2026/05/konokurihaku2027_QandA.pdf,L1,1
S,会場装飾・設営の直接発注,外郭|大阪,展示会・出展/イベント運営,令和8年度「この街のクリエイター博覧会2027」会場設営・運営管理業務募集要項,https://www.obda.or.jp/wp-content/uploads/2026/05/01_konokurihaku2027_Guidelines.pdf,L1,1
S,会場装飾・設営の直接発注,外郭|大阪,展示会・出展/イベント運営,令和8年度「この街のクリエイター博覧会2027」会場設営・運営管理業務仕様書案,https://www.obda.or.jp/wp-content/uploads/2026/05/02_konokurihaku2027_Specs.pdf,L1,1
S,海外展示会・出展支援（東京手仕事M&Oと同型）,外郭|山口,展示会・出展/海外展開,海外展示会及び海外バイヤー招聘事業による、海外展開支援補助業務,https://yipf.or.jp/proposal/%e6%b5%b7%e5%a4%96%e5%b1%95%e7%a4%ba%e4%bc%9a%e5%8f%8a%e3%81%b3%e6%b5%b7%e5%a4%96%e3%83%90%e3%82%a4%e3%83%a4%e3%83%bc%e6%8b%9b%e8%81%98%e4%ba%8b%e6%a5%ad%e3%81%ab%e3%82%88%e3%82%8b/?e=contents,L1,1
S,会場装飾・設営の直接発注,外郭|山口,展示会・出展,「第３１回機械要素技術展」出展に係る装飾委託業務,https://yipf.or.jp/proposal/r8_kikaiyouso/?e=contents,L1,4
S,会場装飾・設営の直接発注,外郭|山口,展示会・出展,「2025NEW環境展」出展に係る装飾委託業務,https://yipf.or.jp/proposal/exhibitionr8_kankyo/?e=contents,L1,2
S,会場装飾・設営の直接発注,外郭|山口,展示会・出展,「H2&FC EXPO【秋】／BATTERY JAPAN【秋】」出展に係る装飾業務,https://yipf.or.jp/proposal/h2battery2026-decoration_proposal/?e=contents,L1,1
S,工芸・地域産品の海外展開,外郭|山口,海外展開/工芸・地域産品,海外バイヤー招聘による県内地域産品の視察・商談等実施業務,https://yipf.or.jp/proposal/%e6%b5%b7%e5%a4%96%e3%83%90%e3%82%a4%e3%83%a4%e3%83%bc%e6%8b%9b%e8%81%98%e3%81%ab%e3%82%88%e3%82%8b%e7%9c%8c%e5%86%85%e5%9c%b0%e5%9f%9f%e7%94%a3%e5%93%81%e3%81%ae%e8%a6%96%e5%af%9f%e3%83%bb%e5%95%86/?e=contents,L1,1
S,会場装飾・設営の直接発注,外郭|山口,展示会・出展,「第４回製造業カーボンニュートラル展」出展に係る装飾委託業務,https://yipf.or.jp/proposal/r7_seizou_cn/?e=contents,L1,1
S,会場装飾・設営の直接発注,外郭|山口,展示会・出展,「第60回 スーパーマーケット・トレードショー2026」出展に係る装飾委託業務,https://yipf.or.jp/proposal/r7bukka_smts2026/?e=contents,L1,3
S,会場装飾・設営の直接発注,外郭|山口,展示会・出展,「第３回九州機械要素技術展」出展に係る装飾委託業務,https://yipf.or.jp/proposal/r7_kyushukikaiyouso/?e=contents,L1,2
S,会場装飾・設営の直接発注,外郭|山口,展示会・出展,「Ｈ２＆ＦＣＥＸＰＯ【秋】２０２５」出展に係る装飾委託業務,https://yipf.or.jp/proposal/h2fcexpo2025-decoration_proposal/?e=contents,L1,3
S,会場装飾・設営の直接発注,外郭|山口,展示会・出展,「第５回フードテックジャパン」出展に係る装飾委託業務,https://yipf.or.jp/proposal/r6_foodtechjapan/?e=contents,L1,2
S,会場装飾・設営の直接発注,外郭|山口,展示会・出展/海外展開,「国際ロボット展２０２３」出展に係る装飾委託業務,https://yipf.or.jp/proposal/r5_irex2023/?e=contents,L1,1
S,会場装飾・設営の直接発注,外郭|山口,展示会・出展,「FOOD STYLE Japan2023」出展に係る装飾委託業務,https://yipf.or.jp/proposal/foodstylejapan2023-decoration_proposal/?e=contents,L1,1
S,海外展示会・出展支援（東京手仕事M&Oと同型）,外郭|山口,展示会・出展/海外展開,海外展開総合支援事業展示会プロモート事業業務委託,https://yipf.or.jp/proposal/%e6%b5%b7%e5%a4%96%e5%b1%95%e9%96%8b%e7%b7%8f%e5%90%88%e6%94%af%e6%8f%b4%e4%ba%8b%e6%a5%ad%e5%b1%95%e7%a4%ba%e4%bc%9a%e3%83%97%e3%83%ad%e3%83%a2%e3%83%bc%e3%83%88%e4%ba%8b%e6%a5%ad%e6%a5%ad%e5%8b%99/?e=contents,L1,1
S,海外展示会・出展支援（東京手仕事M&Oと同型）,外郭|山口,展示会・出展/海外展開,海外展示会プロモート事業業務委託（シンガポール）【R2.7.15】,https://yipf.or.jp/proposal/r2_7_15/?e=contents,L1,1
S,海外展示会・出展支援（東京手仕事M&Oと同型）,外郭|山口,展示会・出展/海外展開,海外展示会プロモート事業業務委託（タイ）【R2.7.8】,https://yipf.or.jp/proposal/r2_7_8/?e=contents,L1,1
S,海外展示会・出展支援（東京手仕事M&Oと同型）,市|仙台,展示会・出展/海外展開,海外展示会出展支援事業（仙台グローバルスタートアップ・ハブ）の受託候補者を募集します,https://www.city.sendai.jp/startup-kyoten/globalexpor8.html,L2,1
S,海外展示会・出展支援（東京手仕事M&Oと同型）,市|仙台,展示会・出展/海外展開,「仙台ゆかりの漫画・アニメを活用した海外出展業務」に係る公募型プロポーザルの実施について,https://www.city.sendai.jp/contentsoushutsu/animation_manga/r8proposal.html,L2,1
S,会場装飾・設営の直接発注,市|浜松,展示会・出展/海外展開,Bharat Mobility GLOBAL EXPO 2027 The Components & Technology Show出展に係る浜松市ブース出展登録及び装飾等業務（公募型プロポーザル）【浜松市海外経済交流推進協議会】（6月19日）,https://www.city.hamamatsu.shizuoka.jp/sangyoshinko/bid/mobilityshow.html,L2,1
S,海外展示会・出展支援（東京手仕事M&Oと同型）,市|浜松,展示会・出展/海外展開,令和8年度市内中小企業海外展開支援国内輸出商社等商談会開催運営業務（公募型プロポーザル方式）【浜松市海外経済交流推進協議会】（6月12日）,https://www.city.hamamatsu.shizuoka.jp/sangyoshinko/bid/syoudankai.html,L2,1
S,海外展示会・出展支援（東京手仕事M&Oと同型）,市|福山,展示会・出展/海外展開/プロモーション,２０２７年国際園芸博覧会 福山市出展総合プロデュース・広報業務に係るプロポーザルの実施について,https://www.city.fukuyama.hiroshima.jp/site/rosetownfukuyama/407752.html,L1,1
S,会場装飾・設営の直接発注,市|那覇,イベント運営,令和8年那覇市戦没者追悼式（第31回なぐやけの碑慰霊祭） 会場設営等業務委託に係る制限付き一般競争入札の実施,https://www.city.naha.okinawa.jp/business/touroku/1003844/1010980/1012471.html,L1,1
S,会場装飾・設営の直接発注,市|静岡,イベント運営,【選定結果の公表】公募型プロポーザル「SDGs推進イベント事業会場設営及び運営業務」,https://www.city.shizuoka.lg.jp/s2934/s013132.html,L2,1
S,工芸・地域産品の海外展開,市|静岡,海外展開/工芸・地域産品,【選定結果の公表】公募型プロポーザル「食品関連海外展開支援実施業務」,https://www.city.shizuoka.lg.jp/s2746/s013120.html,L2,1
S,会場装飾・設営の直接発注,市|静岡,展示会・出展,公募型プロポーザル「『第38回日本ものづくりワールド機械要素技術展』静岡市共同出展ブースに係る設営等業務」,https://www.city.shizuoka.lg.jp/s2746/s003750.html,L2,1
S,会場装飾・設営の直接発注,市財団|さいたま市産業創造財団,展示会・出展,【一般競争入札公告】COMPAMED2026ブース装飾業務の公募について,https://www.sozo-saitama.or.jp/topic/compamed-2026/,L2,1
S,会場装飾・設営の直接発注,市財団|さいたま市産業創造財団,展示会・出展,【一般競争入札公告】electronica 2026ブース装飾業務の公募について,https://www.sozo-saitama.or.jp/topic/electronica-2026/,L2,1
S,工芸・地域産品の海外展開,県|宮崎県,海外展開/工芸・地域産品,世界へ羽ばたけ！県産品海外展開強化事業（米国）業務企画提案競技の結果について,https://www.pref.miyazaki.lg.jp/kokusai-keizaikoryu/kense/chotatsu/20260806153408.html,L1,1
S,海外展示会・出展支援（東京手仕事M&Oと同型）,県|宮崎県,展示会・出展/海外展開,2027年国際園芸博覧会屋外出展業務委託に係る企画提案競技の結果について,https://www.pref.miyazaki.lg.jp/utsukushii/kense/chotatsu/20260706125941.html,L1,1
S,会場装飾・設営の直接発注,県|宮崎県,展示会・出展,大規模商談会出展（冷凍部門）に係る宮崎県ブース企画運営業務委託の企画提案競技（プロポーザル方式）の審査結果について,https://www.pref.miyazaki.lg.jp/kigyoshinko/kense/chotatsu/20260519155920.html,L1,1
S,会場装飾・設営の直接発注,県|宮崎県,イベント運営,令和7年度宮崎県総合防災訓練に係る会場設営及び撤去等業務委託の一般競争入札（条件付）の結果について,https://www.pref.miyazaki.lg.jp/kiki-kikikanri/kense/chotatsu/20251024182523.html,L1,1
S,会場装飾・設営の直接発注,県|宮崎県,展示会・出展/イベント運営,大阪・関西万博九州7県合同催事「宮崎県ブース」展示・運営等業務委託企画提案競技の結果について,https://www.pref.miyazaki.lg.jp/kanko-suishin/kense/chotatsu/20250421110848.html,L1,1
S,会場装飾・設営の直接発注,県|富山県,展示会・出展/海外展開,2027年国際園芸博覧会屋内出展施工業務委託に係る公募型プロポーザル審査結果について,https://www.pref.toyama.jp/1613/enngei/2026-07-16.html,L1,1
S,会場装飾・設営の直接発注,県|岡山県,イベント運営,令和８年度岡山県登録販売者試験会場設営業務に係る一般競争入札（条件付）の実施について,https://www.pref.okayama.jp/site/321/1053912.html,L1,1
S,海外展示会・出展支援（東京手仕事M&Oと同型）,県|岡山県,展示会・出展/海外展開/観光・誘客,2026台北国際旅行博（ITF）出展に係る業務に係る公募型プロポーザル（技術提案）,https://www.pref.okayama.jp/site/321/988147.html,L2,1
S,海外展示会・出展支援（東京手仕事M&Oと同型）,県|岩手県,展示会・出展/海外展開,「令和8年度「SIAL Paris 2026 ジャパンパビリオン」出展支援業務」企画提案審査委員会の審査結果について,https://www.pref.iwate.jp/kensei/nyuusatsu/compe/kekka/1099826.html,L1,1
S,工芸・地域産品の海外展開,県|岩手県,海外展開/工芸・地域産品,令和5年度いわて農林水産物DX販路開拓・拡大戦略策定業務に係る企画提案選考委員会の審査結果について,https://www.pref.iwate.jp/kensei/nyuusatsu/compe/kekka/1065255.html,L1,1
S,海外展示会・出展支援（東京手仕事M&Oと同型）,県|岩手県,展示会・出展/海外展開/観光・誘客,台北国際観光博覧会（TTE)出展・運営支援業務に係る企画提案選考結果について,https://www.pref.iwate.jp/kensei/nyuusatsu/compe/kekka/1064546.html,L1,1
S,会場装飾・設営の直接発注,県|徳島県,展示会・出展/海外展開/工芸・地域産品,公募型プロポーザル方式「第13回“日本の食品”輸出EXPO WINTER」徳島県ブース装飾設置運営委託事業者募集に係る質問への回答について,https://www.pref.tokushima.lg.jp/jigyoshanokata/nyusatsu/itaku/7315873/,L1,1
S,工芸・地域産品の海外展開,県|栃木県,海外展開/工芸・地域産品/プロモーション,令和8(2026)年度海外インフルエンサーを活用したいちごオーナー体験等による県産農産物及び農村の魅力発信事業委託業務公募型プロポーザルの審査結果について,https://www.pref.tochigi.lg.jp/g02/2026_ichigoowner_proposal_kekka.html,L2,1
S,工芸・地域産品の海外展開,県|栃木県,海外展開/工芸・地域産品/プロモーション,令和８（2026）年度海外インフルエンサーを活用したいちごオーナー体験等による県産農産物及び農村の魅力発信事業委託業務公募型プロポーザルに係る質問内容及び回答について,https://www.pref.tochigi.lg.jp/g02/houdou/2026_ichigoowner_proposal_shitumon.html,L2,1
S,工芸・地域産品の海外展開,県|栃木県,海外展開/工芸・地域産品/プロモーション,令和８（2026）年度海外インフルエンサーを活用したいちごオーナー体験等による県産農産物及び農村の魅力発信事業委託業務に係る公募型プロポーザルの実施について,https://www.pref.tochigi.lg.jp/g02/houdou/2026_ichigoowner_proposal.html,L2,1
S,海外展示会・出展支援（東京手仕事M&Oと同型）,県|栃木県,展示会・出展/海外展開/工芸・地域産品,「とちぎ食品輸出商談会（韓国）」の参加事業者を募集します,https://www.pref.tochigi.lg.jp/f04/2026-kaigaitenkai/20260915korea.html,L2,1
S,会場装飾・設営の直接発注,県|福岡県,展示会・出展/海外展開,2027年国際園芸博覧会屋内出展作品に係る設計・施工・維持管理業務委託事業者を募集します,https://www.pref.fukuoka.lg.jp/contents/engei-hana.html,L1,1
S,海外展示会・出展支援（東京手仕事M&Oと同型）,県|福島県,展示会・出展/海外展開,「2027国際園芸博覧会への福島県出展業務委託」に係る公募型プロポーザル方式による業務受託者の募集について,https://www.pref.fukushima.lg.jp/sec/36035c/2027engeihaku-kohbo.html,L1,1
S,会場装飾・設営の直接発注,県|群馬県,展示会・出展,「FOODEX JAPAN2027」群馬県ブース全体装飾等設営業務公募型プロポーザルの実施について,https://www.pref.gunma.jp/site/nyuusatsu/770814.html,L2,1
S,海外展示会・出展支援（東京手仕事M&Oと同型）,県|鹿児島県,展示会・出展/海外展開,2027年国際園芸博覧会（GREEN×EXPO2027）鹿児島県屋内出展業務委託の企画提案を募集します,https://www.pref.kagoshima.jp/ag06/hanakaju/greenexpo.html,L1,1
S,会場装飾・設営の直接発注,県|鹿児島県,展示会・出展/海外展開,大規模輸出商談会への出展における鹿児島県ブースの設営・管理及び出展事業者へのサポート業務委託に係る公募型プロポーザルの実施について,https://www.pref.kagoshima.jp/ag36/yusyutsu_shodankai2026.html,L1,1
S,海外展示会・出展支援（東京手仕事M&Oと同型）,県|鹿児島県,展示会・出展/海外展開,半導体関連企業人材確保・取引拡大等支援事業（海外展示会出展）業務委託の企画提案を募集します。,https://www.pref.kagoshima.jp/af03/r8semicon_taiwan.html,L1,1
S,海外展示会・出展支援（東京手仕事M&Oと同型）,県|鹿児島県,展示会・出展/海外展開,【質問書の回答を掲載しました】欧州における商談会等への出展による販路開拓支援等業務委託（令和8年度「かごしま茶」の新たな販路開拓支援事業(かごしま茶「せいめい」研究会の活動支援））の公募について,https://www.pref.kagoshima.jp/ag06/seimei2026.html,L1,1
S,会場装飾・設営の直接発注,県|鹿児島県,イベント運営,「第27回全国農業担い手サミットinかごしま」会場設営等業務委託公募型プロポーザルの実施について,https://www.pref.kagoshima.jp/ag05/summitnyuusatsukaijou.html,L1,1
A,イベント企画運営,国|VIPO,海外展開/文化・芸術/イベント運営,・令和7年度文化庁「国際文化交流・協力推進事業」（TICAD9関連イベントに係る調査及び企画運営実施業務）,https://www.vipo.or.jp/project/africa/,L1,1
A,イベント企画運営,国|伝産協会,工芸・地域産品/イベント運営,（2026/07/03 9:30 締切り）「2026年度 伝統的工芸品月間全国大会関連催事」物流（一括搬入・搬出）業務の入札について,https://kyokai.kougeihin.jp/association_info/20260612/,L1,1
A,海外向けプロモーション,国|日本商工会議所,海外展開/プロモーション,（STEP3〜4）国際ビジネスマッチングサイト（e-Venue）／日本貿易振興機構（JETRO） e-Venueは世界100カ国以上のビジネスパーソンとオンラインで交流できる国際ビジネスマッチングサイトです。国内外の輸出入、業務連携、業務支援サービスなど、様々なタイプのビジネス案件を発信しています。,https://e-venue.jetro.go.jp/bizportal/s/?language=ja,L2,1
A,展示・出展関連,外郭|京都,展示会・出展,京都ビジネス交流フェア２０２５」開催案内発送業務について,https://www.ki21.jp/wordpress/wp-content/uploads/2024/12/DMmitsumori_shipping.pdf,L1,2
A,展示・出展関連,外郭|京都,展示会・出展,『関西四国合同広域商談会2025』発注企業募集案内資料の発送業務に係る公募について,https://www.ki21.jp/wordpress/wp-content/uploads/2024/07/797db5d5dd56f0fcd3245419892acc2d.pdf,L1,2
A,展示・出展関連,外郭|京都,展示会・出展,「京都ビジネス交流フェア2025」開催業務に係る公募型プロポーザルの実施について,https://www.ki21.jp/informations/bp2025_proposal/,L1,2
A,展示・出展関連,外郭|京都,展示会・出展,『 関西・四国合同広域商談会 』案内文書発送業務委託業者の募集について,https://www.ki21.jp/kobo/r4/hasso/20220729.pdf,L1,2
A,展示・出展関連,外郭|宮崎,,小間装飾等業務委託 仕様書,https://www.mepo.or.jp/contents/wp-content/uploads/2026/07/siyousyo.pdf,L1,1
A,展示・出展関連,外郭|宮崎,,第29回機械要素技術展［大阪］（令和８年度）小間装飾等業務委託事業者を募集します,https://www.mepo.or.jp/?post_type=shiensaku&amp;p=7744&amp;preview=true,L1,1
A,展示・出展関連,外郭|山口,,SEMICON Taiwan 2026 小間装飾業務,https://yipf.or.jp/proposal/semicon-taiwan-2026-%e5%b0%8f%e9%96%93%e8%a3%85%e9%a3%be%e6%a5%ad%e5%8b%99/?e=contents,L1,2
A,展示・出展関連,外郭|山口,,SEMICON Japan 2026 小間装飾業務,https://yipf.or.jp/proposal/semicon-japan-2026-%e5%b0%8f%e9%96%93%e8%a3%85%e9%a3%be%e6%a5%ad%e5%8b%99-%e3%83%97%e3%83%ad%e3%83%9d%e3%83%bc%e3%82%b6%e3%83%ab%e5%8b%9f%e9%9b%86/?e=contents,L1,2
A,展示・出展関連,外郭|山口,,SEMICON JAPAN 2024 小間装飾業務,https://yipf.or.jp/proposal/semicon-japan-2024-%e5%b0%8f%e9%96%93%e8%a3%85%e9%a3%be%e6%a5%ad%e5%8b%99-%e3%83%97%e3%83%ad%e3%83%9d%e3%83%bc%e3%82%b6%e3%83%ab%e5%8b%9f%e9%9b%86/?e=contents,L1,1
A,展示・出展関連,外郭|山口,,SEMICON TAIWAN 2024小間装飾業務,https://yipf.or.jp/proposal/semicon-taiwan-2024%e5%b0%8f%e9%96%93%e8%a3%85%e9%a3%be%e6%a5%ad%e5%8b%99/?e=contents,L1,1
A,展示・出展関連,外郭|島根,展示会・出展,令和8年度「専門展示会出展助成金」募集のご案内,https://www.joho-shimane.or.jp/news/wanted_subsidy/11690,L1,1
A,国内展示会・物産展の企画運営,外郭|石川,展示会・出展/工芸・地域産品,中国・重慶で開催する北陸3県工芸品フェアへの出品事業者を募集（石川県 締切：R8.8.28）,https://www.isico.or.jp/support/dgnet/d41196846.html,L1,1
A,展示・出展関連,外郭|石川,展示会・出展,「株式会社阪急阪神百貨店（阪神梅田本店）」との個別商談会 参加事業者の募集（締切：R8.6.23）,https://www.isico.or.jp/support/dgnet/d41194323.html,L1,1
A,展示・出展関連,外郭|香川,,2024/06/17 入札・コンペ 終了 【一般競争入札公告】「RISTかがわ什器・備品等撤去及び処分業務」について,https://www.kagawa-isf.jp/news/13181/,L1,1
A,海外向けプロモーション,市|仙台,海外展開/プロモーション,【受託候補者を選定しました】「東北の県庁所在地六市連携によるインバウンド向け情報発信業務」の事業者を募集します,https://www.city.sendai.jp/tohokurenke-jigyo/tohokurokushi/tokimeku_2026.html,L2,1
A,展示・出展関連,市|千葉,,事務室等に係る什器調達,https://www.city.chiba.jp/byoin/kikaku/zimushitsuzyuki.html,L1,1
A,海外向けプロモーション,市|千葉,海外展開/プロモーション,令和８年度外国料理店・食材店との連携による外国人市民向け情報発信事業務委託,https://www.city.chiba.jp/shimin/shimin/kokusai/2026_kaigairyouri.html,L1,1
A,展示・出展関連,市|千葉,,JR千葉駅・モノレール千葉駅連絡通路壁面等装飾業務委託,https://www.city.chiba.jp/sogoseisaku/sogoseisaku/identitysuishin/900th_wrapping.html,L1,1
A,海外向けプロモーション,市|千葉,海外展開/プロモーション/観光・誘客,令和８年度Webサイト及びSNS等を活用した訪日外国人観光客向け情報発信業務委託,https://www.city.chiba.jp/keizainosei/keizai/promotion/r8websns_inboundjouhouhasshin.html,L1,1
A,展示・出展関連,市|千葉,,待合・カフェ・スタッフラウンジ等に係る什器調達,https://www.city.chiba.jp/byoin/kikaku/publicspace.html,L2,1
A,展示・出展関連,市|千葉,,外来に係る什器調達,https://www.city.chiba.jp/byoin/kikaku/gairaizyuki.html,L2,1
A,展示・出展関連,市|千葉,,医局に係る什器調達,https://www.city.chiba.jp/byoin/kikaku/ikyokuzyuki.html,L2,1
A,展示・出展関連,市|千葉,,病室・デイルーム・家族ラウンジに係る什器調達,https://www.city.chiba.jp/byoin/kikaku/byoshitsudayroomlounge.html,L2,1
A,展示・出展関連,市|千葉,,事務室・会議室等に係る什器調達,https://www.city.chiba.jp/byoin/kikaku/zimushitusukaigishitsu.html,L2,1
A,展示・出展関連,市|千葉,,病棟に係る什器調達,https://www.city.chiba.jp/byoin/kikaku/byoutouzyuki.html,L2,1
A,展示・出展関連,市|姫路,,浜手緑地（中島東地区）複合遊具等更新設計・施工業務に係る公募型プロポーザルの実施,https://www.city.himeji.lg.jp/sangyo/0000033846.html,L1,1
A,イベント企画運営,市|尼崎,プロモーション/イベント運営,SG第73回ボートレースダービー集客イベント及び広告宣伝等運営管理業務に係る事業者の募集について,https://www.city.amagasaki.hyogo.jp/sangyo/zigyousya/co_bosyu/1043853.html,L1,1
A,イベント企画運営,市|尼崎,プロモーション/イベント運営,PGI第7回BBCトーナメント競走集客イベント及び広告宣伝等運営管理業務の事業者募集について,https://www.city.amagasaki.hyogo.jp/sangyo/zigyousya/co_bosyu/1041991.html,L1,1
A,イベント企画運営,市|川崎,プロモーション/イベント運営,地域の子育て支援イベント等のさらなる利用に向けた新たな広報・予約システムの実証実験参加事業者の募集について【募集は終了しました】[2023年9月22日],https://www.city.kawasaki.jp/450/page/0000153355.html,L1,1
A,展示・出展関連,市|札幌,,「令和７年度生活道路除排雪の試験施工等に関する調査業務」に係る一般競争入札のお知らせ,https://www.city.sapporo.jp/kensetsu/yuki/jigyosha/r7seikatsudouro-shikensekou.html,L2,1
A,展示・出展関連,市|札幌,,「令和6年度生活道路除排雪の試験施工に関わるリーフレット等配布業務」に係る一般競争入札のお知らせ,https://www.city.sapporo.jp/kensetsu/yuki/jigyosha/r6johaisetuhaihu.html,L2,1
A,展示・出展関連,市|札幌,,「令和6年度生活道路除排雪の試験施工等に関する調査検討業務」に係る一般競争入札のお知らせ,https://www.city.sapporo.jp/kensetsu/yuki/jigyosha/r6seikatsudouro-shikensekou.html,L2,1
A,展示・出展関連,市|東大阪,展示会・出展/イベント運営,【終了しました】東大阪市「2025大阪・関西万博 自治体参加催事」出展支援業務委託契約に係るプロポーザル参加事業者を募集します,https://www.city.higashiosaka.lg.jp/0000040239.html,L1,1
A,展示・出展関連,市|東大阪,展示会・出展/イベント運営,東大阪市「2025大阪・関西万博 自治体参加催事」出展支援業務委託契約に係るプロポーザルの選考結果,https://www.city.higashiosaka.lg.jp/0000040451.html,L1,1
A,展示・出展関連,市|横浜,,【公募型プロポーザル】瀬谷駅北口駅前広場から旧上瀬谷通信施設地区における緑花による装飾および育成業務委託,https://www.city.yokohama.lg.jp/business/nyusatsu/kakukukyoku/2026/itaku/green/midorihana.html,L1,1
A,展示・出展関連,市|横浜,展示会・出展,【第１期申請受付中】【中東情勢の変化や米国の関税措置等による影響を受ける市内中小企業が対象】展示会出展費用助成金の募集を開始します,https://www.city.yokohama.lg.jp/business/kigyoshien/keieishien/kaihatsu/tenjikai/tennjikaijyosei.html,L2,1
A,イベント企画運営,市|神戸,海外展開/イベント運営,国際女性デーイベント「BE YOU in KOBE」企画運営業務【事業者募集】,https://www.city.kobe.lg.jp/a38629/sdgs/jigyoussya_bosyu_beyou.html,L1,1
A,国内展示会・物産展の企画運営,市|高知,展示会・出展/工芸・地域産品,【事業者募集】れんけいこうち大物産展 土佐の豊穣祭inとさのさと,https://www.city.kochi.kochi.jp/soshiki/204/tosanohojosai.html,L1,1
A,国内展示会・物産展の企画運営,市|高知,展示会・出展/工芸・地域産品,関西圏での外商促進に係る物産展等開催運営業務公募型プロポーザルに関する質疑について,https://www.city.kochi.kochi.jp/soshiki/204/kansaishitsugi.html,L2,1
A,国内展示会・物産展の企画運営,市|高知,展示会・出展/工芸・地域産品,関西圏での外商促進に係る物産展等開催運営業務公募型プロポーザルの実施について,https://www.city.kochi.kochi.jp/soshiki/204/kansaikensijyoutyousa.html,L2,1
A,展示・出展関連,市|鹿児島,,鹿児島市児童相談所（仮称）什器等整備支援業務委託契約に係る企画提案競技（選定結果）,https://www.city.kagoshima.lg.jp/kodomoshien/jisoujyuki/kokuji.html,L1,1
A,展示・出展関連,県|兵庫県,展示会・出展,「ひょうごフィールドパビリオンエクスカーション型磨き上げ業務」に係る公募型プロポーザルの実施,https://web.pref.hyogo.lg.jp/kk08/press/20260826.html,L2,1
A,海外向けプロモーション,県|兵庫県,海外展開/プロモーション,阪神北インバウンド向けWebプロモーション業務企画提案コンペの実施,https://web.pref.hyogo.lg.jp/hnk02/press/webpromotion.html,L2,1
A,イベント企画運営,県|大分県,プロモーション/イベント運営,【審査結果】令和８年度大分県介護の魅力発信事業（イベント開催）に係る企画提案の公募について,https://www.pref.oita.jp/site/790/2026-kaigoevent.html,L2,1
A,国内展示会・物産展の企画運営,県|宮城県,展示会・出展/工芸・地域産品,【募集を締め切りました】「令和7年度OMO物産展」の出品事業者募集について,https://www.pref.miyagi.jp/soshiki/syokushin/omo_bussanten2025.html,L2,1
A,展示・出展関連,県|宮崎県,展示会・出展,令和8年度看護師等確保に向けた県内医療機関就職促進フェア事業実施業務委託に係る企画提案競技の結果について,https://www.pref.miyazaki.lg.jp/iryoseisaku/kense/chotatsu/20260611160004.html,L1,1
A,イベント企画運営,県|宮崎県,プロモーション/イベント運営,新宿地区における「ナッシーリゾートin宮崎」PRイベント開催業務委託企画提案競技の結果について,https://www.pref.miyazaki.lg.jp/desaki/kense/chotatsu/tokyojimusyo/20251009132455.html,L1,1
A,イベント企画運営,県|宮崎県,プロモーション/イベント運営,首都圏における「行きたくなる宮崎へ」PRイベント開催業務委託に係る企画提案競技の結果について,https://www.pref.miyazaki.lg.jp/desaki/kense/chotatsu/tokyojimusyo/20251024112444.html,L1,1
A,展示・出展関連,県|宮崎県,,【仕様書変更】什器等の賃貸借及び保守に係る一般競争入札（条件付）について,https://www.pref.miyazaki.lg.jp/kyogi-shikiten/kense/chotatsu/20260206160819.html,L1,1
A,イベント企画運営,県|富山県,工芸・地域産品/イベント運営,第46回富山県伝統的工芸品展開催事業業務委託に係る公募型プロポーザルの審査結果について,https://www.pref.toyama.jp/130002/sangyou/kenten2026kekka.html,L1,1
A,展示・出展関連,県|富山県,展示会・出展,「正社員求職お仕事フェア事業」実施業務委託に係る公募型プロポーザルの審査結果について,https://www.pref.toyama.jp/130321/puropo/r8oshigotofea.html,L1,1
A,海外向けプロモーション,県|岡山県,海外展開/プロモーション,令和８年度ＳＮＳ広告等を活用したインバウンド向け情報発信業務に係る公募型プロポーザル（技術提案）,https://www.pref.okayama.jp/site/321/1047308.html,L2,1
A,展示・出展関連,県|岡山県,展示会・出展,保育の魅力発見フェア企画運営業務委託 公募型プロポーザル（技術提案）,https://www.pref.okayama.jp/site/321/983978.html,L2,1
A,展示・出展関連,県|岩手県,展示会・出展,「令和8年度県主催移住フェア企画運営業務」企画提案選考委員会の結果について,https://www.pref.iwate.jp/kensei/nyuusatsu/compe/kekka/1097088.html,L1,1
A,国内展示会・物産展の企画運営,県|岩手県,展示会・出展/プロモーション/イベント運営,令和7年度台湾現地PRイベント出展業務に係る企画提案審査結果について,https://www.pref.iwate.jp/kensei/nyuusatsu/compe/kekka/1090466.html,L1,2
A,展示・出展関連,県|岩手県,展示会・出展,「タイFITフェア出展・運営」業務企画提案審査の結果について,https://www.pref.iwate.jp/kensei/nyuusatsu/compe/kekka/1090394.html,L1,1
A,展示・出展関連,県|岩手県,展示会・出展,令和7年度「東京インターナショナル・ギフト・ショー出展支援企画運営業務」の企画提案審査結果について,https://www.pref.iwate.jp/kensei/nyuusatsu/compe/kekka/1086475.html,L1,3
A,国内展示会・物産展の企画運営,県|岩手県,展示会・出展/工芸・地域産品,令和7年度県産農林水産物のレストランフェア等企画運営業務に係る企画提案選考委員会の審査結果について,https://www.pref.iwate.jp/kensei/nyuusatsu/compe/kekka/1085878.html,L1,3
A,展示・出展関連,県|岩手県,展示会・出展,「2024 Japanese Food Expo in ニューヨーク」出展支援業務企画提案選考委員会の審査結果について,https://www.pref.iwate.jp/kensei/nyuusatsu/compe/kekka/1077005.html,L1,1
A,展示・出展関連,県|岩手県,展示会・出展,「ニューヨーク トラベル＆アドベンチャーショー2025 出展業務」に係る企画提案選考委員会の審査結果について,https://www.pref.iwate.jp/kensei/nyuusatsu/compe/kekka/1076281.html,L1,1
A,国内展示会・物産展の企画運営,県|岩手県,展示会・出展/プロモーション/イベント運営,令和5年度台湾現地PRイベント出展業務に係る企画提案の審査結果について,https://www.pref.iwate.jp/kensei/nyuusatsu/compe/kekka/1066764.html,L1,1
A,イベント企画運営,県|岩手県,プロモーション/イベント運営,令和6年度盛岡広域くらしの魅力発信イベント及び移住相談会企画運営業務に係る企画提案選考委員会の審査結果について,https://www.pref.iwate.jp/kensei/nyuusatsu/compe/kekka/1074625.html,L1,1
A,展示・出展関連,県|岩手県,展示会・出展,令和5年度県主催移住フェア企画運営業務委託に係る企画提案審査の結果について,https://www.pref.iwate.jp/kensei/nyuusatsu/compe/kekka/1064787.html,L1,1
A,国内展示会・物産展の企画運営,県|岩手県,展示会・出展/工芸・地域産品/イベント運営,令和4年度「もりおか広域食の商談会・工芸展示商談会、工房見学会」開催事業企画運営業務に係る企画提案審査の結果について,https://www.pref.iwate.jp/kensei/nyuusatsu/compe/kekka/1059246.html,L1,1
A,海外向けプロモーション,県|岩手県,海外展開/プロモーション,令和3年度いわてインバウンド総合プロモーション業務（台湾市場、香港市場）に係る企画提案審査結果について,https://www.pref.iwate.jp/kensei/nyuusatsu/compe/kekka/1045584.html,L1,1
A,海外向けプロモーション,県|岩手県,海外展開/プロモーション,令和3年度いわてインバウンド総合プロモーション業務（中国市場、アセアン市場）に係る企画提案審査結果について,https://www.pref.iwate.jp/kensei/nyuusatsu/compe/kekka/1045455.html,L1,1
A,海外向けプロモーション,県|岩手県,海外展開/プロモーション,令和3年度いわてインバウンド総合プロモーション業務（韓国市場）に係る企画提案審査結果について,https://www.pref.iwate.jp/kensei/nyuusatsu/compe/kekka/1045443.html,L1,1
A,国内展示会・物産展の企画運営,県|岩手県,展示会・出展/工芸・地域産品,県産農林水産物のレストランフェア等企画運営業務企画提案選考委員会の審査結果について,https://www.pref.iwate.jp/kensei/nyuusatsu/compe/kekka/1042536.html,L1,1
A,展示・出展関連,県|愛媛県,展示会・出展,【審査結果掲載】第36回全国産業教育フェア佐賀大会視察に係る宿泊・輸送等計画作成業務の公募型プロポーザルの実施について,https://www.pref.ehime.jp/site/nyusatsu/150948.html,L1,1
A,展示・出展関連,県|愛媛県,展示会・出展,第37回全国産業教育フェア愛媛大会公式Webページ作成業務委託公募型プロポーザルの実施について,https://www.pref.ehime.jp/site/nyusatsu/154692.html,L2,1
A,展示・出展関連,県|愛媛県,展示会・出展,令和8年度「えひめ防災フェア運営業務」に係る企画提案の募集について,https://www.pref.ehime.jp/site/nyusatsu/154775.html,L2,1
A,展示・出展関連,県|栃木県,展示会・出展/観光・誘客,令和８(2026)年度栃木県観光情報商談会運営等業務委託公募型プロポーザルの審査結果について,https://www.pref.tochigi.lg.jp/f05/kanko/kanko/2026shodankekka.html,L2,1
A,展示・出展関連,県|栃木県,展示会・出展/観光・誘客,令和８(2026)年度栃木県観光情報商談会運営等業務委託公募型プロポーザルに係る質問内容及び回答について,https://www.pref.tochigi.lg.jp/f05/kanko/kanko/2026shodan_shitsumon.html,L2,1
A,展示・出展関連,県|栃木県,展示会・出展/観光・誘客,令和８(2026)年度栃木県観光情報商談会運営等業務公募型プロポーザルの実施について,https://www.pref.tochigi.lg.jp/f05/kanko/kanko/2026shodan.html,L2,1
A,展示・出展関連,県|栃木県,展示会・出展,令和8(2026)年度「オールとちぎ移住・しごとフェア」業務委託公募型プロポーザルの実施結果について,https://www.pref.tochigi.lg.jp/a03/nyuusatu/alltochigi202602.html,L2,1
A,展示・出展関連,県|福島県,展示会・出展,【審査結果】エンジンフォーラム神戸2026商談会出展支援事業業務企画提案競争実施のご案内,https://www.pref.fukushima.lg.jp/sec/32021f/r8engene.html,L2,1
A,海外向けプロモーション,県|群馬県,海外展開/プロモーション,公募型プロポーザル結果の公表（令和8年度多言語情報発信事業及び海外インフルエンサー等招請事業）,https://www.pref.gunma.jp/site/nyuusatsu/771797.html,L1,1
A,国内展示会・物産展の企画運営,県|鹿児島県,展示会・出展/工芸・地域産品,「和牛日本一鹿児島」プロジェクトに係るホテル・レストランフェアと連動した県産和牛のＰＲ業務委託に係る企画提案の募集,https://www.pref.kagoshima.jp/ag07/r8preevent.html,L1,1
A,海外向けプロモーション,県|鹿児島県,海外展開/プロモーション,鹿児島県インバウンドプロモーション動画制作業務委託に係る企画提案について,https://www.pref.kagoshima.jp/af08/kaigaiyuchi/dougaseisaku.html,L1,1
A,国内展示会・物産展の企画運営,県|鹿児島県,展示会・出展/工芸・地域産品/観光・誘客/イベント運営,【募集終了しました】大隅観光・特産品ＰＲ事業（観光・特産品フェア開催事業）業務委託に係る企画提案を募集します！！,https://www.pref.kagoshima.jp/ao01/oosumifea.html,L1,1
A,国内展示会・物産展の企画運営,県|鹿児島県,展示会・出展/工芸・地域産品/プロモーション/観光・誘客/イベント運営,【募集終了しました】大隅観光・特産品PR事業（商談会等開催事業）業務委託に係る企画提案を募集します！！,https://www.pref.kagoshima.jp/ao01/r8_osumi_tokusanhin_shoudankai.html,L1,1
A,海外向けプロモーション,県|鹿児島県,海外展開/プロモーション,「令和８年度鹿児島空港国際線アウトバウンドプロモーション業務」に係る企画提案を募集します,https://www.pref.kagoshima.jp/ac08/kagoshima_go_abroad.html,L1,1
A,海外向けプロモーション,県|鹿児島県,海外展開/プロモーション,国内在住外国人等インフルエンサーを活用した欧米豪市場向け情報発信業務委託に係る企画提案について,https://www.pref.kagoshima.jp/af08/kaigaiyuchi/influencer/001.html,L1,1
A,国内展示会・物産展の企画運営,県|鹿児島県,展示会・出展/工芸・地域産品,【出展事業者募集】「食の宝庫」おおすみ特産品商談会2026を開催いたします！,https://www.pref.kagoshima.jp/ao01/osumi_tokusanhin_shoudankai.html,L2,1
B,周辺領域,国|伝産協会,工芸・地域産品,（2026/07/09 締切り）「日本の伝統工芸士ナビ」掲載内容の収集及び登録用データ作成の公募について【企画競争】,https://kyokai.kougeihin.jp/association_info/20260626/,L1,1
B,周辺領域,国|伝産協会,工芸・地域産品,（2026/06/16 12:00 締切り）令和8年度「伝統的工芸品公募作品展」作品管理・展示・輸送等業務委託【企画公募】,https://kyokai.kougeihin.jp/association_info/20260602/,L1,1
B,周辺領域,国|国際交流基金,海外展開,意見招請結果：国際交流基金関西国際センターIT・電子機器サポート業務（ヘルプデスク業務）【PDF:828KB】,https://www.jpf.go.jp/j/about/bid/result_invitation/dl/re_invitation_251210.pdf,L2,1
B,周辺領域,国|日本商工会議所,海外展開,（STEP2〜6）海外展開ハンズオン支援事業／中小企業基盤整備機構 海外展開（輸出、販売・製造拠点設立、業務提携等）を希望する中小企業を対象に、海外における事業運営の経験や輸出入業務の実務知識、海外企業との業務提携のノウハウ等を有数海外ビジネスの専門家が海外展開事業の検討～海外進出、進出後の事業拡大に至るまで実務的なアドバイス支援を実施しています。,https://www.smrj.go.jp/sme/overseas/consulting/advice/index.html,L2,1
B,周辺領域,国|日本商工会議所,海外展開,海外ミニ調査サービス／日本貿易振興機構（JETRO） 輸出入や代理店、製造委託等のパートナー候補となりうる現地企業のリストアップ、現地法令等検索、公的機関等が公表している輸出入や生産統計をはじめとする統計資料検索、現地のスーパーマーケットなどの量販店や有力なネットストア、ネットショップでの販売価格調査を実施しています。,https://www.jetro.go.jp/services/quick_info/,L2,1
B,周辺領域,国|日本商工会議所,海外展開,中小企業の国際業務支援事業／日本弁護士連合会 中小企業が海外企業・団体等との契約書のチェック等で法的知見を必要とする場合やトラブルが発生した場合に、国際業務の経験豊かな弁護士を紹介しています。,https://www.nichibenren.or.jp/activity/resolution/support.html,L2,1
B,周辺領域,国|日本商工会議所,海外展開,海外進出支援／商工組合中央金庫 中小企業の海外現地法人の事業開始または拡大に必要な資金の融資、輸出入に係る貿易決済等をサポートしています。親子ローン/現地法人貸付/スタンドバイ・クレジット/外国為替業務,https://www.shokochukin.co.jp/corporation/service/solution/overseas/,L2,1
B,周辺領域,国|日本商工会議所,海外展開,海外投資関係保証制度／全国信用保証協会連合会 中小企業が金融機関から海外子会社への出資および貸付等の資金の融資を受けようとする場合に「海外投資関係保証」を実施しています。また、海外に現地法人を持ち、現地の金融機関から融資を受ける際に、信用力が低いために資金が調達できないような場合に「特定信用状関連保証制度」を用意しています。,https://www.zenshinhoren.or.jp/model-case/kaigaitenkai/,L2,1
B,周辺領域,国|東京商工会議所,プロモーション,入札・補助金情報発信サービス「bJAMP」,https://www.tokyo-cci.or.jp/bjamp/,L1,1
B,周辺領域,国|東京商工会議所,プロモーション,新サービス「入札・補助金情報発信サービス『bJAMP』」の 会員特別割引を開始します,https://www.tokyo-cci.or.jp/page.jsp?id=1206795,L2,1
B,周辺領域,外郭|京都,海外展開,令和８年度 Kyoto Japan 海外戦略プロジェクト 「京もの」海外テスト販売事業 出品事業者の募集について,https://www.ki21.jp/informations/%e4%bb%a4%e5%92%8c%ef%bc%98%e5%b9%b4%e5%ba%a6-kyoto-japan-%e6%b5%b7%e5%a4%96%e6%88%a6%e7%95%a5%e3%83%97%e3%83%ad%e3%82%b8%e3%82%a7%e3%82%af%e3%83%88-%e3%80%8c%e4%ba%ac%e3%82%82%e3%81%ae%e3%80%8d/,L1,1
B,周辺領域,外郭|京都,プロモーション/文化・芸術,令和8（2026）年度広報に係る取材業務および「クリエイティブ京都M＆T」2027年号発行に係る編集・印刷・製本業務に係る公募型プロポーザル審査について,https://www.ki21.jp/informations/2026clkoubokekka/,L1,1
B,周辺領域,外郭|京都,海外展開,けいはんなオープンイノベーションセンターの越境枝剪定及び敷地内草刈等業務に係る委託先の公募について,https://kick.kyoto/news/20260805-3334.html/,L1,1
B,周辺領域,外郭|京都,プロモーション/文化・芸術,令和８（2026）年度広報に係る取材業務および「クリエイティブ京都Ｍ＆Ｔ」 2027年号発行に係る編集・印刷・製本業務の委託先公募について,https://www.ki21.jp/wordpress/wp-content/uploads/2026/07/R8CLKoubo.pdf,L1,1
B,周辺領域,外郭|京都,海外展開,令和８年度 中小企業等海外展開支援事業費補助金（海外出願支援事業）公募のお知らせ,https://www.ki21.jp/subsidy/kobo-r8-gksg/,L1,4
B,周辺領域,外郭|京都,プロモーション,令和7年度 中東市場における京都府内産品のプロモーション及びマーケティングリサーチ業務に係る公募型プロポーザルの実施について,https://www.ki21.jp/informations/r7chuto/,L1,1
B,周辺領域,外郭|京都,プロモーション/文化・芸術,令和７年度広報誌「クリエイティブ京都Ｍ＆Ｔ」２０２６号 発行に係る封入及び発送業務の募集について,https://www.ki21.jp/informations/koubo20260916/,L1,1
B,周辺領域,外郭|京都,プロモーション/文化・芸術,令和７年度広報に係る取材業務および「クリエイティブ京都Ｍ＆Ｔ」発行に係る 編集・印刷・製本業務の請負先公募について,https://www.ki21.jp/wordpress/wp-content/uploads/2025/07/R7_koubo.pdf,L1,4
B,周辺領域,外郭|京都,プロモーション/文化・芸術,令和６年度広報誌「クリエイティブ京都Ｍ＆Ｔ」年1回発行号 発行に係る封入及び発送業務の募集について,https://www.ki21.jp/informations/%e4%bb%a4%e5%92%8c%ef%bc%96%e5%b9%b4%e5%ba%a6%e5%ba%83%e5%a0%b1%e8%aa%8c%e3%80%8c%e3%82%af%e3%83%aa%e3%82%a8%e3%82%a4%e3%83%86%e3%82%a3%e3%83%96%e4%ba%ac%e9%83%bd%ef%bd%8d%ef%bc%86%ef%bd%94%e3%80%8d/,L1,2
B,周辺領域,外郭|京都,工芸・地域産品,スイス連邦における伝統産業産地振興拠点「Kyoto Concept Store」 の開設・販売促進業務に係る公募型プロポーザル審査の選定結果について,https://www.ki21.jp/informations/swiss-kyoto-concept-store/,L1,1
B,周辺領域,外郭|京都,海外展開,けいはんなオープンイノベーションセンター（ＫＩＣＫ） 越境枝剪定等業務に係る委託先公募について,http://kick.kyoto/news/20240612-2857.html/,L1,2
B,周辺領域,外郭|京都,海外展開,令和６年度 中小企業等海外展開支援事業費補助金（海外出願支援事業）公募開始のお知らせ,https://www.ki21.jp/subsidy/kobo-r6-gksg/,L1,2
B,周辺領域,外郭|北海道,海外展開,2026.08.21補助金・助成金2026年度「海外出願支援事業」2次募集開始のご案内（募集期間を延長しました）詳しく見る,https://www.hsc.or.jp/news/kaigaisyutugan2026_2nd/,L2,1
B,周辺領域,外郭|山口,海外展開,山口県海外ビジネスサポートデスク業務,https://yipf.or.jp/proposal/%e5%b1%b1%e5%8f%a3%e7%9c%8c%e6%b5%b7%e5%a4%96%e3%83%93%e3%82%b8%e3%83%8d%e3%82%b9%e3%82%b5%e3%83%9d%e3%83%bc%e3%83%88%e3%83%87%e3%82%b9%e3%82%af%e6%a5%ad%e5%8b%99%e3%83%97%e3%83%ad%e3%83%9d%e3%83%bc-2/?e=contents,L1,1
B,周辺領域,外郭|山口,イベント運営,県内中小企業と首都圏・関西圏副業・兼業DX人材とのマッチングイベント企画・実施業務,https://yipf.or.jp/proposal/%e7%9c%8c%e5%86%85%e4%b8%ad%e5%b0%8f%e4%bc%81%e6%a5%ad%e3%81%a8%e9%a6%96%e9%83%bd%e5%9c%8f%e3%83%bb%e9%96%a2%e8%a5%bf%e5%9c%8f%e5%89%af%e6%a5%ad%e3%83%bb%e5%85%bc%e6%a5%addx%e4%ba%ba%e6%9d%90%e3%81%a8/?e=contents,L1,1
B,周辺領域,外郭|山口,海外展開,グローバル人材育成事業に係るプロポーザル募集について【R3.3.22】,https://yipf.or.jp/proposal/r3_3_22/?e=contents,L1,1
B,周辺領域,外郭|山梨,イベント運営,2026.08.18FUJI Medical＆Healthcare Innovation Matching（フジメド）（仮）開催事業業務委託に係る企画提案の募集について,https://www.yiso.or.jp/1200/,L2,1
B,周辺領域,外郭|島根,海外展開,令和8年度「中小企業等海外展開支援事業費補助金（海外出願支援事業）」公募のご案内,https://www.joho-shimane.or.jp/news/wanted_subsidy/11705,L1,1
B,周辺領域,外郭|島根,海外展開,令和8年度「しまね海外ビジネス活動支援助成金」募集のご案内,https://www.joho-shimane.or.jp/news/wanted_subsidy/11668,L1,1
B,周辺領域,外郭|島根,海外展開,「しまね海外ビジネス活動支援助成金募集要領（R8）」（PDF：305kB）,https://www.joho-shimane.or.jp/files/original/202605291658410710ff245fd.pdf,L1,1
B,周辺領域,外郭|石川,海外展開,令和8年度中小企業等海外展開支援事業費補助金（海外出願支援事業）の公募(締切：R8.6.22),https://www.isico.or.jp/support/dgnet/d41194198.html,L1,1
B,周辺領域,外郭|福井,海外展開,2026.06.22 補助金 公募情報 募集終了 【7／31（金）締切】令和８年度 海外出願支援事業 2次公募開始のお知らせ,https://www.fisc.jp/offering/consult/2026/06/176516/,L2,1
B,周辺領域,外郭|福井,海外展開,2026.06.22 補助金 募集終了 【7／31（金）締切】令和８年度 海外出願支援事業 2次公募開始のお知らせ,https://www.fisc.jp/offering/consult/2026/06/176516/,L2,1
B,周辺領域,外郭|青森,海外展開,補助事業 2026年05月18日 【公募終了】令和８年度AX企業成長推進事業補助金【販路開拓枠】のご案内,https://www.21aomori.or.jp/topics/36112,L2,1
B,周辺領域,市|ota区,プロモーション,【募集を締切ました】人材確保のための「新しいものづくり」プロモーション事業の委託先事業者を募集します（プロポーザル方式）,https://www.city.ota.tokyo.jp/sangyo/kogyo/topics/monozukuri_proposal.html,L1,1
B,周辺領域,市|ota区,プロモーション,人材確保のための「新しいものづくり」プロモーション事業業務委託に係る公募型プロポーザルの選定結果について,https://www.city.ota.tokyo.jp/sangyo/kogyo/topics/monozukuri_proposal_kekka.html,L1,1
B,周辺領域,市|ota区,イベント運営,大田区制80周年記念式典運営業務委託事業者を募集します,https://www.city.ota.tokyo.jp/jigyousha/boshuu_shitei/ota_80th_anniversary_ceremony.html,L1,1
B,周辺領域,市|ota区,海外展開,令和8年度外国人及び帰国児童・生徒日本語特別指導業務委託に係る公募型プロポーザルの選定結果について,https://www.city.ota.tokyo.jp/kyouiku/topics/nihonngokekka.html,L1,1
B,周辺領域,市|taito区,プロモーション/観光・誘客,台東区観光マナー啓発プロモーション業務委託の優先交渉権者が決定いたしました,https://www.city.taito.lg.jp/jigyosha/keiyaku/proposal/manner20260602.html,L1,1
B,周辺領域,市|下関,海外展開,「市長公室国際課執務室の移転に伴う物品等移転業務」に係る条件付き一般競争入札の実施について,https://www.city.shimonoseki.lg.jp/site/nyuusatu/161588.html,L1,1
B,周辺領域,市|下関,海外展開,『令和８年度東南アジア市場販路開拓支援事業』参加事業者を募集します,https://www.city.shimonoseki.lg.jp/site/regional-trading/158252.html,L2,1
B,周辺領域,市|下関,海外展開,令和8年度東南アジア市場販路開拓支援業務に係る公募型プロポーザルの選定結果について,https://www.city.shimonoseki.lg.jp/site/nyuusatu/157883.html,L2,1
B,周辺領域,市|仙台,プロモーション,【質問に対する回答を掲載しました】杜の都スタイル普及啓発用広報物制作等業務委託に係る公募型プロポーザルを実施します,https://www.city.sendai.jp/kankyokehatsu/kurashi/machi/kankyohozen/morinomiyakostyle/2026kohosesaku.html,L2,1
B,周辺領域,市|仙台,プロモーション,「仙台市消防局カレンダー2027」広告掲載事業者募集,https://www.city.sendai.jp/zaise-kokyo/jigyosha/keyaku/kokoku/r8/r8syouboucalendar.html,L2,1
B,周辺領域,市|仙台,プロモーション,令和9年度版「救命講習用パンフレット（救命処置と止血法）」広告掲載事業者募集（令和8年9月25日募集締切）,https://www.city.sendai.jp/zaise-kokyo/jigyosha/keyaku/kokoku/r8/r8kyuumeip.html,L2,1
B,周辺領域,市|仙台,プロモーション,「固定資産税・都市計画税 納税通知書送付用封筒」広告掲載事業者募集（令和8年9月11日応募締切）,https://www.city.sendai.jp/zaise-kokyo/jigyosha/keyaku/kokoku/r7/r8koteisisannzeihuto.html,L2,1
B,周辺領域,市|仙台,海外展開,【受託候補者を特定しました】「探究型国際交流フィールドワーク in せんだい実施業務委託」に係る公募型プロポーザルの実施について,https://www.city.sendai.jp/kokusaikyoiku/fieldworkpuropo.html,L2,1
B,周辺領域,市|仙台,プロモーション,【受託候補者を特定しました】「令和8年度 仙台「四方よし」企業制度周知広報等業務」の受託候補者を募集します,https://www.city.sendai.jp/chiikikeizaisaisei/chukaku/shihouyoshi_r8proposal.html,L2,1
B,周辺領域,市|仙台,プロモーション,【受託候補者を特定しました】令和8年度窓口BPR支援業務に係る公募型プロポーザルの実施について,https://www.city.sendai.jp/kosekijumin/madoguchi-dx/bpr-puroposal2026.html,L2,1
B,周辺領域,市|仙台,プロモーション,【受託候補者を特定しました】アジア太平洋防災閣僚級会議関連事業・情報発信実施計画策定等業務の受託候補者を募集します,https://www.city.sendai.jp/apmcdrr/apmcdrrsendai/keikakukoubo.html,L2,1
B,周辺領域,市|仙台,工芸・地域産品/プロモーション,令和8年度仙台市産材PR業務委託に係る公募型プロポーザルの実施について,https://www.city.sendai.jp/shinrin-kanri/r8proposal.html,L2,1
B,周辺領域,市|仙台,プロモーション,【受託候補者を特定しました】令和8年度終活周知広報業務の受託候補者を募集します,https://www.city.sendai.jp/hokatsushien/syuukatsushien/r8_syuutikouhou.html,L2,1
B,周辺領域,市|仙台,イベント運営,令和8年度エシカル消費イベント企画運営業務の受託者を公募型の提案審査随意契約（プロポーザル方式）により募集します,https://www.city.sendai.jp/sekatsu/sekatsu/eshikaru/koubo/r8.html,L2,1
B,周辺領域,市|仙台,海外展開,【受託候補者を特定しました】「海外事業による企業成長モデル創出事業」の受託候補者を募集します,https://www.city.sendai.jp/hanrokaitaku/documents/jigyousyabosyuu/globalbusinessgrowthmodel.html,L2,1
B,周辺領域,市|仙台,プロモーション,「市民税・県民税納税通知書送付用封筒」広告掲載事業者募集（令和8年1月16日応募締切）,https://www.city.sendai.jp/zaise-kokyo/jigyosha/keyaku/kokoku/r7/r7sikenminzeihuutou.html,L2,1
B,周辺領域,市|仙台,プロモーション,「軽自動車税（種別割）納税通知書送付用封筒」広告掲載事業者募集（令和7年12月3日応募締切）,https://www.city.sendai.jp/zaise-kokyo/jigyosha/keyaku/kokoku/r7/r7keijidoushazei.html,L2,1
B,周辺領域,市|仙台,プロモーション,「母子健康手帳別冊（乳幼児編）」への広告掲載事業者募集（令和7年11月21日応募締切）,https://www.city.sendai.jp/zaise-kokyo/jigyosha/keyaku/kokoku/r7/r7bositetyounyuuyouji.html,L2,1
B,周辺領域,市|仙台,プロモーション,「家庭ごみ・プラスチック資源指定袋」への広告掲載事業者募集（令和7年11月4日応募締切）,https://www.city.sendai.jp/zaise-kokyo/jigyosha/keyaku/kokoku/r7/r7kateigomibukuro.html,L2,1
B,周辺領域,市|仙台,プロモーション,「子育てサポートブック たのしねっと」広告掲載事業者募集（令和7年11月14日応募締切）,https://www.city.sendai.jp/zaise-kokyo/jigyosha/keyaku/kokoku/r7/r7tanosinetto.html,L2,1
B,周辺領域,市|仙台,プロモーション,「資源とごみの分け方・出し方パンフレット」広告掲載事業者募集（令和7年10月16日応募締切）,https://www.city.sendai.jp/zaise-kokyo/jigyosha/keyaku/kokoku/r7/r7sigengomi_panhu.html,L2,1
B,周辺領域,市|仙台,プロモーション,「令和8年度版うぇるびぃ ―ひとり親サポートブック―」広告掲載事業者募集,https://www.city.sendai.jp/zaise-kokyo/jigyosha/keyaku/kokoku/r7/r7werubili.html,L2,1
B,周辺領域,市|仙台,プロモーション,令和8年度版「救命講習用パンフレット（救命処置と止血法）」広告掲載事業者募集,https://www.city.sendai.jp/zaise-kokyo/jigyosha/keyaku/kokoku/r7/r7kyumeikoshupamphlet.html,L2,1
B,周辺領域,市|仙台,プロモーション,「仙台市消防局カレンダー2026」広告掲載事業者募集※定数に達したため締め切りました,https://www.city.sendai.jp/zaise-kokyo/jigyosha/keyaku/kokoku/r7/r7shouboukarenda-.html,L2,1
B,周辺領域,市|仙台,プロモーション,「固定資産税・都市計画税 納税通知書送付用封筒」広告掲載事業者募集,https://www.city.sendai.jp/zaise-kokyo/jigyosha/keyaku/kokoku/r7/r7koteisisanzei_nouzeituuti.html,L2,1
B,周辺領域,市|仙台,プロモーション,【受託候補者を選定しました】大河ドラマ誘致プロモーション業務の受託者を公募型プロポーザルにて募集します,https://www.city.sendai.jp/kankosuishin/event/taigadorama/260529_gyoumuitakupuropo.html,L2,1
B,周辺領域,市|仙台,イベント運営,【受託候補者を特定しました】仙台市ダイバーシティ関連イベント企画運営等業務委託に係る公募型プロポーザルの実施について,https://www.city.sendai.jp/kikaku-suishin/diversity-event2026_proposal.html,L2,1
B,周辺領域,市|仙台,プロモーション,【質問に対する回答を掲載しました】「令和8年度海浜エリアの魅力発信事業企画運営業務」企画提案募集のお知らせ,https://www.city.sendai.jp/miyagino-kaihin/miryoku/miryokuhasshin.html,L2,1
B,周辺領域,市|仙台,海外展開/観光・誘客,【受託候補者を選定しました】首都圏から仙台へのインバウンド誘客促進事業の事業者を募集します,https://www.city.sendai.jp/tohokurenke-kikaku/inboundyuukyaku.html,L2,1
B,周辺領域,市|仙台,海外展開,【受託候補者を特定しました】外国人住民向け魅力紹介・ルール周知啓発動画制作業務委託に係る公募型プロポーザルの実施について,https://www.city.sendai.jp/kikaku-suishin/diversity-video_proposal.html,L2,1
B,周辺領域,市|仙台,プロモーション,【受託候補者を選定しました】令和8年度ナノテラス利活用推進プロモーション事業に係る受託候補者を募集します,https://www.city.sendai.jp/nanotera/r8puromo.html,L2,1
B,周辺領域,市|仙台,海外展開,（令和8年度）仙台グローバルスタートアップ・ハブ業務の受託候補者を募集します,https://www.city.sendai.jp/startup-kyoten/sendaiglobalstartuphub08.html,L2,1
B,周辺領域,市|仙台,プロモーション,【受託候補者を特定しました】「SNSを活用した子育てに関する情報発信業務委託」に係る公募型プロポーザルの実施について,https://www.city.sendai.jp/kosodate-suishin/kobo/r08sns.html,L2,1
B,周辺領域,市|仙台,プロモーション,【受託候補者を選定しました】令和8年度首都圏企業等プロモーション事業に係る受託候補者を募集します,https://www.city.sendai.jp/toshigata/jigyosha/8shutokenkigyoutoupromotion.html,L2,1
B,周辺領域,市|仙台,プロモーション,【受託候補者を特定しました】仙台市発達相談支援センター業務に係る業務改革（BPR）支援業務委託に係る公募型プロポーザルの実施について,https://www.city.sendai.jp/bpr-suishin/propo/archil.html,L2,1
B,周辺領域,市|仙台,プロモーション,【受託候補者を選定しました】いじめ防止啓発漫画動画制作及び広報等業務の実施事業者を募集します,https://www.city.sendai.jp/kodomo-taisaku/ijime_proposal_2026.html,L2,1
B,周辺領域,市|仙台,イベント運営,【受託候補者を選定しました】令和8年度地域IT人材確保支援イベント運営事務局業務の受託者を募集します,https://www.city.sendai.jp/jigyosuishin/jigyosha/kezai/sangaku/jinzai_boshuu_2026.html,L2,1
B,周辺領域,市|仙台,プロモーション,【受託候補者を選定しました】令和8年度IT産業振興の取組み等に関する情報発信ウェブサイト運営業務の受託者を募集します,https://www.city.sendai.jp/seichosangyo/shinchakujoho/itwebsite-proposal2026.html,L2,1
B,周辺領域,市|仙台,海外展開,【受託候補者を特定しました】仙台市外国人医療受診サポート実証事業業務委託に係る公募型プロポーザルの実施について,https://www.city.sendai.jp/kikaku-suishin/proposal_foreignresidents_medicalcare.html,L2,1
B,周辺領域,市|仙台,プロモーション,【受託候補者を選定しました】「令和8年度市内飲食店等を活用した東北の「美酒・美食」の魅力発信機能強化事業」の事業者を募集します,https://www.city.sendai.jp/tohokurenke-kikaku/bishubishoku-r8.html,L2,1
B,周辺領域,市|倉敷,プロモーション,令和8年度倉敷市移住プロモーション業務 公募型プロポーザルの実施について,https://www.city.kurashiki.okayama.jp/business/contract/1013065/1014315/1014415/1025531.html,L1,1
B,周辺領域,市|千葉,イベント運営,令和8年度鹿島川気球体験イベント等運営業務委託,https://www.city.chiba.jp/toshi/seisaku/kashimagawakikyuu.html,L1,1
B,周辺領域,市|千葉,プロモーション,令和7年度千葉市教員採用プロモーション業務委託,https://www.city.chiba.jp/kyoiku/kyoikusomu/kyoikushokuin/2025puromousyonjigyou.html,L1,2
B,周辺領域,市|千葉,海外展開,外国人介護職員のための日本語学習支援業務委託,https://www.city.chiba.jp/hokenfukushi/koreishogai/kaigohokenkanri/foreigners/nihongokyousitsu_r8.html,L1,1
B,周辺領域,市|千葉,イベント運営,千葉開府９００年記念サイクリングイベント業務委託,https://www.city.chiba.jp/sogoseisaku/sogoseisaku/identitysuishin/900th_cycling.html,L1,1
B,周辺領域,市|千葉,イベント運営,千葉市立新病院開院記念式典等業務委託,https://www.city.chiba.jp/byoin/kikaku/kaiinnkinennsikitenn.html,L1,1
B,周辺領域,市|千葉,工芸・地域産品/プロモーション,令和８年度千葉市「食のブランド」プロモーション等業務委託,https://www.city.chiba.jp/keizainosei/nosei/nosei/syokunoburando-sen.html,L1,1
B,周辺領域,市|千葉,工芸・地域産品,令和8年度千葉市「食のブランド」認定事務局運営等業務委託,https://www.city.chiba.jp/keizainosei/nosei/nosei/r8sen_jimukyokuitaku.html,L1,1
B,周辺領域,市|千葉,プロモーション,令和8年度地産地消PR業務委託,https://www.city.chiba.jp/keizainosei/nosei/nosei/r7tsukutabe.html,L1,1
B,周辺領域,市|千葉,工芸・地域産品,令和8年度千葉市「食のブランド」デジタルマーケティング支援業務委託,https://www.city.chiba.jp/keizainosei/nosei/nosei/r8sendigital.html,L1,1
B,周辺領域,市|千葉,工芸・地域産品/プロモーション,令和８年度千葉市「食のブランド」ECサイトを活用したロイヤルカスタマー育成プロモーション業務委託業務委託,https://www.city.chiba.jp/keizainosei/nosei/nosei/r8sen_loyalcustomer02.html,L1,1
B,周辺領域,市|大分,イベント運営,一般競争入札「アーティストバンク推進事業に係るイベント開催支援業務委託（大分市公告第413号）」の中止について,https://www.city.oita.oita.jp/o016/r8_poartmonthnyuusatsu_chuushi.html,L1,1
B,周辺領域,市|大分,文化・芸術/イベント運営,一般競争入札「アーティストバンク推進事業に係るイベント開催支援業務委託」を行います（文化振興課）,https://www.city.oita.oita.jp/o016/r8poartmonthnyuusatsu.html,L1,1
B,周辺領域,市|大分,プロモーション/文化・芸術,一般競争入札「大分市が舞台の短編映画『デイズ』WEB広告」を行います（広聴広報課）,https://www.city.oita.oita.jp/o029/advertisement.html,L1,1
B,周辺領域,市|大分,海外展開,【令和8年度】小規模事業者のDXへの対応など販路開拓・業務効率化の取り組みを支援します,https://www.city.oita.oita.jp/o154/shigotosangyo/shokogyo/r8syokibo.html,L1,2
B,周辺領域,市|大分,海外展開,【令和7年度】小規模事業者のDXへの対応など販路開拓・業務効率化の取り組みを支援します【後期募集のお知らせ】,https://www.city.oita.oita.jp/o154/shigotosangyo/shokogyo/r7syokibo.html,L1,1
B,周辺領域,市|大阪,プロモーション,入札契約情報・広告募集案内,https://www.city.osaka.lg.jp/yodogawa/category/3263-5-0-0-0-0-0-0-0-0.html,L1,1
B,周辺領域,市|姫路,プロモーション,首都圏、大阪圏向け動画プロモーション業務委託公募型プロポーザル,https://www.city.himeji.lg.jp/sangyo/0000033989.html,L1,1
B,周辺領域,市|宇都宮,プロモーション,市民課業務窓口用封筒への広告募集,https://www.city.utsunomiya.tochigi.jp/kurashi/oshiraselist/koukoku/1016689.html,L1,1
B,周辺領域,市|宮崎,イベント運営,01 資料1_実施要領(スポーツイベントによる脱炭素啓発業務委託) Google ドキュメント (PDF 614KB),https://www.city.miyazaki.miyazaki.jp/fs/8/9/2/6/3/2/_/01___1____________________________Google_______.pdf,L1,1
B,周辺領域,市|宮崎,イベント運営,02 資料2_仕様書 スポーツイベントによる脱炭素啓発業務委 (PDF 579KB),https://www.city.miyazaki.miyazaki.jp/fs/8/9/3/4/4/2/_/02___2________________________.pdf,L1,1
B,周辺領域,市|尼崎,海外展開,令和8年度外国語指導助手派遣委託業務の事業者選定に関する公募型プロポーザルの実施について【3月6日更新】,https://www.city.amagasaki.hyogo.jp/sangyo/zigyousya/co_bosyu/1033094.html,L1,1
B,周辺領域,市|尼崎,プロモーション,【結果公表】尼崎市PR動画作成に係る公募型プロポーザルの実施について,https://www.city.amagasaki.hyogo.jp/sangyo/zigyousya/co_bosyu/1034787.html,L1,1
B,周辺領域,市|尼崎,イベント運営,G3オールレディース競走あまがさきピンクルカップ集客イベント等運営管理業務に係る事業者の募集について,https://www.city.amagasaki.hyogo.jp/sangyo/zigyousya/co_bosyu/1041061.html,L1,1
B,周辺領域,市|尼崎,プロモーション,【結果公表】尼崎市情報発信支援業務公募型プロポーザルの実施について,https://www.city.amagasaki.hyogo.jp/sangyo/zigyousya/co_bosyu/1027874.html,L1,1
B,周辺領域,市|尼崎,工芸・地域産品,尼崎市産後ケア事業 業務委託募集要項 （PDF 274.2KB）,https://www.city.amagasaki.hyogo.jp/_res/projects/default_project/_page_/001/037/142/2026bosyuuyoukou.pdf,L2,1
B,周辺領域,市|尼崎,工芸・地域産品,尼崎市産後ケア事業 委託業務仕様書 （PDF 328.2KB）,https://www.city.amagasaki.hyogo.jp/_res/projects/default_project/_page_/001/037/142/2026siyousyo.pdf,L2,1
B,周辺領域,市|新潟,プロモーション,令和5年度「市報にいがた」広告掲載業務に関する入札の実施について,https://www.city.niigata.lg.jp/shisei/koho/kohoshi/shiho/r6shihokokoku.html,L1,1
B,周辺領域,市|新潟,プロモーション,東区だより「わいわい東区」広告掲載事業者募集,https://www.city.niigata.lg.jp/higashi/torikumi/jigyosya/koukokubosyuu.html,L1,1
B,周辺領域,市|新潟,プロモーション,区役所だより「こうなん」広告掲載事業者募集,https://www.city.niigata.lg.jp/konan/torikumi/jigyosya/kudayori-koukoku.html,L1,1
B,周辺領域,市|新潟,プロモーション,令和8年度新潟市表彰プロモーション業務委託に係る受託者選定プロポーザルの実施について,https://www.city.niigata.lg.jp/shisei/gaiyo/meiyo/080818.html,L1,1
B,周辺領域,市|新潟,工芸・地域産品,食品衛生業務案内,https://www.city.niigata.lg.jp/shisei/soshiki/soshikiinfo/hokeneisei/gyoumu.html,L1,1
B,周辺領域,市|新潟,プロモーション,令和7年度新潟市HPVワクチン普及啓発広告制作・広報業務委託の公募型プロポーザル実施について,https://www.city.niigata.lg.jp/iryo/kenko/hokenkenko/R7HPVproposal.html,L2,1
B,周辺領域,市|新潟,プロモーション,令和7年度 新潟市市民ウオーキングチャレンジ広報業務委託に係る公募型プロポーザルの結果について,https://www.city.niigata.lg.jp/iryo/kenko/hokenkenko/hokeneisei.html,L2,1
B,周辺領域,市|新潟,プロモーション,令和9年度版 家庭ごみ収集カレンダー広告掲載事業者の募集を開始します,https://www.city.niigata.lg.jp/kurashi/gomi/oshirase/haitai202604.html,L2,1
B,周辺領域,市|新潟,プロモーション,「温泉を軸とした広域連携プロモーション業務」委託業者選定プロポーザルについて【選定結果公表】,https://www.city.niigata.lg.jp/nishikan/about/kankou/onsen_promotion.html,L2,1
B,周辺領域,市|新潟,プロモーション,令和9年度版 家庭ごみ収集カレンダー広告掲載事業者の募集,https://www.city.niigata.lg.jp/kurashi/gomi/oshirase/haitai202604.html,L2,1
B,周辺領域,市|新潟,プロモーション,新潟市亀田総合体育館「広告付き区内案内地図設置事業」企画提案募集の選定結果を公表します,https://www.city.niigata.lg.jp/konan/torikumi/jigyosya/kunaiannnai-kametai2.html,L2,1
B,周辺領域,市|札幌,工芸・地域産品,入札等告示（「令和７年度さっぽろ子ども食品Ｇメン体験事業」運営及び取材等業務に係る一般競争入札の実施について）,https://www.city.sapporo.jp/hokenjo/shoku/shokumachi/kodomogmen/r7kodomogmen.html,L2,1
B,周辺領域,市|東大阪,プロモーション,東大阪市保育人材確保プロモーション業務委託に係る公募型プロポーザルを実施します,https://www.city.higashiosaka.lg.jp/0000044935.html,L1,1
B,周辺領域,市|東大阪,海外展開,東大阪市外国語指導講師活用業務委託事業者の選考結果について,https://www.city.higashiosaka.lg.jp/0000042945.html,L1,1
B,周辺領域,市|東大阪,プロモーション/文化・芸術,東大阪市魅力アピールコンテンツ映像発信事業業務の委託事業者の選定に係る公募型プロポーザルの結果について,https://www.city.higashiosaka.lg.jp/0000035985.html,L1,1
B,周辺領域,市|松山,海外展開,【受付終了】松山圏域中小企業販路開拓市2026の地元売り手事業者を募集します,https://www.city.matsuyama.ehime.jp/bosyu/hanro2026.html,L1,1
B,周辺領域,市|松山,プロモーション/観光・誘客,県内向けプロモーション業務委託（公募型プロポーザル方式）（広域観光連携推進協議会）,https://www.city.matsuyama.ehime.jp/bosyu/kouikirenkei.html,L1,1
B,周辺領域,市|松山,工芸・地域産品/観光・誘客,松山MICEブランドタグラインロゴマーク等制作業務委託（（公財）松山観光コンベンション協会）,https://www.city.matsuyama.ehime.jp/bosyu/micetaguline.html,L1,1
B,周辺領域,市|松山,イベント運営,ことばのちからイベント運営業務委託（公募型プロポーザル方式）,https://www.city.matsuyama.ehime.jp/shisei/machizukuri/kotoba/kotobanochikaraitaku.html,L1,1
B,周辺領域,市|横浜,イベント運営,【公募型プロポーザル】「Live！横浜2027（仮称）」グランモール公園会場イベント企画制作・運営等業務委託（※本件はLive!横浜実行委員会が公募する案件です）,https://www.city.yokohama.lg.jp/business/nyusatsu/kakukukyoku/2026/itaku/bunka/R8GMkouen.html,L2,1
B,周辺領域,市|横浜,プロモーション,【公募型プロポーザル】令和８年度 依存症対策事業広報・啓発等企画運営委託,https://www.city.yokohama.lg.jp/business/nyusatsu/kakukukyoku/2026/itaku/kenko/R8_izon_kohokeihatsu.html,L2,1
B,周辺領域,市|浜松,プロモーション,令和8年度消防団プロモーション事業業務委託,https://www.city.hamamatsu.shizuoka.jp/hfdsoum/123.html,L2,1
B,周辺領域,市|浜松,プロモーション,令和8年度浜松市認定地域クラブ活動「はまクル」応援企業等参画意向調査及び広報業務委託（公募型プロポーザル方式）,https://www.city.hamamatsu.shizuoka.jp/renkei/chiikitenkai.html,L2,1
B,周辺領域,市|浜松,プロモーション,令和8年度浜松市認定地域クラブ活動「はまクル」応援企業等参画意向調査及び広報業務委託（公募型プロポーザル方式）（7月2日）,https://www.city.hamamatsu.shizuoka.jp/renkei/chiikitenkai.html,L2,1
B,周辺領域,市|熊本,プロモーション,【審査結果】【公募型プロポーザル】熊本市広報効果検証及び戦略的活用提案業務委託について,https://www.city.kumamoto.jp/kiji00371765/index.html,L1,1
B,周辺領域,市|熊本,プロモーション/観光・誘客,【審査結果】MICE誘致プロモーション業務委託（公募型プロポーザル）,https://www.city.kumamoto.jp/kiji00371666/index.html,L1,1
B,周辺領域,市|神戸,プロモーション,市バス・地下鉄の広告取扱管理業務【事業者募集】,https://www.city.kobe.lg.jp/a90404/20260824.html,L1,1
B,周辺領域,市|神戸,プロモーション,神戸開港160年祭広報業務【事業者募集】,https://www.city.kobe.lg.jp/a44800/business/kowanjigyo/160th_anniversary.html,L1,1
B,周辺領域,市|船橋,プロモーション,船橋市本庁舎案内板及び広告板設置運用事業者公募に係る入札結果(令和8(2026)年7月31日),https://www.city.funabashi.lg.jp/jigyou/nyusatsu/002/p149231.html,L2,1
B,周辺領域,市|西宮,プロモーション,西宮市広告入り窓口封筒提供事業者の募集について,https://www.nishi.or.jp/jigyoshajoho/shinokokokujigyo/genzaiboshuchu/madogutihuutou.html,L1,1
B,周辺領域,市|那覇,プロモーション,令和8年度「広報なは市民の友」等制作業務委託契約に係る制限付き一般競争入札,https://www.city.naha.okinawa.jp/business/touroku/1003701/1010948/1011148.html,L1,1
B,周辺領域,市|那覇,プロモーション,令和8年度 那覇市有料広告枠売買契約に係る一般競争入札,https://www.city.naha.okinawa.jp/business/touroku/1003701/1010948/1010947.html,L1,1
B,周辺領域,市|青森,プロモーション,青森市魅力発信ASMR動画制作及び広告配信業務公募型プロポーザルの実施結果,https://www.city.aomori.aomori.jp/sangyo_koyou/jigyosha/1004700/1009059.html,L1,1
B,周辺領域,市|青森,プロモーション,青森市ふるさと納税プロモーション戦略策定業務公募型プロポーザルの実施結果について,https://www.city.aomori.aomori.jp/sangyo_koyou/jigyosha/1004700/1010485.html,L1,1
B,周辺領域,市|青森,海外展開,「AOMORI外国語ガイド塾」運営業務委託に係る公募型プロポーザルの実施結果,https://www.city.aomori.aomori.jp/sangyo_koyou/jigyosha/1004700/1008836.html,L1,1
B,周辺領域,市|静岡,プロモーション,ごみ収集車への広告掲出のご案内（収集業務課）,https://www.city.shizuoka.lg.jp/s6379/s004400.html,L1,1
B,周辺領域,市|静岡,プロモーション,【選定結果の公表】公募型プロポーザル「静岡市移住プロモーション業務」,https://www.city.shizuoka.lg.jp/s2934/s013104.html,L2,1
B,周辺領域,市|静岡,プロモーション,【審査結果】公募型プロポーザル「静岡市駿河区広告付窓口番号案内表示システム等導入業務」,https://www.city.shizuoka.lg.jp/s9276/s000003.html,L2,1
B,周辺領域,市|静岡,プロモーション,【選定結果の公表】公募型プロポーザル「静岡市清水区広告付窓口番号案内表示システム等導入業務」,https://www.city.shizuoka.lg.jp/s3248/s004407.html,L2,1
B,周辺領域,市|静岡,工芸・地域産品,【選定結果の公表】公募型プロポーザル「『静岡市のお茶』ブランド力向上に向けたマーケティング戦略構築等業務」,https://www.city.shizuoka.lg.jp/s5436/s013055.html,L2,1
B,周辺領域,市|静岡,工芸・地域産品,台湾への食品販路拡大支援事業参加事業者の募集,https://www.city.shizuoka.lg.jp/s2746/s003724.html,L2,1
B,周辺領域,市|高知,工芸・地域産品,高知市産業連関表（令和2年版）作成に向けた移出入データ整備委託業務公募型プロポーザルに関する質疑回答について,https://www.city.kochi.kochi.jp/soshiki/40/ishutunyudetaseibishitsugikaitousaikoukoku.html,L1,1
B,周辺領域,市|高知,工芸・地域産品,高知市産業連関表（令和2年版）作成に向けた移出入データ整備委託業務公募型プロポーザル実施について,https://www.city.kochi.kochi.jp/soshiki/40/ishutsunyudetaseibikoubosaikoukoku.html,L1,1
B,周辺領域,市|高知,工芸・地域産品,【プロポーザル中止（公告廃止）のお知らせ】高知市産業連関表(令和2年版)作成に向けた移出入データ整備委託業務公募型プロポーザル,https://www.city.kochi.kochi.jp/soshiki/40/koukokuhaishi.html,L1,1
B,周辺領域,市|高知,プロモーション,令和8年度高知市二段階移住プロモーション業務委託に関する契約の締結について,https://www.city.kochi.kochi.jp/soshiki/117/r8-nidannkaiiju-pr.html,L1,1
B,周辺領域,市|高知,プロモーション,高知市シティプロモーション事業委託業務公募型プロポーザルに関する質疑について,https://www.city.kochi.kochi.jp/soshiki/80/citypromotionshitsugi.html,L2,1
B,周辺領域,市|高知,プロモーション,高知市シティプロモーション事業委託業務公募型プロポーザルの実施について,https://www.city.kochi.kochi.jp/soshiki/80/kochicitypromotionkoubo.html,L2,1
B,周辺領域,市|鳥取,プロモーション,【先着順】「令和9年鳥取市はたちのつどい案内はがき」に広告を掲載する事業者を募集します。,https://www.city.tottori.lg.jp/page/45276.html,L1,1
B,周辺領域,市|鳥取,プロモーション,SNSを活用した広報・広聴推進に係る伴走型支援事業公募型プロポーザルの審査結果について,https://www.city.tottori.lg.jp/page/47407.html,L1,1
B,周辺領域,市|鳥取,プロモーション,SNSを活用した広報・広聴推進に係る伴走型支援事業公募型プロポーザルの実施について,https://www.city.tottori.lg.jp/page/44757.html,L1,1
B,周辺領域,市|鹿児島,プロモーション,鹿児島ファン拡大アンバサダー情報発信業務委託契約に係る企画提案競技参加者の資格（告示）（4月7日質疑応答更新）,https://www.city.kagoshima.lg.jp/kan-senryaku/ambassador07.html,L1,1
B,周辺領域,市|鹿児島,プロモーション,令和7年度立地企業PR職場見学会開催業務委託契約に係る企画提案競技（4月3日質疑応答更新）,https://www.city.kagoshima.lg.jp/san-sousyutu/r7syokubakengakukai_kokuji.html,L1,1
B,周辺領域,市|鹿児島,海外展開,令和8年度外国人留学生ツアー型職場見学会実施業務委託契約に係る制限付き一般競争入札（公告）,https://www.city.kagoshima.lg.jp/koyosuishin/gaikokuzinryuugakuseitua-gatasyokubakenngakukai2025.html,L1,1
B,周辺領域,市|鹿児島,プロモーション,鹿児島市認知度向上プロモーション等業務委託契約に係る企画提案競技（告示）（4月3日質疑応答更新）,https://www.city.kagoshima.lg.jp/kikakuzaisei/zaisei/zaisei/shise/yosan/oensite/08furusato-kikakuteian-2.html,L1,1
B,周辺領域,市|鹿児島,プロモーション,令和8年度労政広報紙「中小企業のひろば」作成業務委託契約に係る企画提案競技（告示）,https://www.city.kagoshima.lg.jp/koyosuishin/tyushokigyounohiroba.html,L1,1
B,周辺領域,市財団|さいたま市産業創造財団,工芸・地域産品,さいたま市産業創造財団勤労者福祉サービスセンター福利厚生一部業務委託仕様書(PDF),https://www.sozo-saitama.or.jp/workjoy/workjoywp/wp-content/uploads/2026/08/04_shiyo.pdf,L1,1
B,周辺領域,市財団|さいたま市産業創造財団,工芸・地域産品,【一般競争入札公告】さいたま市産業創造財団勤労者福祉サービスセンター福利厚生一部業務委託の公募について,https://www.sozo-saitama.or.jp/topic/%e4%b8%80%e8%88%ac%e7%ab%b6%e4%ba%89%e5%85%a5%e6%9c%ad%e5%85%ac%e5%91%8a%e3%81%95%e3%81%84%e3%81%9f%e3%81%be%e5%b8%82%e7%94%a3%e6%a5%ad%e5%89%b5%e9%80%a0%e8%b2%a1%e5%9b%a3%e5%8b%a4/,L2,1
B,周辺領域,市財団|仙台市産業振興事業団,イベント運営,【三次募集】仙台市業務効率化支援事業補助金（業務効率化サポート枠） デジタルツール・システム等導入による業務効率化を補助金とコンサルティングで応援し… イベント 2026.08.12,https://www.siip.city.sendai.jp/ouen/event/koritsuka_support3,L2,1
B,周辺領域,市財団|仙台市産業振興事業団,イベント運営,【二次募集】仙台市業務効率化支援事業補助金（デジタル導入補助枠） ※課題相談の予約受付は終了しました。デジタル機器・設備等の導入による生産性の向… イベント 2026.07.23,https://www.siip.city.sendai.jp/ouen/event/digital_donyu2,L2,1
B,周辺領域,市財団|仙台市産業振興事業団,工芸・地域産品,AIって結局、何をしてくれるの？ 仙台の事業者が「今すぐ業務をラクにする」３つの活用法 コラム＃59 こんにちは。仙台市産業振興事業団（オーエン）ビジネス開発ディレクターの三浦哲志で… コラム 2026.08.06,https://www.siip.city.sendai.jp/ouen/column/059.html,L2,1
B,周辺領域,県|佐賀県,海外展開,佐賀酒国際コンペティション出品支援事業費補助金の募集を行います,https://www.pref.saga.lg.jp/kiji003117445/index.html,L1,1
B,周辺領域,県|佐賀県,海外展開,令和8年度「佐賀県外国人材雇用サポート事業」企画・運営業務委託に関する企画提案を募集します,https://www.pref.saga.lg.jp/kiji003118112/index.html,L1,1
B,周辺領域,県|佐賀県,プロモーション,令和8年度子育てし大県“さが”SNS情報発信業務委託の委託先を決定しました,https://www.pref.saga.lg.jp/kiji00395489/index.html,L1,1
B,周辺領域,県|兵庫県,工芸・地域産品,兵庫丹波ブランド農産物新商品開発応援事業のグループインタビュー業務 公募型プロポーザルの実施について,https://web.pref.hyogo.lg.jp/tnk11/press/20260821.html,L2,1
B,周辺領域,県|兵庫県,プロモーション/文化・芸術,令和8年度「文化部高校生発表の場」企画運営広報業務に係る公募型プロポーザルの実施,https://web.pref.hyogo.lg.jp/kk18/press/20260817.html,L2,1
B,周辺領域,県|兵庫県,海外展開,阪神北インバウンド向け体験コンテンツ磨き上げ・発掘業務企画提案コンペの実施について,https://web.pref.hyogo.lg.jp/hnk02/20260806.html,L2,1
B,周辺領域,県|北海道,海外展開,令和8年度「道市連携海外展開推進事業（デジタル技術を活用したグローバル市場開拓事業（インド市場））委託業務」に係るプロポーザルの実施について総合政策部国際課,https://www.pref.hokkaido.lg.jp/ss/tsk/261576.html,L1,1
B,周辺領域,県|大分県,海外展開/観光・誘客,海外向けグリーンツーリズム推進事業セールスツール制作委託業務に係る企画提案競技の実施についてのお知らせ,https://www.pref.oita.jp/site/nyusatu-koubo/oita-greentourism.html,L1,1
B,周辺領域,県|大分県,プロモーション,「令和８年度若年層向け女性に対する暴力防止に係る広報・啓発事業委託業務委託」の企画提案募集について,https://www.pref.oita.jp/soshiki/13040/zyakunensoboryokubosi08.html,L1,1
B,周辺領域,県|宮城県,プロモーション,「令和8年度宮城県医師確保に向けたPR動画制作・広報業務」の企画提案を募集します,https://www.pref.miyagi.jp/soshiki/iryoujinzai/ishikakuho-r8puropo.html,L1,1
B,周辺領域,県|宮城県,プロモーション,「令和8年度原子力行政PR動画作成業務」の企画提案を募集します,https://www.pref.miyagi.jp/soshiki/gentai/prdouga.html,L1,1
B,周辺領域,県|宮城県,イベント運営,「令和8年度中小製造業DX推進イベント企画運営業務」の企画提案募集について,https://www.pref.miyagi.jp/soshiki/shinsan/r8chushodx.html,L2,1
B,周辺領域,県|宮城県,工芸・地域産品,食品製造業経営力強化サポート事業運営業務の企画提案の募集について,https://www.pref.miyagi.jp/soshiki/syokushin/2025support.html,L2,1
B,周辺領域,県|宮城県,プロモーション,【募集を締め切りました】令和8年度「食材王国みやぎ」魅力発信・販路拡大業務～みやぎの食と酒に「触れる」・「扱う」・「知る」プロジェクト～の企画提案募集について,https://www.pref.miyagi.jp/soshiki/syokushin/r8miryoku.html,L2,1
B,周辺領域,県|宮城県,イベント運営,【選定結果を掲載しました】令和8年度食の県外催事強化業務の企画提案募集について,https://www.pref.miyagi.jp/soshiki/syokushin/2026saizi.html,L2,1
B,周辺領域,県|宮城県,工芸・地域産品,【募集を締め切りました】令和8年度宮城県産品アンテナコーナー設置業務の企画提案募集について,https://www.pref.miyagi.jp/soshiki/syokushin/2026antenacorner.html,L2,2
B,周辺領域,県|宮城県,プロモーション,【募集を締め切りました】令和7年度「食材王国みやぎ」魅力発信・体感促進業務の企画提案の募集について,https://www.pref.miyagi.jp/soshiki/syokushin/r7miryoku.html,L2,1
B,周辺領域,県|宮城県,イベント運営,【募集を締め切りました】令和7年度食の県外催事強化業務の企画提案募集について,https://www.pref.miyagi.jp/soshiki/syokushin/2025saizi.html,L2,1
B,周辺領域,県|宮城県,工芸・地域産品,【募集を締め切りました】令和6年度県産品アンテナサイトリニューアル業務の企画提案募集について,https://www.pref.miyagi.jp/soshiki/syokushin/antennasite-proposal2024.html,L2,1
B,周辺領域,県|宮城県,工芸・地域産品,【募集を締め切りました】令和6年度ECモールを活用した県産品販売支援業務の企画提案募集について,https://www.pref.miyagi.jp/soshiki/syokushin/ec-mall-proposal2024.html,L2,1
B,周辺領域,県|宮城県,工芸・地域産品/プロモーション,令和6年度県産ブランド品確立支援業務（ブランド化戦略に基づく県産食材PR業務）の企画提案の募集について,https://www.pref.miyagi.jp/soshiki/syokushin/burakaku2023.html,L2,1
B,周辺領域,県|宮城県,プロモーション,「再生可能エネルギー地域共生促進税広報業務」の企画提案募集について,https://www.pref.miyagi.jp/soshiki/kanseisom/saiene_kyosei_koho.html,L2,1
B,周辺領域,県|宮城県,プロモーション/観光・誘客,令和8年度中部・関西圏向け観光プロモーション業務の企画提案募集について,https://www.pref.miyagi.jp/soshiki/kankou/r8kansai.html,L2,1
B,周辺領域,県|宮城県,プロモーション,「令和8年度宮城県建設産業入職促進支援動画制作・広報業務」の企画提案を募集します,https://www.pref.miyagi.jp/soshiki/jigyokanri/2026dougaseisaku.html,L2,1
B,周辺領域,県|宮城県,海外展開,「令和8年度宮城県インバウンドOTA活用促進・マッチング業務」の企画提案募集について,https://www.pref.miyagi.jp/soshiki/kankou/r8ota/puropo.html,L2,1
B,周辺領域,県|宮崎県,海外展開,【終了】令和7年度宮崎県外国人材定着促進支援事業費補助金の募集について,https://www.pref.miyazaki.lg.jp/sangyoseisaku/shigoto/rodo/koyotaisaku/gaikokuzinzai_hojokin.html,L1,1
B,周辺領域,県|宮崎県,海外展開,「輸出コーディネート活動業務」企画提案競技（プロポーザル方式）の審査結果について,https://www.pref.miyazaki.lg.jp/nogyoryutsu-brand/kense/chotatsu/20260825090852.html,L1,1
B,周辺領域,県|宮崎県,イベント運営,宮崎県置県150年に向けた機運醸成イベント開催業務に係る企画提案競技の結果について,https://www.pref.miyazaki.lg.jp/sogoseisaku/kense/chotatsu/20260807092342.html,L1,1
B,周辺領域,県|宮崎県,海外展開,外国人材受入・定着支援センターホームページ等運用保守業務企画提案競技結果の公表について,https://www.pref.miyazaki.lg.jp/sangyoseisaku/kense/chotatsu/20250526122331.html,L1,1
B,周辺領域,県|宮崎県,海外展開,令和8年度みやざきビジネスアカデミー（外国人労働者向けプログラム）運営業務企画提案競技結果の公表について,https://www.pref.miyazaki.lg.jp/sangyoseisaku/kense/chotatsu/20260610091841.html,L1,2
B,周辺領域,県|宮崎県,プロモーション,食を中心としたみやざきの魅力発信強化事業（雑誌タイアップ）業務委託に係る企画提案競技（プロポーザル方式）の結果をお知らせします,https://www.pref.miyazaki.lg.jp/kigyoshinko/kense/chotatsu/20260728092540.html,L1,1
B,周辺領域,県|宮崎県,プロモーション,食を中心としたみやざきの魅力発信強化事業（メディアプロモーション）業務委託に係る企画提案競技（プロポーザル方式）の結果をお知らせします,https://www.pref.miyazaki.lg.jp/kigyoshinko/kense/chotatsu/20260717085029.html,L1,1
B,周辺領域,県|宮崎県,プロモーション,【令和8年度】受注企業の価格転嫁促進に係る広報・啓発業務委託の企画提案競技の結果の公表について,https://www.pref.miyazaki.lg.jp/shokoseisaku/kense/chotatsu/20260713091134.html,L1,2
B,周辺領域,県|宮崎県,プロモーション,ひなたゼロカーボン2050プロモーション事業業務委託に係る企画提案競技の,https://www.pref.miyazaki.lg.jp/kankyoshinrin/kense/chotatsu/20260706105208.html,L1,1
B,周辺領域,県|宮崎県,工芸・地域産品,みやざきのオーガニック食品販路拡大業務委託の企画提案競技（プロポーザル方式）の審査結果について,https://www.pref.miyazaki.lg.jp/kigyoshinko/kense/chotatsu/20260703113251.html,L1,1
B,周辺領域,県|宮崎県,工芸・地域産品,みやざきの冷凍調理食品販路拡大業務委託の企画提案競技（プロポーザル方式）の審査結果について,https://www.pref.miyazaki.lg.jp/kigyoshinko/kense/chotatsu/20260519155125.html,L1,1
B,周辺領域,県|宮崎県,プロモーション,令和8年度「若者UIJターン促進事業」PR業務委託企画提案競技の結果を公表します,https://www.pref.miyazaki.lg.jp/chusankan-chiiki/kense/chotatsu/20260624184647.html,L1,2
B,周辺領域,県|宮崎県,海外展開,令和8年度「多様な需要発掘による農業法人等販路開拓伴走支援業務」企画提案競技（プロポーザル方式）の審査結果について,https://www.pref.miyazaki.lg.jp/nogyoryutsu-brand/kense/chotatsu/20260616114754.html,L1,1
B,周辺領域,県|宮崎県,プロモーション,「みやざき・ひなたの介護」情報発信事業実施業務委託企画提案競技による契約結果の公表について,https://www.pref.miyazaki.lg.jp/choju/kense/chotatsu/20260525162917.html,L1,1
B,周辺領域,県|宮崎県,プロモーション,国民健康保険広報事業業務委託企画提案競技の結果について,https://www.pref.miyazaki.lg.jp/kokuhoengo/kense/chotatsu/20260409145825.html,L1,1
B,周辺領域,県|宮崎県,海外展開,（令和8年度）海外連携強化による外国人材確保業務委託に係る企画提案競技の結果の公表について,https://www.pref.miyazaki.lg.jp/sangyoseisaku/kense/chotatsu/20260601200256.html,L1,1
B,周辺領域,県|宮崎県,海外展開,宮崎県海外ビジネスサポートデスク（欧州）業務企画提案競技の結果について,https://www.pref.miyazaki.lg.jp/kokusai-keizaikoryu/kense/chotatsu/20260529095606.html,L1,1
B,周辺領域,県|宮崎県,海外展開,外国人介護人材定着支援事業業務委託企画提案競技による契約結果の公表について,https://www.pref.miyazaki.lg.jp/choju/kense/chotatsu/20260508115938.html,L1,1
B,周辺領域,県|宮崎県,海外展開,令和8年度特定技能外国人材マッチング支援事業業務企画提案競技による契約結果の公表について,https://www.pref.miyazaki.lg.jp/choju/kense/chotatsu/20260525163302.html,L1,1
B,周辺領域,県|宮崎県,海外展開,海外ECを活用した販路拡大・定着支援業務委託企画提案競技の結果について,https://www.pref.miyazaki.lg.jp/kokusai-keizaikoryu/kense/chotatsu/20260515172703.html,L1,1
B,周辺領域,県|宮崎県,イベント運営,みやざきKAGURAフェスティバル公演開催業務に係る一般競争入札（条件付）の結果について,https://www.pref.miyazaki.lg.jp/ky-bunka/kense/chotatsu/20260501153252.html,L1,1
B,周辺領域,県|宮崎県,プロモーション,令和8年度ひなたの出逢い・子育て応援運動啓発・情報発信業務委託に係る企画提案競技の結果について,https://www.pref.miyazaki.lg.jp/kodomo-seisaku/kense/chotatsu/20260512131553.html,L1,1
B,周辺領域,県|宮崎県,プロモーション,「みやざきの魅力発信拠点（Hinata Base）設置事業業務委託」に係る企画提案競技の結果について,https://www.pref.miyazaki.lg.jp/kokusai-keizaikoryu/kense/chotatsu/20260508134942.html,L1,1
B,周辺領域,県|宮崎県,プロモーション,推し活で日本のひなたプロモーション事業業務委託企画提案競技の結果について,https://www.pref.miyazaki.lg.jp/kanko-suishin/kense/chotatsu/2026043001.html,L1,1
B,周辺領域,県|宮崎県,イベント運営,アスリート・指導者向け雇用マッチング会開催事業業務委託企画提案競技による契約結果の公表について,https://www.pref.miyazaki.lg.jp/kyogiryokukojo/kense/chotatsu/20260331085124.html,L1,1
B,周辺領域,県|宮崎県,プロモーション,「米国市場に向けた宮崎の本格焼酎魅力発信業務委託」に係る企画提案競技の結果について,https://www.pref.miyazaki.lg.jp/kokusai-keizaikoryu/kense/chotatsu/20260330132457.html,L1,1
B,周辺領域,県|宮崎県,プロモーション,令和8年度宮崎県広報紙への広告掲載取扱業務に係る一般競争入札の,https://www.pref.miyazaki.lg.jp/kohosenryaku/kense/chotatsu/20260325201303.html,L1,2
B,周辺領域,県|宮崎県,プロモーション,「みやざき館KONNE KITTE大阪店」魅力向上事業業務委託企画提案競技の結果について,https://www.pref.miyazaki.lg.jp/osaka/kense/chotatsu/20260212104351.html,L1,1
B,周辺領域,県|宮崎県,プロモーション/文化・芸術,「みやざきの文化」魅力発信業務委託に係る企画提案競技の結果について,https://www.pref.miyazaki.lg.jp/miyazaki-bunkashinko/kense/chotatsu/20260129162940.html,L1,1
B,周辺領域,県|宮崎県,イベント運営,「宮崎ひなた暮らし」移住きっかけづくりイベント（仮称）開催業務委託企画提案競技審査の結果について,https://www.pref.miyazaki.lg.jp/desaki/kense/chotatsu/tokyojimusyo/20251030165322.html,L1,1
B,周辺領域,県|宮崎県,プロモーション,「みやざき館KONNE KITTE大阪店」認知度向上事業業務委託企画提案競技の結果について,https://www.pref.miyazaki.lg.jp/osaka/kense/chotatsu/20260205162515.html,L1,1
B,周辺領域,県|宮崎県,プロモーション,バス利用拡大支援PR業務委託に係る企画提案競技の結果について,https://www.pref.miyazaki.lg.jp/sogokotsu/kense/chotatsu/20260122131829.html,L1,1
B,周辺領域,県|宮崎県,プロモーション,「関西圏におけるみやざきの食の魅力プロモーション事業」業務委託企画提案競技の結果について,https://www.pref.miyazaki.lg.jp/osaka/kense/chotatsu/20260116134110.html,L1,1
B,周辺領域,県|宮崎県,プロモーション,みやざき魅力発信プロジェクト業務委託企画提案競技の結果について,https://www.pref.miyazaki.lg.jp/kiki-shobohoan/kense/chotatsu/20251209095758.html,L1,1
B,周辺領域,県|宮崎県,プロモーション,次世代エネルギーパークPR動画制作・広報業務委託に係る企画提案競技の,https://www.pref.miyazaki.lg.jp/kankyoshinrin/kense/chotatsu/20251201094840.html,L1,1
B,周辺領域,県|宮崎県,海外展開,新規市場輸出拡大事業業務委託企画提案競技の結果について,https://www.pref.miyazaki.lg.jp/shinsei-chikusan/kense/chotatsu/20251127094352.html,L1,1
B,周辺領域,県|宮崎県,プロモーション,令和7年度みやざき木の魅力発信事業業務委託に係る企画提案競技の結果について,https://www.pref.miyazaki.lg.jp/miyazaki-sugi/kense/chotatsu/20251122112353.html,L1,1
B,周辺領域,県|宮崎県,プロモーション,令和7年度ひなた創生のための奨学金返還支援事業広報業務企画提案競技結果の公表について,https://www.pref.miyazaki.lg.jp/sangyoseisaku/kense/chotatsu/20251105133133.html,L1,1
B,周辺領域,県|宮崎県,イベント運営,食から始める健康「食生活改善啓発イベント」業務委託企画提案競技の結果について,https://www.pref.miyazaki.lg.jp/ky-sports-shinko/kense/chotatsu/20251104105455.html,L1,1
B,周辺領域,県|宮崎県,プロモーション/観光・誘客,メディアを活用した近隣圏域向け観光プロモーション事業業務委託企画提案競技の結果について,https://www.pref.miyazaki.lg.jp/kanko-suishin/kense/chotatsu/2025102201.html,L1,1
B,周辺領域,県|宮崎県,プロモーション,令和7年度広報用航空写真撮影業務委託に係る一般競争入札（入札結果の公表）,https://www.pref.miyazaki.lg.jp/kohosenryaku/kense/chotatsu/20250929111834.html,L1,2
B,周辺領域,県|宮崎県,プロモーション,令和7年度女性活躍推進に関する広報・啓発活動業務委託に係る企画提案競技の結果について,https://www.pref.miyazaki.lg.jp/joseikatsuyaku/kense/chotatsu/20250916104404.html,L1,1
B,周辺領域,県|宮崎県,プロモーション,企業の農業参入推進PR動画制作業務委託企画提案競技の結果について,https://www.pref.miyazaki.lg.jp/ninaitenochi/kense/chotatsu/20250904114210.html,L1,1
B,周辺領域,県|宮崎県,プロモーション/観光・誘客,メディア等を活用した関西圏観光プロモーション業務委託企画提案競技の結果について,https://www.pref.miyazaki.lg.jp/osaka/kense/chotatsu/20250826131015.html,L1,1
B,周辺領域,県|宮崎県,プロモーション,世界農業遺産高千穂郷・椎葉山地域資源魅力発信事業業務委託に係る企画提案競技の結果について,https://www.pref.miyazaki.lg.jp/noseikikaku/kense/chotatsu/20250806084632.html,L1,1
B,周辺領域,県|宮崎県,プロモーション,「国内バー市場に向けた宮崎の本格焼酎魅力発信業務」に係る企画提案競技の結果について,https://www.pref.miyazaki.lg.jp/kokusai-keizaikoryu/kense/chotatsu/20250804163402.html,L1,1
B,周辺領域,県|宮崎県,海外展開,令和7年度ものづくり企業海外ビジネスサポート事業コーディネーター派遣事業業務委託企画提案競技の結果について,https://www.pref.miyazaki.lg.jp/kigyoshinko/kense/chotatsu/20250711131356.html,L1,1
B,周辺領域,県|宮崎県,プロモーション,令和7年度「みやざきとのつながり創出プロモーション事業」業務委託企画提案競技の結果を公表します,https://www.pref.miyazaki.lg.jp/chusankan-chiiki/kense/chotatsu/20250717135201.html,L1,1
B,周辺領域,県|宮崎県,プロモーション,「バーチャルみやざき」で日本のひなたPR事業業務委託企画提案競技の結果について,https://www.pref.miyazaki.lg.jp/kanko-suishin/kense/chotatsu/2025071601.html,L1,1
B,周辺領域,県|宮崎県,プロモーション,みやざきの農業遺産地域資源魅力発信事業業務委託に係る企画提案競技の結果について,https://www.pref.miyazaki.lg.jp/noseikikaku/kense/chotatsu/20250710144513.html,L1,1
B,周辺領域,県|宮崎県,プロモーション,「シンガポール市場に向けた宮崎の本格焼酎魅力発信業務」に係る企画提案競技の結果について,https://www.pref.miyazaki.lg.jp/kokusai-keizaikoryu/kense/chotatsu/20250703205824.html,L1,1
B,周辺領域,県|宮崎県,工芸・地域産品,みやざきのオーガニック食品拡大調査業務委託に係る企画提案競技（プロポーザル方式）の審査結果について,https://www.pref.miyazaki.lg.jp/kigyoshinko/kense/chotatsu/20250618083635.html,L1,1
B,周辺領域,県|宮崎県,海外展開,外国人材受入・定着支援センターホームページ等制作及び運用保守業務企画提案競技結果の公表について,https://www.pref.miyazaki.lg.jp/sangyoseisaku/kense/chotatsu/20250603111215.html,L1,1
B,周辺領域,県|宮崎県,海外展開,令和7年度宮崎県外国人材受入・定着支援センター設置・運営等業務委託企画提案競技結果の公表について,https://www.pref.miyazaki.lg.jp/sangyoseisaku/kense/chotatsu/20250528182247.html,L1,1
B,周辺領域,県|宮崎県,プロモーション,宮崎県における令和7年国勢調査広報業務委託企画提案競技（プロポーザル方式）の結果について,https://www.pref.miyazaki.lg.jp/tokeichosa/kense/chotatsu/20250514152740.html,L1,1
B,周辺領域,県|宮崎県,プロモーション/観光・誘客,メディアを活用した大都市圏向け観光プロモーション事業業務委託企画提案競技の結果について,https://www.pref.miyazaki.lg.jp/kanko-suishin/kense/chotatsu/2025051901.html,L1,1
B,周辺領域,県|宮崎県,プロモーション,令和6年度九州エコファミリー応援アプリ九州統一広報事業委託業務に係る企画提案競技の,https://www.pref.miyazaki.lg.jp/kankyoshinrin/kense/chotatsu/20250130161911.html,L1,1
B,周辺領域,県|宮崎県,イベント運営,「宮崎ひなた暮らし」移住促進イベント開催業務委託企画提案競技の結果について,https://www.pref.miyazaki.lg.jp/desaki/kense/chotatsu/tokyojimusyo/20250122111918.html,L1,1
B,周辺領域,県|宮崎県,プロモーション,宮崎県へき地医療PR動画作成業務委託に関する企画提案競技による契約結果の公表について,https://www.pref.miyazaki.lg.jp/iryoseisaku/kense/chotatsu/20240819102520.html,L1,1
B,周辺領域,県|宮崎県,海外展開,「宮崎ー韓国青少年国際交流事業」業務の一般競争入札の実施について,https://www.pref.miyazaki.lg.jp/kokusai-keizaikoryu/kense/chotatsu/20250605100643.html,L1,1
B,周辺領域,県|富山県,プロモーション,令和8年度特殊詐欺被害防止啓発ターゲティング広告業務委託に係る公募型プロポーザルの結果について,https://www.pref.toyama.jp/6108/_080827.html,L1,1
B,周辺領域,県|富山県,プロモーション,東アジア（台湾、香港）プロモーション事業業務委託に係る公募型プロポーザルの審査結果について,https://www.pref.toyama.jp/810121/20260818.html,L1,1
B,周辺領域,県|富山県,プロモーション/観光・誘客,フランスにおける観光プロモーション実施事業業務委託に係る公募型プロポーザルの審査結果について,https://www.pref.toyama.jp/810121/2026frprresult.html,L1,1
B,周辺領域,県|富山県,プロモーション,ウェルビーイング広報・行動変容促進業務委託に係る公募型プロポーザルの審査結果について,https://www.pref.toyama.jp/101731/proposal/r8wellbeingkohokekka.html,L1,1
B,周辺領域,県|富山県,プロモーション,広報誌「ふるさと夢とやま47号」制作業務委託に係る公募型プロポーザルの審査結果について,https://www.pref.toyama.jp/1605/sangyou/nyuusatsu/koubo/20260716.html,L1,1
B,周辺領域,県|富山県,プロモーション,教職魅力化・働き方改革トータル広報支援事業業務委託に係る公募型プロポーザルの審査結果について,https://www.pref.toyama.jp/3001/kurashi/kyouiku/kyouiku/kekka2026totalkouhou.html,L1,1
B,周辺領域,県|富山県,プロモーション,【令和8年７月３日公告】令和８年度SNSマーケティングに基づいたSNS動画発信事業に係る公募型プロポーザルの結果について,https://www.pref.toyama.jp/810111/press/2026snsa.html,L1,1
B,周辺領域,県|富山県,プロモーション/観光・誘客,ベトナム観光プロモーション事業業務委託に係る公募型プロポーザルの審査結果について（中部山岳広域観光推進協議会事業）,https://www.pref.toyama.jp/810121/2026vietnamkekka.html,L1,1
B,周辺領域,県|富山県,工芸・地域産品,食品ロス削減「食べきり3015運動」推進事業及び「食べきりサイズメニュー」導入促進事業業務委託に係る公募型プロポーザルの審査結果について,https://www.pref.toyama.jp/1613/syokuhinrosu/20260701.html,L1,1
B,周辺領域,県|富山県,プロモーション,若者をターゲットとした県政発信力強化事業業務委託に係る公募型プロポーザルの審査結果について,https://www.pref.toyama.jp/1021/kensei/kouhou/r8_wakamonokoholabo2.html,L1,1
B,周辺領域,県|富山県,プロモーション,富山地方鉄道立山線利用促進プロモーション業務の公募型プロポーザルの結果について,https://www.pref.toyama.jp/810111/puropo/tateyamasenriyousokusin.html,L1,1
B,周辺領域,県|富山県,海外展開/観光・誘客,インバウンド向け報恩講料理着地型旅行商品造成事業業務委託に係る公募型プロポーザルの審査結果について,https://www.pref.toyama.jp/810111/puropo/202607houonkou.html,L1,1
B,周辺領域,県|富山県,プロモーション,富山地方鉄道立山線魅力発信情報誌作成業務の公募型プロポーザルの結果について,https://www.pref.toyama.jp/810111/puropo/2026tateyamasen.html,L1,1
B,周辺領域,県|山口県,海外展開,令和8年度 青少年等国際交流促進事業補助金三次募集案内 （PDF：278KB）,https://www.pref.yamaguchi.lg.jp/uploaded/attachment/248337.pdf,L1,1
B,周辺領域,県|岡山県,プロモーション,令和８年度人形峠アトムサイエンス館原子力広報展示物更新業務公募型プロポーザル（技術提案）結果の公表について,https://www.pref.okayama.jp/site/321/931827.html,L1,1
B,周辺領域,県|岡山県,海外展開,おかやま外国人材活躍支援企業認証制度の調査業務 公募型プロポーザル（技術提案）,https://www.pref.okayama.jp/site/321/1050621.html,L2,1
B,周辺領域,県|岡山県,プロモーション/文化・芸術,令和８年度「森の芸術祭 晴れの国・岡山」2027戦略的プロモーション推進業務に係る公募型プロポーザル（技術提案）,https://www.pref.okayama.jp/site/321/1050685.html,L2,1
B,周辺領域,県|岡山県,工芸・地域産品,令和８年度食品ロス削減月間キャンペーン業務に係る技術提案の選考結果について,https://www.pref.okayama.jp/site/321/1046932.html,L2,1
B,周辺領域,県|岡山県,プロモーション,公共交通利用促進プロモーション業務に係る技術提案結果の公表について,https://www.pref.okayama.jp/site/321/1041102.html,L2,1
B,周辺領域,県|岩手県,プロモーション,「林野火災警報・注意報制度説明動画制作等広報業務」受託候補者選定委員会の審査結果について,https://www.pref.iwate.jp/kensei/nyuusatsu/compe/kekka/1101182.html,L1,1
B,周辺領域,県|岩手県,プロモーション,「県内高校生に向けた農業大学校の教育高度化情報発信委託業務」に係る企画提案選考委員会の審査結果について,https://www.pref.iwate.jp/kensei/nyuusatsu/compe/kekka/1100814.html,L1,1
B,周辺領域,県|岩手県,プロモーション,令和8年度県外復興情報発信番組制作業務に係る企画コンペの審査結果について,https://www.pref.iwate.jp/kensei/nyuusatsu/compe/kekka/1100813.html,L1,4
B,周辺領域,県|岩手県,プロモーション,「女性の就業促進に向けた林業の魅力発信動画作成業務」に係る企画提案選考委員会の審査結果について,https://www.pref.iwate.jp/kensei/nyuusatsu/compe/kekka/1100746.html,L1,1
B,周辺領域,県|岩手県,海外展開,令和8年度世界と岩手をつなぐ国際人材育成推進事業費 高校生北米派遣事業業務委託に係る企画提案の審査結果について,https://www.pref.iwate.jp/kensei/nyuusatsu/compe/kekka/1100552.html,L1,1
B,周辺領域,県|岩手県,プロモーション/文化・芸術,令和8年度食文化情報発信動画作成業務に係る企画提案選考委員会の審査結果について,https://www.pref.iwate.jp/kensei/nyuusatsu/compe/kekka/1100515.html,L1,1
B,周辺領域,県|岩手県,プロモーション,令和8年度「いわての森林づくり県民税情報発信業務」の企画提案選考結果について,https://www.pref.iwate.jp/kensei/nyuusatsu/compe/kekka/1100364.html,L1,4
B,周辺領域,県|岩手県,海外展開,豪州市場向けスノーリゾート商品造成・販路開拓業務委託に係る企画提案審査の結果について,https://www.pref.iwate.jp/kensei/nyuusatsu/compe/kekka/1100329.html,L1,1
B,周辺領域,県|岩手県,海外展開,令和8年度インバウンド受入態勢強化業務委託に係る企画提案審査の結果について,https://www.pref.iwate.jp/kensei/nyuusatsu/compe/kekka/1100271.html,L1,1
B,周辺領域,県|岩手県,プロモーション,「令和8年度県外向け広報（復興情報発信）に係る企画、媒体制作・媒体制作監理等業務」企画提案選考委員会による審査結果について,https://www.pref.iwate.jp/kensei/nyuusatsu/compe/kekka/1099624.html,L1,3
B,周辺領域,県|岩手県,プロモーション,「令和8年度海業支援事業（海業広報戦略策定）業務」企画提案選考委員会の審査結果について,https://www.pref.iwate.jp/kensei/nyuusatsu/compe/kekka/1099703.html,L1,1
B,周辺領域,県|岩手県,プロモーション,令和8年度「地域医療情報発信等業務委託」に係る業務提案の審査結果について,https://www.pref.iwate.jp/kensei/nyuusatsu/compe/kekka/1099315.html,L1,3
B,周辺領域,県|岩手県,プロモーション,令和8年度いわて産地情報発信・PR業務に係る企画提案選考委員会の審査結果について,https://www.pref.iwate.jp/kensei/nyuusatsu/compe/kekka/1099221.html,L1,4
B,周辺領域,県|岩手県,工芸・地域産品,「県産養殖サーモンブランド化推進業務」の企画提案審査結果について,https://www.pref.iwate.jp/kensei/nyuusatsu/compe/kekka/1099166.html,L1,1
B,周辺領域,県|岩手県,工芸・地域産品,令和8年度県産食材マッチング交流事業委託業務に係る企画提案選考委員会の審査結果について,https://www.pref.iwate.jp/kensei/nyuusatsu/compe/kekka/1099148.html,L1,5
B,周辺領域,県|岩手県,プロモーション,「令和8年度「介護の仕事」魅力発信事業業務」に係る企画提案の審査結果について,https://www.pref.iwate.jp/kensei/nyuusatsu/compe/kekka/1099124.html,L1,1
B,周辺領域,県|岩手県,プロモーション/観光・誘客,令和8年度観光業魅力向上推進業務に係る企画提案審査の結果について,https://www.pref.iwate.jp/kensei/nyuusatsu/compe/kekka/1098815.html,L1,3
B,周辺領域,県|岩手県,プロモーション/観光・誘客,「連携協定を活用した観光振興プロモーション業務」委託に係る企画提案審査の結果について,https://www.pref.iwate.jp/kensei/nyuusatsu/compe/kekka/1098653.html,L1,1
B,周辺領域,県|岩手県,プロモーション,いわてさんりく仕事の情報発信業務に係る企画提案の審査結果について,https://www.pref.iwate.jp/kensei/nyuusatsu/compe/kekka/1098632.html,L1,1
B,周辺領域,県|岩手県,プロモーション,令和8年度「いわてIT企業ガイダンス」SNS広報業務に係る企画提案の審査結果について,https://www.pref.iwate.jp/kensei/nyuusatsu/compe/kekka/1098510.html,L1,1
B,周辺領域,県|岩手県,海外展開,「令和8年度岩手県外国人介護人材介護福祉士国家資格取得支援事業業務」に係る企画提案の審査結果について,https://www.pref.iwate.jp/kensei/nyuusatsu/compe/kekka/1097766.html,L1,1
B,周辺領域,県|岩手県,プロモーション,「令和8年度県議会広報に係る企画、媒体制作・媒体制作監理等業務」企画提案選考委員会の審査結果について,https://www.pref.iwate.jp/kensei/nyuusatsu/compe/kekka/1097517.html,L1,1
B,周辺領域,県|岩手県,プロモーション,「令和8年度若年者消費者トラブル広報事業業務」に係る企画提案の審査結果について,https://www.pref.iwate.jp/kensei/nyuusatsu/compe/kekka/1097030.html,L1,1
B,周辺領域,県|岩手県,プロモーション,世界に開かれた北上川バレー魅力発信動画制作・プロモーション業務に係る企画提案審査の結果について,https://www.pref.iwate.jp/kensei/nyuusatsu/compe/kekka/1097054.html,L1,1
B,周辺領域,県|岩手県,プロモーション,三陸復興いわてまるごと首都圏プロモーション事業企画運営業務企画提案選考委員会の審査結果について,https://www.pref.iwate.jp/kensei/nyuusatsu/compe/kekka/1097077.html,L1,1
B,周辺領域,県|岩手県,海外展開,「岩手県外国人材受入電話相談窓口運営等業務」企画提案審査委員会の結果について,https://www.pref.iwate.jp/kensei/nyuusatsu/compe/kekka/1096349.html,L1,1
B,周辺領域,県|岩手県,プロモーション,「令和8年度及び9年度岩手県広報誌(いわてグラフ)に係る企画、媒体制作・ 媒体制作監理等業務」企画提案選考委員会の審査結果について,https://www.pref.iwate.jp/kensei/nyuusatsu/compe/kekka/1095572.html,L1,1
B,周辺領域,県|岩手県,プロモーション,「令和8年度県政広報（電波媒体等）に係る企画、媒体制作・媒体制作監理等業務」企画提案選考委員会の審査結果について,https://www.pref.iwate.jp/kensei/nyuusatsu/compe/kekka/1095560.html,L1,1
B,周辺領域,県|岩手県,プロモーション,令和7年度白銀のひかり普及拡大PR等業務に係る企画提案選考委員会の審査結果について,https://www.pref.iwate.jp/kensei/nyuusatsu/compe/kekka/1093835.html,L1,1
B,周辺領域,県|岩手県,プロモーション,いわて沿岸圏域“しごと”情報発信動画制作業務に係る企画提案の審査結果について,https://www.pref.iwate.jp/kensei/nyuusatsu/compe/kekka/1092698.html,L1,1
B,周辺領域,県|岩手県,工芸・地域産品,「岩手県産木材を活用した庁内保育施設備品製作業務」に関する委託契約の締結について,https://www.pref.iwate.jp/kensei/nyuusatsu/compe/kekka/1092626.html,L1,2
B,周辺領域,県|岩手県,プロモーション/文化・芸術,平泉情報発信映像制作業務企画提案審査委員会の審査結果について,https://www.pref.iwate.jp/kensei/nyuusatsu/compe/kekka/1091438.html,L1,1
B,周辺領域,県|岩手県,プロモーション,「令和7年度林野火災復旧関連木材利用促進PR業務」の企画提案選考結果について,https://www.pref.iwate.jp/kensei/nyuusatsu/compe/kekka/1090374.html,L1,2
B,周辺領域,県|岩手県,イベント運営,「岩手県政150周年記念式典企画運営業務」に係る企画提案の審査結果について,https://www.pref.iwate.jp/kensei/nyuusatsu/compe/kekka/1090476.html,L1,1
B,周辺領域,県|岩手県,工芸・地域産品/プロモーション,「令和7年度県産木材利用促進PR業務」の企画提案選考結果について,https://www.pref.iwate.jp/kensei/nyuusatsu/compe/kekka/1087957.html,L1,2
B,周辺領域,県|岩手県,プロモーション,タイ市場をターゲットとした魅力発信事業企画・運営等業務企画提案審査委員会の審査結果について,https://www.pref.iwate.jp/kensei/nyuusatsu/compe/kekka/1087883.html,L1,1
B,周辺領域,県|岩手県,プロモーション,令和7年度いわて産地情報・PR業務に係る企画提案審査委員会の結果について,https://www.pref.iwate.jp/kensei/nyuusatsu/compe/kekka/1086470.html,L1,1
B,周辺領域,県|岩手県,イベント運営,令和8年度「『いわてアパレル若者女性活躍推進イベント（仮称）』企画運営業務」の企画提案審査結果について,https://www.pref.iwate.jp/kensei/nyuusatsu/compe/kekka/1085574.html,L1,2
B,周辺領域,県|岩手県,プロモーション,令和7年度盛岡広域くらしの魅力発信及び移住相談会企画運営業務企画提案審査の結果について,https://www.pref.iwate.jp/kensei/nyuusatsu/compe/kekka/1085250.html,L1,1
B,周辺領域,県|岩手県,プロモーション/観光・誘客,「連携協定を活用した三陸観光振興プロモーション業務」委託に係る企画提案審査の結果について,https://www.pref.iwate.jp/kensei/nyuusatsu/compe/kekka/1084964.html,L1,1
B,周辺領域,県|岩手県,プロモーション,「令和7年度おかえりプロモーション企画運営業務」企画提案審査委員会の結果について,https://www.pref.iwate.jp/kensei/nyuusatsu/compe/kekka/1084589.html,L1,1
B,周辺領域,県|岩手県,プロモーション,JR大船渡線の利用促進に向けた魅力発信事業企画・運営等業務企画提案審査委員会の審査結果について,https://www.pref.iwate.jp/kensei/nyuusatsu/compe/kekka/1083471.html,L1,1
B,周辺領域,県|岩手県,プロモーション,「令和7年度脱炭素化広報事業実施業務」企画コンペ審査会の結果について,https://www.pref.iwate.jp/kensei/nyuusatsu/compe/kekka/1082269.html,L1,1
B,周辺領域,県|岩手県,イベント運営,県南圏域移住者等交流会開催事業企画・運営等業務企画提案審査委員会の審査結果について,https://www.pref.iwate.jp/kensei/nyuusatsu/compe/kekka/1083447.html,L1,1
B,周辺領域,県|岩手県,プロモーション,令和7年度多面的消費者教育（普及啓発広報）推進事業業務企画提案選定委員会の審査結果について,https://www.pref.iwate.jp/kensei/nyuusatsu/compe/kekka/1082002.html,L1,1
B,周辺領域,県|岩手県,工芸・地域産品/プロモーション,「令和7年度いわて県産サーモンPRキャンペーン等企画運営業務委託」の企画提案審査委員会の結果について,https://www.pref.iwate.jp/kensei/nyuusatsu/compe/kekka/1081996.html,L1,1
B,周辺領域,県|岩手県,プロモーション,令和7年度岩手県救急安心センター事業（＃7119）広報業務に係る企画提案審査結果の公表について,https://www.pref.iwate.jp/kensei/nyuusatsu/compe/kekka/1081886.html,L1,1
B,周辺領域,県|岩手県,プロモーション,令和7年度県政広報（電波媒体等）に係る業務委託企画提案選考委員会の審査結果,https://www.pref.iwate.jp/kensei/nyuusatsu/compe/kekka/1081409.html,L1,3
B,周辺領域,県|岩手県,工芸・地域産品/プロモーション/観光・誘客,「岩手県物産観光PRレセプションinニューヨーク（仮称）」企画運営等業務企画提案審査委員会の審査結果について,https://www.pref.iwate.jp/kensei/nyuusatsu/compe/kekka/1078654.html,L1,1
B,周辺領域,県|岩手県,海外展開/観光・誘客,インバウンド県内周遊支援事業委託業務に係る企画提案選考委員会の審査結果について,https://www.pref.iwate.jp/kensei/nyuusatsu/compe/kekka/1076049.html,L1,1
B,周辺領域,県|岩手県,プロモーション,令和8年度いわてで生み育てる県民運動の広報に係る企画運営事業に関する企画提案審査結果について,https://www.pref.iwate.jp/kensei/nyuusatsu/compe/kekka/1075927.html,L1,2
B,周辺領域,県|岩手県,プロモーション,「令和6年度脱炭素化広報事業実施業務」企画コンペ審査会の審査結果について,https://www.pref.iwate.jp/kensei/nyuusatsu/compe/kekka/1075277.html,L1,1
B,周辺領域,県|岩手県,プロモーション/観光・誘客,令和6年度盛岡広域観光PR動画制作業務に係る企画提案の審査結果について,https://www.pref.iwate.jp/kensei/nyuusatsu/compe/kekka/1075216.html,L1,1
B,周辺領域,県|岩手県,工芸・地域産品,令和6年度いわて農林水産物商材開発支援業務に係る企画提案選考委員会の審査結果について,https://www.pref.iwate.jp/kensei/nyuusatsu/compe/kekka/1074857.html,L1,1
B,周辺領域,県|岩手県,工芸・地域産品,令和6年度いわて県産食材販路拡大に係るメタバース空間整備・運用業務に係る企画提案選考委員会の審査結果について,https://www.pref.iwate.jp/kensei/nyuusatsu/compe/kekka/1074845.html,L1,1
B,周辺領域,県|岩手県,工芸・地域産品,「県産水産物消費拡大応援資材作成業務」の企画提案審査結果について,https://www.pref.iwate.jp/kensei/nyuusatsu/compe/kekka/1070962.html,L1,1
B,周辺領域,県|岩手県,プロモーション,「OTAと連携した台湾向けプロモーション業務」の企画提案審査結果について,https://www.pref.iwate.jp/kensei/nyuusatsu/compe/kekka/1070907.html,L1,1
B,周辺領域,県|岩手県,プロモーション/観光・誘客,「岩手県立陸前高田オートキャンプ場プロモーション（県内誘客）業務」企画提案審査の結果について,https://www.pref.iwate.jp/kensei/nyuusatsu/compe/kekka/1070018.html,L1,1
B,周辺領域,県|岩手県,プロモーション,「SNS等を活用した消防団員加入促進広報業務」企画提案選考委員会による審査結果について,https://www.pref.iwate.jp/kensei/nyuusatsu/compe/kekka/1068531.html,L1,1
B,周辺領域,県|岩手県,工芸・地域産品,ふるさと納税（農林水産物返礼タイプ）支援サービス利用業務に係る業務提案選定委員会の審査結果について,https://www.pref.iwate.jp/kensei/nyuusatsu/compe/kekka/1067236.html,L1,1
B,周辺領域,県|岩手県,海外展開,令和5年度いわての地域国際化人材育成事業 高校生海外派遣事業業務委託に係る企画提案の審査結果について,https://www.pref.iwate.jp/kensei/nyuusatsu/compe/kekka/1066591.html,L1,1
B,周辺領域,県|岩手県,プロモーション,「いわてアール・ブリュット魅力発信業務」に係る企画提案の審査結果の公表について,https://www.pref.iwate.jp/kensei/nyuusatsu/compe/kekka/1066525.html,L1,1
B,周辺領域,県|岩手県,プロモーション,「岩手県UIJターン等就業者支援マッチングサイト発信力強化業務」に係る企画提案審査の結果について,https://www.pref.iwate.jp/kensei/nyuusatsu/compe/kekka/1066158.html,L1,1
B,周辺領域,県|岩手県,プロモーション,「令和5年度脱炭素化広報事業実施業務」委託事業者選定審査会の審査結果について,https://www.pref.iwate.jp/kensei/nyuusatsu/compe/kekka/1065916.html,L1,1
B,周辺領域,県|岩手県,プロモーション,Facebookを活用した情報発信等による関係人口創出拡大業務に係る企画提案審査の結果について,https://www.pref.iwate.jp/kensei/nyuusatsu/compe/kekka/1065574.html,L1,1
B,周辺領域,県|岩手県,工芸・地域産品,令和5年度メタバースを活用した県産食材拡大モデル構築業務に係る企画提案選考委員会の審査結果について,https://www.pref.iwate.jp/kensei/nyuusatsu/compe/kekka/1065431.html,L1,1
B,周辺領域,県|岩手県,プロモーション,令和6年度おかえりプロモーション企画運営業務企画提案審査委員会の審査結果について,https://www.pref.iwate.jp/kensei/nyuusatsu/compe/kekka/1064815.html,L1,1
B,周辺領域,県|岩手県,プロモーション,令和5年度Iターン希望者向け移住PR動画企画制作業務委託に係る企画提案審査の結果について,https://www.pref.iwate.jp/kensei/nyuusatsu/compe/kekka/1064792.html,L1,1
B,周辺領域,県|岩手県,プロモーション,2023年に行くべき岩手プロモーション業務委託に係る企画提案審査の結果について,https://www.pref.iwate.jp/kensei/nyuusatsu/compe/kekka/1064604.html,L1,1
B,周辺領域,県|岩手県,プロモーション,「地域農業の将来ビジョン確立に向けた情報発信業務」契約の締結について,https://www.pref.iwate.jp/kensei/nyuusatsu/compe/kekka/1061402.html,L1,1
B,周辺領域,県|岩手県,プロモーション,岩手県政150周年記念事業PR業務に係る企画提案選考委員会の審査結果について,https://www.pref.iwate.jp/kensei/nyuusatsu/compe/kekka/1060339.html,L1,1
B,周辺領域,県|岩手県,プロモーション,SNSを活用した協働事例の情報発信業務 企画提案における審査結果について,https://www.pref.iwate.jp/kensei/nyuusatsu/compe/kekka/1059014.html,L1,1
B,周辺領域,県|岩手県,工芸・地域産品,岩手県産木材を活用したベンチの製作業務委託の審査結果について,https://www.pref.iwate.jp/kensei/nyuusatsu/compe/kekka/1059426.html,L1,1
B,周辺領域,県|岩手県,工芸・地域産品,【2次公募】県産サーモン加工品開発業務委託,https://www.pref.iwate.jp/kensei/nyuusatsu/compe/kekka/1058999.html,L1,1
B,周辺領域,県|岩手県,プロモーション,女性活躍推進で働きやすい県内企業等のPR媒体作成業務に係る企画提案の審査結果について,https://www.pref.iwate.jp/kensei/nyuusatsu/compe/kekka/1058823.html,L1,1
B,周辺領域,県|岩手県,工芸・地域産品/プロモーション,令和5年度「いわて県産サーモンPRキャンペーン等企画運営業務委託」の企画提案選考委員会の結果について,https://www.pref.iwate.jp/kensei/nyuusatsu/compe/kekka/1064584.html,L1,2
B,周辺領域,県|岩手県,工芸・地域産品,令和4年度食品ロス削減普及啓発業務に係るプロポーザルの審査結果,https://www.pref.iwate.jp/kensei/nyuusatsu/compe/kekka/1058369.html,L1,1
B,周辺領域,県|岩手県,海外展開,「海外ECサイト参入支援業務」の企画提案審査結果について,https://www.pref.iwate.jp/kensei/nyuusatsu/compe/kekka/1057691.html,L1,1
B,周辺領域,県|岩手県,プロモーション,Facebookを活用した情報発信等による関係人口創出・拡大業務企画提案選考委員会の開催結果について,https://www.pref.iwate.jp/kensei/nyuusatsu/compe/kekka/1056919.html,L1,1
B,周辺領域,県|岩手県,プロモーション,県民運動の推進のためのキャッチフレーズの公募及びメディアタイアップ広報に係る企画運営事業に関する企画提案審査結果について,https://www.pref.iwate.jp/kensei/nyuusatsu/compe/kekka/1056844.html,L1,1
B,周辺領域,県|岩手県,プロモーション,令和4年度いわて三陸「食」の魅力発見・発信事業委託業務に係る企画提案選考委員会の審査結果について,https://www.pref.iwate.jp/kensei/nyuusatsu/compe/kekka/1056821.html,L1,1
B,周辺領域,県|岩手県,工芸・地域産品,県産サーモン加工品開発業務委託,https://www.pref.iwate.jp/kensei/nyuusatsu/compe/kekka/1056805.html,L1,1
B,周辺領域,県|岩手県,海外展開,「海外ECモール参入支援業務」の企画提案審査結果について,https://www.pref.iwate.jp/kensei/nyuusatsu/compe/kekka/1055929.html,L1,1
B,周辺領域,県|岩手県,プロモーション,令和4年度VTuber等を活用したいわての魅力プロモーション業務企画提案審査の結果について,https://www.pref.iwate.jp/kensei/nyuusatsu/compe/kekka/1050845.html,L1,1
B,周辺領域,県|岩手県,プロモーション,令和5年度VTuberを活用したいわての魅力プロモーション業務企画提案審査の結果について,https://www.pref.iwate.jp/kensei/nyuusatsu/compe/kekka/1062915.html,L1,2
B,周辺領域,県|岩手県,プロモーション,「地域医療情報発信事業」に係る情報発信業務に係る企画提案審査結果について,https://www.pref.iwate.jp/kensei/nyuusatsu/compe/kekka/1047645.html,L1,1
B,周辺領域,県|岩手県,工芸・地域産品,「岩手県産木材を活用したパーテーション製作業務」企画提案の審査結果について,https://www.pref.iwate.jp/kensei/nyuusatsu/compe/kekka/1046719.html,L1,1
B,周辺領域,県|岩手県,プロモーション,林野火災予防宣伝発信委託業務に係る企画提案選考委員会の選考結果について,https://www.pref.iwate.jp/kensei/nyuusatsu/compe/kekka/1046683.html,L1,1
B,周辺領域,県|岩手県,プロモーション,「原木乾しいたけPRツール制作業務」の企画提案選考結果について,https://www.pref.iwate.jp/kensei/nyuusatsu/compe/kekka/1046678.html,L1,1
B,周辺領域,県|岩手県,プロモーション,岩手県子育てポータルサイト・子育てアプリ構築業務及び広報業務に係る企画コンペの結果について,https://www.pref.iwate.jp/kensei/nyuusatsu/compe/kekka/1045812.html,L1,1
B,周辺領域,県|岩手県,海外展開,令和3年度ぐるっといわてインバウンドおもてなし推進事業業務に係る企画提案審査結果について,https://www.pref.iwate.jp/kensei/nyuusatsu/compe/kekka/1045583.html,L1,1
B,周辺領域,県|岩手県,プロモーション/観光・誘客,三陸鉄道を活用した沿岸周遊事業（商品造成支援及び情報発信）業務に係る企画提案審査結果について,https://www.pref.iwate.jp/kensei/nyuusatsu/compe/kekka/1045457.html,L1,1
B,周辺領域,県|岩手県,工芸・地域産品,岩手県産木材を活用したいわて県民情報交流センター木質化事業に係る企画提案の審査結果について,https://www.pref.iwate.jp/kensei/nyuusatsu/compe/kekka/1045442.html,L1,1
B,周辺領域,県|岩手県,プロモーション,「いわてスポーツアクティビティ着地型情報発信業務」企画提案審査結果について,https://www.pref.iwate.jp/kensei/nyuusatsu/compe/kekka/1045253.html,L1,1
B,周辺領域,県|岩手県,プロモーション,女性のためのつながりサポート事業広報業務に係る企画提案の審査結果について,https://www.pref.iwate.jp/kensei/nyuusatsu/compe/kekka/1044435.html,L1,1
B,周辺領域,県|岩手県,プロモーション,Facebookを活用した情報発信等による関係人口創出拡大業務企画提案選考委員会の審査結果について,https://www.pref.iwate.jp/kensei/nyuusatsu/compe/kekka/1043405.html,L1,1
B,周辺領域,県|岩手県,プロモーション,「いわて木づかい住宅普及促進事業PR業務」の企画提案選考委員会の結果について,https://www.pref.iwate.jp/kensei/nyuusatsu/compe/kekka/1040930.html,L1,1
B,周辺領域,県|岩手県,工芸・地域産品,回答「岩手県産木材を活用した庁内保育施設備品製作業務委託」に係る企画コンペ実施要領等に関する質問について,https://www.pref.iwate.jp/kensei/nyuusatsu/compe/sanka/1101372.html,L1,1
B,周辺領域,県|岩手県,プロモーション,障がい福祉の仕事の魅力発信動画等制作業務委託に係る企画提案に関する質問への回答について,https://www.pref.iwate.jp/kensei/nyuusatsu/compe/sanka/1101288.html,L1,1
B,周辺領域,県|岩手県,工芸・地域産品,岩手県産木材を活用した庁内保育施設備品製作業務委託について,https://www.pref.iwate.jp/kensei/nyuusatsu/compe/sanka/1101027.html,L1,1
B,周辺領域,県|岩手県,プロモーション,令和8年度みちのく潮風トレイルプロモーション業務委託に係る企画提案の募集について,https://www.pref.iwate.jp/kensei/nyuusatsu/compe/sanka/1101225.html,L1,1
B,周辺領域,県|岩手県,プロモーション,障がい福祉の仕事の魅力発信動画等制作業務委託に係る企画提案の募集について,https://www.pref.iwate.jp/kensei/nyuusatsu/compe/sanka/1101036.html,L1,1
B,周辺領域,県|広島県,プロモーション,令和８年度広島県県営住宅ｗｅｂ広告運用業務（一般競争入札）,https://www.pref.hiroshima.lg.jp/site/nyusatsukeiyaku/webad2026.html,L1,1
B,周辺領域,県|広島県,プロモーション,「ひろしまＦａｍＮＡＶＩ＋」広報実施業務公募型プロポーザルの審査結果について,https://www.pref.hiroshima.lg.jp/site/nyusatsukeiyaku/famnavi-puropo-r8.html,L1,1
B,周辺領域,県|広島県,プロモーション,令和８年７月13日公告「１学級規模校の魅力の認知向上に向けた広報支援業務に係る公募型プロポーザル」の選定結果について,https://www.pref.hiroshima.lg.jp/site/nyusatsukeiyaku/miryoninnchi-proposal08.html,L1,1
B,周辺領域,県|愛媛県,プロモーション,令和8年度松山―新千歳線乗継キャンペーン広告業務に係る企画提案募集について,https://www.pref.ehime.jp/site/nyusatsu/156714.html,L1,1
B,周辺領域,県|愛媛県,プロモーション,令和8年度松山＝成田線利用促進キャンペーン広告業務に係る企画提案募集について,https://www.pref.ehime.jp/site/nyusatsu/155795.html,L2,1
B,周辺領域,県|愛媛県,イベント運営,ジェニファー来園1周年記念イベント企画運営等業務に係る 企画提案（プロポーザル）の実施について（再公募）,https://www.pref.ehime.jp/site/nyusatsu/154373.html,L2,1
B,周辺領域,県|愛媛県,イベント運営,とべもり+4施設連携イベント企画運営等業務の企画提案募集について,https://www.pref.ehime.jp/site/nyusatsu/143638.html,L2,1
B,周辺領域,県|愛媛県,プロモーション,とべもり＋（プラス）及び道後公園（湯築城跡）魅力発信及び戦略的広報事業に係る 企画提案（プロポーザル）の実施について,https://www.pref.ehime.jp/site/nyusatsu/136462.html,L2,1
B,周辺領域,県|新潟県,工芸・地域産品/観光・誘客,令和８年度新潟観光ブランド形成促進事業 小学生向け観光副読本制作業務の委託（公募型プロポーザル、審査日９月24日）観光企画課,https://www.pref.niigata.lg.jp/sec/kankokikaku/0832860.html,L1,1
B,周辺領域,県|新潟県,海外展開/観光・誘客,審査結果 中国スキークラブ等と連携したスキー誘客促進事業業務委託（プロポーザル、審査日８月24日） 新潟インバウンド推進協議会,https://www.pref.niigata.lg.jp/sec/kokusaikanko/cn-ski-result.html,L1,1
B,周辺領域,県|新潟県,プロモーション,審査結果「関西情報発信拠点運営事業の業務委託」（審査日8月6日）地域産業振興課,https://www.pref.niigata.lg.jp/site/sangyorodo/kansaijohohasshinkyotenprpkekka.html,L2,1
B,周辺領域,県|新潟県,海外展開,審査結果「令和8年度ベトナム販路開拓支援業務委託プロポーザル」（審査日8月17日）産業政策課,https://www.pref.niigata.lg.jp/site/sangyoseisaku/vietnampr2026-kekka.html,L2,1
B,周辺領域,県|栃木県,プロモーション,「とも家事」認知度向上デジタルプロモーション業務委託公....,https://www.pref.tochigi.lg.jp/c07/tomokaji_digitalpromotion_kekka.html,L1,1
B,周辺領域,県|栃木県,プロモーション,「とも家事」認知度向上デジタルプロモーション業務委託公募型プロポーザルの選定結果について,https://www.pref.tochigi.lg.jp/c07/tomokaji_digitalpromotion_kekka.html,L2,1
B,周辺領域,県|栃木県,プロモーション,令和8(2026)年度とちぎの仕事魅力発信デジタルマーケティング業務委託 公募型プロポーザルに係る質問内容及び回答について,https://www.pref.tochigi.lg.jp/a01/shigotomiryoku/r8shigotomiryoku-sitsumon.html,L2,1
B,周辺領域,県|栃木県,プロモーション,「いちご王国・栃木」首都圏交通拠点連携プロモーション事業業務委託公募型プロポーザルの実施について,https://www.pref.tochigi.lg.jp/g03/ichigooukoku/r8_ichigooukokusyutokenn.html,L2,1
B,周辺領域,県|栃木県,プロモーション,令和8(2026)年度とちぎの仕事魅力発信デジタルマーケティング業務委託 公募型プロポーザル実施について,https://www.pref.tochigi.lg.jp/a01/shigotomiryoku/r8shigotomiryoku-koubo.html,L2,1
B,周辺領域,県|栃木県,プロモーション,東南アジア及び香港における青果物プロモーション業務委託公募型プロポーザルに係る質問及び回答,https://www.pref.tochigi.lg.jp/g03/r8tounannaziapromositumonnkaitou.html,L2,1
B,周辺領域,県|栃木県,プロモーション,栃木県女性活躍推進企業等情報発信のための記事作成等業務委託公募型プロポーザルの選定結果について,https://www.pref.tochigi.lg.jp/c07/jokatu_jouhou2026_1.html,L2,1
B,周辺領域,県|栃木県,プロモーション,性別によるアンコンシャス・バイアス解消に向けたデジタル広告業務委託 公募型プロポーザルの選定結果について,https://www.pref.tochigi.lg.jp/c07/ankon6.html,L2,1
B,周辺領域,県|栃木県,プロモーション,東南アジア及び香港における青果物プロモーション業務委託公募型プロポーザルの実施について,https://www.pref.tochigi.lg.jp/g03/r8tounannaziapromo.html,L2,1
B,周辺領域,県|栃木県,海外展開,令和８年度とちぎグローバルゲートウェイ事業業務委託のプロポーザル審査結果について,https://www.pref.tochigi.lg.jp/m04/r8globalgatewayresult.html,L2,1
B,周辺領域,県|栃木県,プロモーション,「いちご王国・栃木」関西圏プロモーション事業業務委託に係る公募型プロポーザルの審査結果について,https://www.pref.tochigi.lg.jp/g03/ichigooukoku/r8kansaiproposal_result.html,L2,1
B,周辺領域,県|栃木県,工芸・地域産品/プロモーション,台湾における県産青果物プロモーション業務委託公募型プロポーザルの審査結果について,https://www.pref.tochigi.lg.jp/g03/r8_taiwanpromo_kekka.html,L2,1
B,周辺領域,県|栃木県,プロモーション,「とも家事」認知度向上デジタルプロモーション業務委託公募型プロポーザルに係る質問及び回答について,https://www.pref.tochigi.lg.jp/c07/tomokaji_digitalpromotion_qa.html,L2,1
B,周辺領域,県|栃木県,工芸・地域産品,とちぎの伝統工芸品パンフレット改訂業務委託公募型プロポーザルの審査結果について,https://www.pref.tochigi.lg.jp/f02/chiiki/kougeihin/r8/pamphlet_kaitei_kekka.html,L2,1
B,周辺領域,県|栃木県,海外展開,令和８年度とちぎグローバルゲートウェイ事業業務委託公募型プロポーザルに係る質問内容と回答について,https://www.pref.tochigi.lg.jp/m04/r8globalgatewayqa.html,L2,1
B,周辺領域,県|栃木県,プロモーション,「とも家事」認知度向上デジタルプロモーション業務委託公募型プロポーザルの実施について,https://www.pref.tochigi.lg.jp/c07/tomokaji_digitalpromotion_koubo.html,L2,1
B,周辺領域,県|栃木県,海外展開,令和８年度とちぎグローバルゲートウェイ事業業務委託公募型プロポーザルの実施について,https://www.pref.tochigi.lg.jp/m04/r8globalgateway.html,L2,1
B,周辺領域,県|栃木県,プロモーション,「いちご王国・栃木」関西圏プロモーション事業業務委託公募型プロポーザルに係る質問内容と回答について,https://www.pref.tochigi.lg.jp/g03/ichigooukoku/r8kansaiproposal_answer.html,L2,1
B,周辺領域,県|栃木県,プロモーション,令和8(2026)年度次世代人材確保デジタル発信事業業務委託公募型プロポーザルの審査結果について,https://www.pref.tochigi.lg.jp/f02/r8_jisedai_jinzaikakuho_02.html,L2,1
B,周辺領域,県|栃木県,イベント運営,令和8(2026)年度イノベーションエコシステムプロジェクト支援事業に係るピッチイベント運営業務委託公募型プロポーザルの審査結果について,https://www.pref.tochigi.lg.jp/f02/r8_innovation_ecosystem_pitch_proposal_kekka.html,L2,1
B,周辺領域,県|栃木県,プロモーション,令和8(2026)年度BPR伴走支援業務に関する公募型プロポーザルの審査結果について,https://www.pref.tochigi.lg.jp/b03/proposal/2026_bpr_result.html,L2,1
B,周辺領域,県|栃木県,プロモーション,栃木県女性活躍推進企業等情報発信のための記事作成等業務委託公募型プロポーザルの実施について,https://www.pref.tochigi.lg.jp/c07/jokatu_jouhou2026.html,L2,1
B,周辺領域,県|栃木県,プロモーション,性別によるアンコンシャス・バイアス解消に向けたデジタル広告業務委託公募型プロポーザルの実施について,https://www.pref.tochigi.lg.jp/c07/houdou/ankon3.html,L2,1
B,周辺領域,県|栃木県,プロモーション,「いちご王国」県民参加型プロモーション事業業務委託に係る公募型プロポーザルの審査結果について,https://www.pref.tochigi.lg.jp/g03/ichigooukoku/r8_ichigooukoku_proposal_result.html,L2,1
B,周辺領域,県|栃木県,工芸・地域産品/プロモーション,台湾における県産青果物プロモーション業務委託公募型プロポーザルの実施について,https://www.pref.tochigi.lg.jp/g03/r8_taiwanpromo_koubo.html,L2,1
B,周辺領域,県|栃木県,プロモーション,「いちご王国・栃木」関西圏プロモーション事業業務委託公募型プロポーザルの実施について,https://www.pref.tochigi.lg.jp/g03/ichigooukoku/r8kansaiproposal.html,L2,1
B,周辺領域,県|栃木県,海外展開/観光・誘客,栃木県武道ツーリズム推進に係る海外旅行会社等招請業務委託公募型プロポーザルの結果について,https://www.pref.tochigi.lg.jp/c09/sports-commission/2026budotourism-fam-result.html,L2,1
B,周辺領域,県|栃木県,プロモーション,デジタル広告を活用した国民健康保険税収納率向上事業業務公募型プロポーザルの審査結果について,https://www.pref.tochigi.lg.jp/e09/proposal/degitalkokuhozeikekka.html,L2,1
B,周辺領域,県|栃木県,工芸・地域産品,とちぎの伝統工芸品パンフレット改訂業務委託公募型プロポーザルに係る質問及び回答について,https://www.pref.tochigi.lg.jp/f02/chiiki/kougeihin/r8/pamphlet_kaitei_kaitou.html,L2,1
B,周辺領域,県|栃木県,工芸・地域産品,とちぎの伝統工芸品パンフレット改訂業務委託公募型プロポーザルの実施について,https://www.pref.tochigi.lg.jp/f02/chiiki/kougeihin/r8/pamphlet_kaitei.html,L2,1
B,周辺領域,県|栃木県,プロモーション,デジタル広告による特定健診受診率向上事業業務公募型プロポーザルの審査結果について,https://www.pref.tochigi.lg.jp/e09/proposal/dezitarukekka.html,L2,1
B,周辺領域,県|栃木県,プロモーション,令和８(2026)年度とちぎ就農支援サイト「tochino（トチノ）」を活用した情報発信業務委託に係る公募型プロポーザルの審査結果について,https://www.pref.tochigi.lg.jp/g04/tochino/r8tochino_jouhouhassin_result.html,L2,1
B,周辺領域,県|栃木県,イベント運営,令和8年度栃木県海洋プラスチック削減普及啓発イベント業務委託公募型プロポーザルの審査結果について,https://www.pref.tochigi.lg.jp/d05/eco/haikibutsu/jyunkan/r8kaiyoupurakekka.html,L2,1
B,周辺領域,県|栃木県,イベント運営,イノベーションエコシステムプロジェクト支援事業に係るピッチイベント運営業務委託公募型プロポーザルの実施について,https://www.pref.tochigi.lg.jp/f02/r8_innovation_ecosystem_pitch_proposal.html,L2,1
B,周辺領域,県|栃木県,プロモーション,令和8(2026)年度BPR伴走支援業務に関する公募型プロポーザルに係る質問及び回答について,https://www.pref.tochigi.lg.jp/b03/proposal/2026_bpr_qa.html,L2,1
B,周辺領域,県|栃木県,海外展開/観光・誘客,栃木県武道ツーリズム推進に係る海外旅行会社等招請業務委託公募型プロポーザルの質問に対する回答について,https://www.pref.tochigi.lg.jp/c09/nyusatsu/documents/2026budotourism-fam-qa.html,L2,1
B,周辺領域,県|栃木県,イベント運営,SDGs普及促進イベント企画・運営業務委託公募型プロポーザルの審査結果について,https://www.pref.tochigi.lg.jp/a01/r7sdgs_taiken_kekka.html,L2,1
B,周辺領域,県|栃木県,プロモーション,「いちご王国」県民参加型プロモーション事業業務委託公募型プロポーザルに係る質問内容と回答について,https://www.pref.tochigi.lg.jp/g03/ichigooukoku/r8_ichigooukoku_proposal_answer.html,L2,1
B,周辺領域,県|栃木県,プロモーション,令和8(2026)年度次世代人材確保デジタル発信事業業務委託公募型プロポーザルの実施について,https://www.pref.tochigi.lg.jp/f02/r8_jisedai_jinzaikakuho.html,L2,1
B,周辺領域,県|栃木県,プロモーション,令和8(2026)年度プロスポーツチームと連携した地域防犯力強化に係る広報啓発業務委託公募型プロポーザルの選定結果について,https://www.pref.tochigi.lg.jp/c03/2026puropokekka.html,L2,1
B,周辺領域,県|栃木県,プロモーション,自転車安全利用啓発動画の作成及び広報業務委託公募型プロポーザルの選定結果について,https://www.pref.tochigi.lg.jp/c03/2026jitensyakoubokekka.html,L2,1
B,周辺領域,県|栃木県,プロモーション,令和8(2026)年度デジタル広告を活用した国民健康保険税収納率向上事業業務委託公募型プロポーザルに係る質問及び回答,https://www.pref.tochigi.lg.jp/e09/proposal/degitalkokuhozeikaitou.html,L2,1
B,周辺領域,県|栃木県,プロモーション,デジタル広告を活用した国民健康保険税収納率向上事業業務公募型プロポーザルの実施について,https://www.pref.tochigi.lg.jp/e09/proposal/degitalkokuhozei.html,L2,1
B,周辺領域,県|栃木県,プロモーション,令和8(2026)年度とちぎ就農支援サイト「tochino（トチノ）」を活用した情報発信業務委託に係る公募型プロポーザルの実施について,https://www.pref.tochigi.lg.jp/g04/tochino/r8tochino_jouhouhassin_koubo.html,L2,1
B,周辺領域,県|栃木県,プロモーション,「いちご王国」県民参加型プロモーション事業業務委託公募型プロポーザルの実施について,https://www.pref.tochigi.lg.jp/g03/ichigooukoku/r8_ichigooukoku_proposal.html,L2,1
B,周辺領域,県|栃木県,イベント運営,SDGs普及促進イベント企画・運営業務委託公募型プロポーザルの実施について,https://www.pref.tochigi.lg.jp/a01/r8sdgs_taiken.html,L2,1
B,周辺領域,県|栃木県,イベント運営,SDGs普及促進イベント企画・運営業務委託公募型プロポーザルに係る質問及び回答について,https://www.pref.tochigi.lg.jp/a01/r8sdgs_taiken_kaitou.html,L2,1
B,周辺領域,県|栃木県,プロモーション,デジタル広告による特定健診受診率向上事業業務公募型プロポーザルの実施について,https://www.pref.tochigi.lg.jp/e09/proposal/degitarukensin.html,L2,1
B,周辺領域,県|栃木県,イベント運営,令和8年度栃木県海洋プラスチック削減普及啓発イベント業務委託の公募型プロポーザルに係る質問内容及び回答について,https://www.pref.tochigi.lg.jp/d05/eco/haikibutsu/jyunkan/r8kaiyoupurasitumonkaitou.html,L2,1
B,周辺領域,県|栃木県,工芸・地域産品,令和8(2026)年度都内小中学校給食における栃木県産農産物利用促進業務委託に係る公募型プロポーザルの審査結果について,https://www.pref.tochigi.lg.jp/g03/brandpolicy/r8_gakkou_kekka.html,L2,1
B,周辺領域,県|栃木県,プロモーション,令和8(2026)年度推しを活用した魅力発信強化事業業務委託公募型プロポーザルの審査結果について,https://www.pref.tochigi.lg.jp/c05/promotion/nyuusatsu/oshikatsu2026_2_kekka.html,L2,1
B,周辺領域,県|栃木県,工芸・地域産品/プロモーション,令和8(2026)年度栃木県産農産物情報発信業務委託公募型プロポーザルの実施について,https://www.pref.tochigi.lg.jp/g03/logo_pr/r8_dejimake_koubo.html,L2,1
B,周辺領域,県|栃木県,海外展開/観光・誘客,令和8(2026)年度とちぎ観光デジタルマーケティング・インバウンド誘客促進事業業務委託公募型プロポーザルに係る質問内容及び回答について,https://www.pref.tochigi.lg.jp/f05/kaigaiyukyaku/2026digital_answer.html,L2,1
B,周辺領域,県|栃木県,イベント運営,県民の日記念イベント実施業務委託の一般競争入札の結果について,https://www.pref.tochigi.lg.jp/c01/kenminnohi.html,L2,1
B,周辺領域,県|栃木県,プロモーション,自転車安全利用啓発動画の作成及び広報業務委託公募型プロポーザルの実施について,https://www.pref.tochigi.lg.jp/c03/2026jitensyacm.html,L2,1
B,周辺領域,県|栃木県,プロモーション,令和8(2026)年度プロスポーツチームと連携した地域防犯力強化に係る広報啓発業務委託公募型プロポーザルの実施について,https://www.pref.tochigi.lg.jp/c03/2026bouhan_proposal.html,L2,1
B,周辺領域,県|栃木県,プロモーション,令和8(2026)年度推しを活用した魅力発信強化事業業務委託公募型プロポーザルに係る質問内容及び回答について,https://www.pref.tochigi.lg.jp/c05/promotion/nyuusatsu/oshikatsu2026_2_sitsumonkaitou.html,L2,1
B,周辺領域,県|栃木県,プロモーション,令和8(2026)年度保育士・保育の現場の魅力発信事業業務委託に係る公募型プロポーザルの審査結果について,https://www.pref.tochigi.lg.jp/e06/2024_04_22hoikussigennbanomiryokuibennto.html,L2,1
B,周辺領域,県|栃木県,プロモーション,令和8(2026)年度インスタグラムを活用した「栃木女子×TOCHIGI LIFE」発信業務委託公募型プロポーザルの審査結果について,https://www.pref.tochigi.lg.jp/c05/tochigikibun/r8_tochigikibunproposal_shinsakekka.html,L2,1
B,周辺領域,県|栃木県,プロモーション,令和８（2026）年度放送番組・配信サービス発信強化事業公募型プロポーザルの審査結果について,https://www.pref.tochigi.lg.jp/f05/kanko/kanko/r8housoubanngumipuropo-zarushinnsakekka.html,L2,1
B,周辺領域,県|栃木県,プロモーション,令和8(2026)年度デジタルメディア広告強化事業業務委託公募型プロポーザルの審査結果について,https://www.pref.tochigi.lg.jp/f05/kanko/kanko/digitalmedia2026_result.html,L2,1
B,周辺領域,県|栃木県,プロモーション,令和8(2026)年度インフルエンサー活用情報発信事業業務委託公募型プロポーザルの審査結果について,https://www.pref.tochigi.lg.jp/c05/promotion/nyuusatsu/influencer2026_sinsakekka.html,L2,1
B,周辺領域,県|栃木県,プロモーション,令和8(2026)年度とちぎ未来大使発信力強化事業業務委託公募型プロポーザルの審査結果について,https://www.pref.tochigi.lg.jp/c05/promotion/nyuusatsu/miraitaishi2026_kekka.html,L2,1
B,周辺領域,県|栃木県,プロモーション,令和8(2026)年度推しを活用した魅力発信強化事業業務委託公募型プロポーザルの実施について【再公募】,https://www.pref.tochigi.lg.jp/c05/promotion/nyuusatsu/oshikatsu2026_2_jissi.html,L2,1
B,周辺領域,県|栃木県,プロモーション,【審査結果】令和８(2026)年度とちぎの食と農 応援・発信業務委託公募型プロポーザル,https://www.pref.tochigi.lg.jp/g01/proposal/r8_tochigisyokutonou_result.html,L2,1
B,周辺領域,県|栃木県,プロモーション,令和８年度農村ファンと地域をつなぐ情報発信業務委託公募型プロポーザルの審査結果について,https://www.pref.tochigi.lg.jp/g02/2026tunagu-digital_kekka.html,L2,1
B,周辺領域,県|栃木県,海外展開,令和８年度 高度外国人材受入トータルサポート事業 業務委託公募型プロポーザルの審査結果について,https://www.pref.tochigi.lg.jp/f04/2026koudojinzaiproposalkekka.html,L2,1
B,周辺領域,県|栃木県,プロモーション,令和7(2025)年度とちぎ若い世代向け少子化対策情報発信強化業務委託に係る公募型プロポーザルの審査結果について,https://www.pref.tochigi.lg.jp/e06/wakaisedaimuke_shinsakekka.html,L2,1
B,周辺領域,県|栃木県,プロモーション,令和７(2025)年度感染症対策デジタル情報発信・分析業務委託公募型プロポーザルの選定結果について,https://www.pref.tochigi.lg.jp/e04/kansen/r7digital_puropo_senteikekka.html,L2,1
B,周辺領域,県|栃木県,プロモーション,令和7(2025)年度若年者向け消費者被害防止啓発デジタル広告配信業務委託公募型プロポーザルの選定結果について,https://www.pref.tochigi.lg.jp/c03/2025puropokekka.html,L2,1
B,周辺領域,県|栃木県,工芸・地域産品,令和7(2025)年度とちぎブランドspirit調査業務委託公募型プロポーザルの審査結果について,https://www.pref.tochigi.lg.jp/a04/r7_tochigi_brand_chosa_kekka.html,L2,1
B,周辺領域,県|栃木県,プロモーション,女性・学生消防団員魅力発信動画及びリーフレット制作業務委託公募型プロポーザルの審査結果について,https://www.pref.tochigi.lg.jp/l02/syouboudan/syouboudan8.html,L2,1
B,周辺領域,県|栃木県,プロモーション,東南アジア及び香港における青果物プロモーション業務委託に係る公募型プロポーザルの審査結果について,https://www.pref.tochigi.lg.jp/g03/tounannaziar7.html,L2,1
B,周辺領域,県|栃木県,プロモーション,令和7(2025)年度とちぎの仕事魅力発信デジタルマーケティング業務委託公募型プロポーザルの審査結果について,https://www.pref.tochigi.lg.jp/a01/shigotomiryoku/r7shigotomiryoku-kekka.html,L2,1
B,周辺領域,県|栃木県,プロモーション,首都圏鉄道駅等連携「いちご王国」プロモーション業務委託に係る公募型プロポーザルの審査結果について,https://www.pref.tochigi.lg.jp/g03/ichigooukoku/r7syutokentetudou_kekka.html,L2,1
B,周辺領域,県|栃木県,プロモーション,令和7(2025)年度とも家事普及・定着に向けた情報発信業務委託に係る公募型プロポーザルの選定結果について,https://www.pref.tochigi.lg.jp/c07/2025ikii.html,L2,1
B,周辺領域,県|沖縄県,海外展開,R8本部港国際旅客施設・緑地整備検討業務の企画プロポーザル,https://www.pref.okinawa.jp/shigoto/nyusatsukeiyaku/1015342/1025074/1037587/1040819.html,L1,1
B,周辺領域,県|沖縄県,海外展開,令和8年度 国際平和研究機構（仮称）設置検討支援業務 企画提案公募,https://www.pref.okinawa.jp/shigoto/nyusatsukeiyaku/1015342/1025074/1037587/1039539.html,L1,1
B,周辺領域,県|滋賀県,イベント運営,公募型プロポーザルの公告（G3オールレディース競走イベント企画運営業務）,https://www.pref.shiga.lg.jp/zigyousya/nyusatsubaikyaku/itaku/352044.html,L1,1
B,周辺領域,県|滋賀県,イベント運営,公募型プロポーザルの公告（開設74周年G1びわこ大賞イベント等企画運営業務）,https://www.pref.shiga.lg.jp/zigyousya/nyusatsubaikyaku/itaku/351956.html,L1,1
B,周辺領域,県|福岡県,海外展開,福岡県警察職員の海外出張について（航空機操縦士限定変更資格取得訓練業務委託）,https://www.pref.fukuoka.lg.jp/contents/policekaigai-koukukisoujushishikaku.html,L1,1
B,周辺領域,県|福岡県,海外展開,【政府調達】海外携帯電話機情報抽出分析ライセンス,https://www.pref.fukuoka.lg.jp/contents/8seifuchoutatsu28.html,L1,1
B,周辺領域,県|秋田県,プロモーション,令和８年度農業法人等求人情報発信業務委託の条件付き一般競争入札について,https://www.pref.akita.lg.jp/pages/archive/98522,L1,1
B,周辺領域,県|秋田県,プロモーション,令和8年秋田県広報紙及びウェブサイトへの広告掲載業務に係る条件付き一般競争入札の結果について,https://www.pref.akita.lg.jp/pages/archive/94454,L1,1
B,周辺領域,県|秋田県,工芸・地域産品,【受付終了】食品産業物価高騰対応支援事業費補助金の募集について,https://www.pref.akita.lg.jp/pages/archive/93473,L1,1
B,周辺領域,県|秋田県,プロモーション,県内就活支援事業PR業務委託に係る企画提案競技の審査結果について,https://www.pref.akita.lg.jp/pages/archive/92425,L1,1
B,周辺領域,県|群馬県,工芸・地域産品/プロモーション,「群馬県の伝統野菜等を使用した群馬県PR動画コンテンツ制作業務」に係る公募型プロポーザルの実施について,https://www.pref.gunma.jp/site/nyuusatsu/770082.html,L2,1
B,周辺領域,県|群馬県,プロモーション/文化・芸術,公募型プロポーザル結果の公表(「温泉文化」ユネスコ登録PR事業【一般事業型】業務委託）,https://www.pref.gunma.jp/site/nyuusatsu/769969.html,L2,1
B,周辺領域,県|長崎県,プロモーション,入札結果（長崎県広報誌及び長崎県ウェブサイト有料広告掲載業務）,https://www.pref.nagasaki.jp/nyusatsu-docs/773344.html,L2,1
B,周辺領域,県|香川県,海外展開/文化・芸術,瀬戸内国際芸術祭2028公式デジタルプラットフォーム制作及び運用等業務委託に係る企画提案方式(プロポーザル方式)による公募について(公告),https://www.pref.kagawa.lg.jp/setouchi/20260724pr.html,L1,1
B,周辺領域,県|香川県,海外展開,令和8年度香川県外国人介護人材受入支援事業審査等業務委託契約に係る公募について（公告）,https://www.pref.kagawa.lg.jp/choju/choju/jigyosya/kobor8.html,L1,1
B,周辺領域,県|香川県,工芸・地域産品,香川県立屋島少年自然の家野外炊事食品提供業務の一般競争入札について,https://www.pref.kagawa.lg.jp/yashimashonen/2025_yasui2.html,L1,1
B,周辺領域,県|香川県,海外展開,香川県立中央病院2026年海外電子ジャーナルの購読契約に係る一般競争入札について,https://www.pref.kagawa.lg.jp/chuobyoin/chuobyoin/20251104gyoumuka01.html,L1,1
B,周辺領域,県|香川県,工芸・地域産品/プロモーション,香川の伝統的工芸品等の魅力発信ウェブサイト構築及び運用・保守業務に係る企画提案方式（プロポーザル方式）による公募について,https://www.pref.kagawa.lg.jp/keiei/jibasangyo/dentoupropo.html,L1,1
B,周辺領域,県|香川県,工芸・地域産品,讃岐・香川の伝統的ものづくり産業応援事業 製造者活動促進支援事業補助金の申込者を募集します！,https://www.pref.kagawa.lg.jp/keiei/jibasangyo/seizoushasienn2025.html,L1,1
B,周辺領域,県|香川県,工芸・地域産品/プロモーション,讃岐・香川の伝統的ものづくり産業応援事業 利用者支援型魅力発信事業補助金を募集します,https://www.pref.kagawa.lg.jp/keiei/jibasangyo/riyoushasienn2025.html,L1,1
B,周辺領域,県|香川県,海外展開/文化・芸術,瀬戸内国際芸術祭2025案内所運営等業務委託契約に係る企画提案方式(プロポーザル方式)による公募について（公告）,https://www.pref.kagawa.lg.jp/setouchi/20240912.html,L1,1
B,周辺領域,県|香川県,工芸・地域産品,令和5年度香川県立屋島少年自然の家野外炊事食品提供委託業務の公募について,https://www.pref.kagawa.lg.jp/yashimashonen/2023_nyusatu/yagaisuizi.html,L1,1
B,周辺領域,県|鳥取県,プロモーション,【調達公告】（令和8年10月～令和9年3月）鳥取県本庁舎への広告掲出,https://www.pref.tottori.lg.jp/329909.htm,L1,1
B,周辺領域,県|鹿児島県,プロモーション,令和8年度「農業・農大魅力アップPR事業」業務委託の企画提案を募集します！,https://www.pref.kagoshima.jp/ag05/miryoku.html,L1,1
B,周辺領域,県|鹿児島県,プロモーション,令和8年度消費者啓発広報事業業務委託に係る企画競争について,https://www.pref.kagoshima.jp/ab11/kurashi-kankyo/syohi/keihatukoho/r08keihatsu.html,L1,1
B,周辺領域,県|鹿児島県,プロモーション,「かごしま黒豚」認知度向上プロモーション業務委託の企画提案の募集について,https://www.pref.kagoshima.jp/ag07/kurobuta_pr02.html,L1,1
B,周辺領域,県|鹿児島県,プロモーション,「かごしま黒豚」飲食店連携プロモーション業務委託の企画提案募集について,https://www.pref.kagoshima.jp/ag07/kurobuta_pr01.html,L1,1
B,周辺領域,県|鹿児島県,プロモーション,「令和８年度鹿児島県バス運賃半額実証キャンペーン（仮称）広報業務」に係る企画提案を募集します,https://www.pref.kagoshima.jp/ac08/bushangaku-koho.html,L1,1
B,周辺領域,県|鹿児島県,プロモーション,【質問に対する回答を掲載！】「原子力防災広報強化事業」業務委託に係る企画提案を募集します！！！,https://www.pref.kagoshima.jp/aj02/genbokouhou.html,L1,1
B,周辺領域,県|鹿児島県,海外展開,【質問書の回答を掲載しました】令和8年度鹿児島県高度外国人材確保推進事業（インド）業務委託に係る企画提案を募集します,https://www.pref.kagoshima.jp/af21/koudojinzai-india.html,L1,1
B,周辺領域,県|鹿児島県,プロモーション,【質問への回答を掲載】令和8年度ライフプラン・動画等広報業務委託企画募集！！,https://www.pref.kagoshima.jp/ae34/lifeplan/2026dougahosyu.html,L1,1
B,周辺領域,県|鹿児島県,海外展開,「令和8年度外国人材のための『かごしま』理解促進動画作成業務委託」に係る企画提案を募集します！,https://www.pref.kagoshima.jp/af21/gaikokujinzai-movie-competition.html,L1,1
B,周辺領域,県|鹿児島県,海外展開,かごしま材輸出体制整備調査業務に係る公募型プロポーザルの実施について,https://www.pref.kagoshima.jp/ad10/sangyo-rodo/kakouryutu/r8yusyututyousa.html,L1,1
B,周辺領域,県|鹿児島県,工芸・地域産品,令和8年度食品関連製造業リーディングカンパニー創出支援事業（経営力ステップアップ支援）業務委託の企画提案を募集します。,https://www.pref.kagoshima.jp/af03/leading-company/r8-stepup-kikakuteian.html,L1,1
B,周辺領域,県|鹿児島県,プロモーション,【質問書への回答を掲載しました】令和8年度「現役学生による『心惹かれる企業』情報発信」業務委託に係る企画提案を募集します,https://www.pref.kagoshima.jp/af23/kigyoumiryoku2026.html,L1,1
B,周辺領域,県|鹿児島県,プロモーション,令和7年度かごしまスポーツ合宿・キャンプガイド広告周知等に係る業務委託の企画提案を募集します！,https://www.pref.kagoshima.jp/ab31/camp.html,L1,1
B,周辺領域,県|鹿児島県,プロモーション,【質問回答掲載しました】「明治日本の産業革命遺産」県内構成資産のプロモーション促進事業業務委託に係る企画提案を募集します！,https://www.pref.kagoshima.jp/ac02/promotion/images/sekaibunnkaisannpuromotion.html,L1,1
B,周辺領域,県|鹿児島県,海外展開,新たな輸出先国への規制対応に向けた調査・実証業務委託公募型プロポーザルの実施について,https://www.pref.kagoshima.jp/ag36/yushutu_2025_america2.html,L1,1
B,周辺領域,県|鹿児島県,プロモーション,東京食肉市場まつり2025PR資材作成業務委託に係る一般競争入札について（公告）,https://www.pref.kagoshima.jp/ag07/tokyo2025pr.html,L1,1
B,周辺領域,県|鹿児島県,プロモーション,大隅産畜産物等の認知度向上に関する業務委託の企画提案を募集します！！,https://www.pref.kagoshima.jp/ao08/chiiki/osumi/sangyo/nougyou/tikusan.html,L1,1
B,周辺領域,県|鹿児島県,工芸・地域産品/プロモーション,【質問への回答を掲載】SHOCHU「伝統的酒造り」PR多言語動画作成業務委託の企画提案について,https://www.pref.kagoshima.jp/af07/shochu/dougasakusei.html,L1,1
B,周辺領域,県|鹿児島県,海外展開,GFP鹿児島による輸出に意欲的な生産者への伴走支援業務委託公募型プロポーザルの実施について,https://www.pref.kagoshima.jp/ag36/yusyutsu_gfp2026.html,L1,1
B,周辺領域,県|鹿児島県,プロモーション,令和8年度「県職員の受験者確保のために実施する広報活動等の企画・運営業務委託」の企画提案を募集します！,https://www.pref.kagoshima.jp/ca01/kensei/saiyo/koho/kikakucompe7-2.html,L1,1
B,周辺領域,県|鹿児島県,プロモーション,令和７年国勢調査広報業務委託に係る企画提案競技の実施について,https://www.pref.kagoshima.jp/ac09/r7/r7kokutyou-kouhouitakukoubo.html,L1,1
B,周辺領域,県|鹿児島県,プロモーション,鹿児島の「推し食材」プロモーション事業業務に係る企画提案について,https://www.pref.kagoshima.jp/af07/koukeishaikusei/documents/oshisyokuzai.html,L1,1
B,周辺領域,県|鹿児島県,プロモーション,「鹿児島県職員紹介パンフレット・PR動画等作成業務委託」の企画提案を募集します！,https://www.pref.kagoshima.jp/ca01/kensei/saiyo/koho/kikakukonper7-sogoannai.html,L1,1
B,周辺領域,県|鹿児島県,プロモーション,【募集は終了しました】「明治日本の産業革命遺産」県内構成資産プロモーション促進事業業務委託に係る企画提案を募集します!,https://www.pref.kagoshima.jp/ac02/promotion/promotion_2026.html,L2,1
