組織,案件名,URL,階層
県|埼玉県,各種手続・入札,https://www.pref.saitama.lg.jp/kense/tetsuzuki/index.html,L1
県|埼玉県,埼玉県電子入札総合案内トップページ（システム入口）,https://www.pref.saitama.lg.jp/a0212/densinyusatsu/index.html,L1
県|埼玉県,電子入札を始めるための準備,https://www.pref.saitama.lg.jp/a0212/densinyusatsu/dounyu.html,L1
県|埼玉県,利用規約／電子入札運用基準／ウェブアクセシビリティ,https://www.pref.saitama.lg.jp/a0212/densinyusatsu/unyoukijun.html,L1
県|埼玉県,システムの操作（模擬入札/操作マニュアル）,https://www.pref.saitama.lg.jp/a0212/densinyusatsu/manual.html,L1
県|埼玉県,入札参加資格申請（工事等）,https://www.pref.saitama.lg.jp/a0212/nyushinkoujitop/index.html,L1
県|埼玉県,入札参加資格申請（物品等）,https://www.pref.saitama.lg.jp/a0212/nyushinbuppintop/index.html,L1
県|埼玉県,電子入札システムへログインした際に【サーバとの接続に失敗しました。】と表示される方へ（PDF）（別ウィンドウで開きます）,https://www.pref.saitama.lg.jp/documents/1694/local-network-access.pdf,L1
県|埼玉県,電子入札システムにおける代表者、住所等変更時の取扱いについて（PDF）（別ウィンドウで開きます）,https://www.pref.saitama.lg.jp/documents/1694/407361_3.pdf,L1
県|埼玉県,入札情報公開システム （別ウィンドウで開きます）,https://ebidjk2.ebid2.pref.saitama.lg.jp/koukai/do/KF000ShowAction,L1
県|埼玉県,競争入札参加資格申請受付システム （別ウィンドウで開きます）,https://ebidjk2.ebid2.pref.saitama.lg.jp/uketsuke/UF000Show.do,L1
県|埼玉県,電子入札システム （別ウィンドウで開きます）,https://ebidjn2.ebid2.pref.saitama.lg.jp/CALS/Accepter/,L1
県|埼玉県,委託訓練最新の募集,https://www.pref.saitama.lg.jp/b0810/itaku-new.html,L1
県|埼玉県,金融経済講演会「先の見えない時代を生き抜くために！みんなで支えるこどもの教育と家計の話」の参加者を募集します（別ウィンドウで開きます）,https://www.pref.saitama.lg.jp/b0304/houdou-oshirase/kouenkai20260926.html,L1
県|埼玉県,物品等競争入札参加資格審査【変更（随時）】,https://www.pref.saitama.lg.jp/a0212/buppin0506/zuizihenkou2.html,L2
県|埼玉県,電子入札システムにおける代表者、住所等変更時の取扱いについて（PDF：100KB）,https://www.pref.saitama.lg.jp/documents/24918/407361_3.pdf,L2
県|埼玉県,埼玉県の電子入札運用基準,https://www.pref.saitama.lg.jp/a0212/densinyusatsu/unyoukijun.html,L2
県|埼玉県,工事等の入札参加資格申請についてはこちらから,https://www.pref.saitama.lg.jp/a0212/nyushinkoujitop/index.html,L2
県|埼玉県,物品等の入札参加資格申請についてはこちらから,https://www.pref.saitama.lg.jp/a0212/nyushinbuppintop/index.html,L2
県|香川県,「四国の新幹線」を対象とするケーススタディの公示（調査受託事業者の公募）の開始について,https://www.pref.kagawa.lg.jp/kotsu/tetsudo/casestudy0807.html,L1
県|香川県,香川県物価高騰等に伴う公共交通利便性向上等支援事業費補助金について（4次募集・先着順）,https://www.pref.kagawa.lg.jp/kotsu/kotsu/topics/r7_6ribensei.html,L1
県|香川県,香川県地域公共交通計画（素案）のパブリック・コメント（意見公募）実施結果,https://www.pref.kagawa.lg.jp/kotsu/kotsukeikaku/publiccomment_kekka.html,L1
県|香川県,瀬戸内国際芸術祭2028作品公募現地見学会を実施します,https://www.pref.kagawa.lg.jp/setouchi/20260827pr.html,L1
県|香川県,フィールド講座「干潟のカニの観察会」参加者募集について,https://www.pref.kagawa.lg.jp/midorihozen/seibutu/topics/20260920field.html,L1
県|香川県,長柄ダム再開発事業建設資材単価調査業務に係る一般競争入札について,https://www.pref.kagawa.lg.jp/chusandoboku/kensetusizaitannkacyousagyumu.html,L1
県|香川県,いきいき健康広場参加者募集,https://www.pref.kagawa.lg.jp/hokeniryodaigaku/tiikirenkei/ikiki.html,L1
県|香川県,令和8年度カワウ生息・行動追跡調査、対策業務の公募について,https://www.pref.kagawa.lg.jp/suisan/sogo/oshirase/r8kawau.html,L1
県|香川県,ダム流入量予測システムの調達に関する資料の招請について,https://www.pref.kagawa.lg.jp/kasensabo/dam/topics/dam_ryuunyuuryouyosoku.html,L1
県|香川県,瀬戸内国際芸術祭2028作品公募を実施します,https://www.pref.kagawa.lg.jp/setouchi/20260806pr.html,L1
県|香川県,栗林公園文化講座「香川のモダンクラフトとジョージ・ナカシマ」受講者募集について,https://www.pref.kagawa.lg.jp/ritsurin/event/260729jyo-jinakasima.html,L1
県|香川県,瀬戸内国際芸術祭2028公式デジタルプラットフォーム制作及び運用等業務委託に係る企画提案方式(プロポーザル方式)による公募について(公告),https://www.pref.kagawa.lg.jp/setouchi/20260724pr.html,L1
県|香川県,ふるさと探検隊参加募集,https://www.pref.kagawa.lg.jp/nosonseibi/furusatohozen/tankentai2026boshu.html,L1
県|香川県,<募集延長＞「観月会」参加者募集,https://www.pref.kagawa.lg.jp/ritsurin/r8kangetsu.html,L1
県|香川県,フィールド講座「セミの抜け殻教室！」参加者募集について,https://www.pref.kagawa.lg.jp/midorihozen/seibutu/topics/20260823field.html,L1
県|香川県,淡水漁業種苗センター跡地除草業務（随意契約の締結後情報）,https://www.pref.kagawa.lg.jp/suisan/sogo/soumuteiketsugo_080715.html,L1
県|香川県,小学生のための夏のライフサイエンス教室参加者募集,https://www.pref.kagawa.lg.jp/hokeniryodaigaku/lifescience.html,L1
県|香川県,瀬戸内少女歌劇団2026 劇団員募集について,https://www.pref.kagawa.lg.jp/setouchi/20260612pr.html,L1
県|香川県,令和8年度香川県外国人介護人材受入支援事業審査等業務委託契約に係る公募について（公告）,https://www.pref.kagawa.lg.jp/choju/choju/jigyosya/kobor8.html,L1
県|香川県,（公募）淡水漁業種苗センター跡地除草業務（契約の締結前情報）,https://www.pref.kagawa.lg.jp/suisan/sogo/soumukoubo_080612.html,L1
県|香川県,（公募）淡水漁業種苗センター跡地除草業務（発注見通し）,https://www.pref.kagawa.lg.jp/suisan/sogo/soumukoubo_0806.html,L1
県|香川県,香川県情報セキュリティクラウドサービスの提供等業務の調達に係る一般競争入札について,https://www.pref.kagawa.lg.jp/joho/20260605.html,L1
県|香川県,県税賦課徴収・調査に関する事務の「特定個人情報保護評価書（全項目評価書）（案）」についてパブリック・コメント（意見公募）を実施します（お知らせ）,https://www.pref.kagawa.lg.jp/zeimu/sogo/topics/r8pia_public_comment_houdouhappyou.html,L1
県|香川県,令和8年度介護職員処遇改善加算等の取得促進支援事業委託契約に係る公募について,https://www.pref.kagawa.lg.jp/choju/choju/jigyosya/08shogukaizenshutokushien.html,L1
県|香川県,香川県基幹系情報システム（電子申請・届出システム）更改及び運用・保守業務に係る仕様書（案）に対する意見等の招請について,https://www.pref.kagawa.lg.jp/digital/denshishinsei.html,L1
県|香川県,香川県基幹系情報システム（公共施設予約決済システム）更改及び運用・保守業務に係る仕様書（案）に対する意見等の招請について,https://www.pref.kagawa.lg.jp/digital/20260518_shisetsuyoyaku.html,L1
県|香川県,粟島海洋記念公園海洋記念館本館改修工事監理業務（R8）の契約締結について,https://www.pref.kagawa.lg.jp/kouryu/park/260401awasimasekoukanri.html,L1
県|香川県,意思疎通支援事業委託契約に係る公募について,https://www.pref.kagawa.lg.jp/shogaifukushi/kenri_yogo/ishisotsukobo.html,L1
県|香川県,令和8年度香川県立屋島少年自然の家屋外清掃（草刈・剪定等）委託業務について（契約締結後情報）,https://www.pref.kagawa.lg.jp/yashimashonen/yasho/2026_okugaiseisou3.html,L1
県|香川県,令和8年度香川県立屋島少年自然の家屋外清掃（草刈・剪定等）委託業務について,https://www.pref.kagawa.lg.jp/yashimashonen/2026_okugaiseisou.html,L1
県|香川県,令和8年度満濃池森林公園松くい虫防除事業（特別伐倒駆除等）業務,https://www.pref.kagawa.lg.jp/rinsei/hogo/nyusatu/r8_mannouike_tokubatsutou.html,L1
県|香川県,本島の屋内作品の定期公開およびボランティアサポーター募集について,https://www.pref.kagawa.lg.jp/setouchi/20260410pr.html,L1
県|香川県,第12次香川県交通安全計画（案）のパブリック・コメント（意見公募）実施結果,https://www.pref.kagawa.lg.jp/kurashi/kotu-anzen/12zikeikaku.html,L1
県|香川県,令和7年度介護分野の職員の賃上げ・職場環境改善支援事業審査等業務委託契約に係る公募について,https://www.pref.kagawa.lg.jp/choju/choju/jigyosya/07koubo_kaigobunya.html,L1
県|香川県,香川県立農業大学校令和8年度学生健康診断業務に係る公募について,https://www.pref.kagawa.lg.jp/nodai/080302.html,L1
県|香川県,令和8年度全天候型常温合材単価契約に係る一般競争入札について,https://www.pref.kagawa.lg.jp/chusandoboku/r8jouongouzai.html,L1
県|香川県,令和8年度河川管理施設安全確保事業西汐入川水門外24箇所保守点検業務委託に係る一般競争入札について,https://www.pref.kagawa.lg.jp/chusandoboku/nishishioiri.html,L1
県|香川県,令和8年度河川管理施設安全確保事業綾川新開潮止堰外21箇所保守点検業務委託に係る一般競争入札について,https://www.pref.kagawa.lg.jp/chusandoboku/ayagawashingai.html,L1
県|香川県,令和8年度県道丸亀詫間豊浜線（白方トンネル）防災設備点検整備業務に係る一般競争入札について,https://www.pref.kagawa.lg.jp/chusandoboku/shirakata.html,L1
県|香川県,令和8年度国道438号（三頭トンネル）防災設備点検整備業務に係る一般競争入札について,https://www.pref.kagawa.lg.jp/chusandoboku/santou.html,L1
県|香川県,令和8年度県道高松坂出線（五色台トンネル（下り線））防災設備点検整備業務に係る一般競争入札について,https://www.pref.kagawa.lg.jp/chusandoboku/goshikidaikudari.html,L1
県|香川県,"令和8年度長柄ダム・田万ダム,ダム管理設備等保守点検業務に係る一般競争入札について",https://www.pref.kagawa.lg.jp/chusandoboku/damukannri8.html,L1
県|香川県,令和8年度県道高松坂出線（五色台トンネル（上り線））防災設備点検整備業務委託に係る一般競争入札,https://www.pref.kagawa.lg.jp/chusandoboku/chusandoboku/goshikinobori.html,L1
県|香川県,令和8年度長柄ダム・田万ダム放流設備保守点検業務に係る一般競争入札について,https://www.pref.kagawa.lg.jp/chusandoboku/houryu8.html,L1
県|香川県,令和8年度香川県坂出合同庁舎及び綾歌職員寮清掃業務に係る一般競争入札について,https://www.pref.kagawa.lg.jp/chusandoboku/seisou8.html,L1
県|香川県,令和8年度香川県坂出合同庁舎建築物環境衛生管理業務に係る一般競争入札について,https://www.pref.kagawa.lg.jp/chusandoboku/kannkyoueisei8.html,L1
県|香川県,令和8年度香川県坂出合同庁舎非常用電源設備及び自家発電設備保守点検業務に係る一般競争入札について,https://www.pref.kagawa.lg.jp/chusandoboku/jikahatu8.html,L1
県|香川県,令和8年度香川県坂出合同庁舎空調設備用自動制御機器及び中央監視装置保守点検業務に係る一般競争入札について,https://www.pref.kagawa.lg.jp/chusandoboku/cyuuoukansi8.html,L1
県|香川県,令和8年度香川県坂出合同庁舎吸収式冷温水発生機保守点検業務に係る一般競争入札について,https://www.pref.kagawa.lg.jp/chusandoboku/reionsui8.html,L1
県|香川県,令和8年度香川県坂出合同庁舎汚水処理施設及び再利用水処理施設保守点検清掃業務に係る一般競争入札について,https://www.pref.kagawa.lg.jp/chusandoboku/osui8.html,L1
県|香川県,令和8年度香川県立保健医療大学学生健康診断業務に係る一般競争入札の実施について,https://www.pref.kagawa.lg.jp/hokeniryodaigaku/260303kenkoushindan.html,L1
県|香川県,香川県立屋島少年自然の家野外炊事食品提供業務の一般競争入札について,https://www.pref.kagawa.lg.jp/yashimashonen/2025_yasui2.html,L1
県|香川県,香川県立屋島少年自然の家パン提供業務の一般競争入札について,https://www.pref.kagawa.lg.jp/yashimashonen/2026_yasui.html,L1
県|香川県,香川県立屋島少年自然の家汁物等提供委託業務の一般競争入札について,https://www.pref.kagawa.lg.jp/yashimashonen/2026_soup.html,L1
県|香川県,Microsoft 365 ライセンス一式の調達について,https://www.pref.kagawa.lg.jp/joho/20260210.html,L1
県|香川県,粟島海洋記念公園海洋記念館本館改修工事監理業務（R7その2）の契約締結について,https://www.pref.kagawa.lg.jp/kouryu/park/251029awasimasekoukanri.html,L1
県|香川県,会計年度職員の募集,https://www.pref.kagawa.lg.jp/kotogijutsu/nyuusatu/syokuinbosyuu.html,L1
県|香川県,屋島少年自然の家主催事業 親子でデイキャンプインスプリング参加募集について,https://www.pref.kagawa.lg.jp/yashimashonen/yasho/syusai/oyakodedaycampinspring.html,L1
県|香川県,令和7年度国有農地等維持管理業務について（契約締結後情報）,https://www.pref.kagawa.lg.jp/noukei16300/kokuyunochi/20260107.html,L1
県|香川県,粟島海洋記念公園海洋記念館本館改修工事監理業務（R7）の契約締結について,https://www.pref.kagawa.lg.jp/kouryu/park/2025awasimasekoukanri.html,L1
県|香川県,香川県立中央病院2026年海外電子ジャーナルの購読契約に係る一般競争入札について,https://www.pref.kagawa.lg.jp/chuobyoin/chuobyoin/20251104gyoumuka01.html,L1
県|香川県,情報通信交流館ソフトウェア一式の購入に係る一般競争入札について,https://www.pref.kagawa.lg.jp/digital/2025_09_10_software.html,L1
県|香川県,瀬戸内少女歌劇団 小中学生の出演者募集について,https://www.pref.kagawa.lg.jp/setouchi/20250901pr_1.html,L1
県|香川県,香川大学医学部周辺用地環境美化業務委託について（契約締結後情報）,https://www.pref.kagawa.lg.jp/imu/soumuiji/r7keiyakuteiketugo.html,L1
県|香川県,地域活力向上のための市町等総合交付金二次募集の採択結果について,https://www.pref.kagawa.lg.jp/chiiki/hojokin/sogokofukinsaitaku2.html,L1
県|香川県,ひびのこづえ×五十嵐ゆうや×小野龍一 「Come and Go in 伊吹島」出演者大募集！！,https://www.pref.kagawa.lg.jp/setouchi/20250522pr-2.html,L1
県|香川県,香川の伝統的工芸品等の魅力発信ウェブサイト構築及び運用・保守業務に係る企画提案方式（プロポーザル方式）による公募について,https://www.pref.kagawa.lg.jp/keiei/jibasangyo/dentoupropo.html,L1
県|香川県,淡水漁業種苗センター跡地除草業務について（発注見通し）,https://www.pref.kagawa.lg.jp/suisan/sogo/soumukoubo_0705.html,L1
県|香川県,「スーパー讃岐っ子育成事業」令和7年度スーパー讃岐っ子の参加者を募集します！,https://www.pref.kagawa.lg.jp/kenkyoui/hokentaiiku/sports/sanukikkoboshuu.html,L1
県|香川県,―瀬戸内国際芸術祭若手芸術家育成プログラム－ 「令和７年度 瀬戸内アート塾」(6/20～29)塾生募集のお知らせ,https://www.pref.kagawa.lg.jp/setouchi/20250507pr.html,L1
県|香川県,令和7年度香川県立屋島少年自然の家屋外清掃（草刈・剪定等）委託業務について（契約締結前情報）,https://www.pref.kagawa.lg.jp/yashimashonen/yasho/2025_okugaiseisou.html,L1
県|香川県,瀬戸内国際芸術祭2025県内連携事業「くるりアートかがわ」事業開始及び対象イベントの追加公募について,https://www.pref.kagawa.lg.jp/setouchi/20250410pr.html,L1
県|香川県,瀬戸内少女歌劇団 団員募集のお知らせ,https://www.pref.kagawa.lg.jp/setouchi/20250401pr.html,L1
県|香川県,讃岐・香川の伝統的ものづくり産業応援事業 製造者活動促進支援事業補助金の申込者を募集します！,https://www.pref.kagawa.lg.jp/keiei/jibasangyo/seizoushasienn2025.html,L1
県|香川県,讃岐・香川の伝統的ものづくり産業応援事業 利用者支援型魅力発信事業補助金を募集します,https://www.pref.kagawa.lg.jp/keiei/jibasangyo/riyoushasienn2025.html,L1
県|香川県,令和8年度香川県砂防情報システム保守管理業務委託の一般競争入札について,https://www.pref.kagawa.lg.jp/kasensabo/sabou_hosyu.html,L1
県|香川県,令和8年度香川県砂防情報システム施設点検業務委託の一般競争入札について,https://www.pref.kagawa.lg.jp/kasensabo/sabou_sisetutenken.html,L1
県|香川県,令和8年度香川県水防情報システム保守管理業務委託の一般競争入札について,https://www.pref.kagawa.lg.jp/kasensabo/suibou_hosyu.html,L1
県|香川県,令和8年度香川県水防情報システム施設点検業務委託の一般競争入札について,https://www.pref.kagawa.lg.jp/kasensabo/suiboujyouhousisutemu_hosyu.html,L1
県|香川県,香川県業務用パソコン等の借入れについて,https://www.pref.kagawa.lg.jp/joho/20250304.html,L1
県|香川県,香川県坂出合同庁舎ラック型非常用放送設備取替その他業務に係る一般競争入札について,https://www.pref.kagawa.lg.jp/chusandoboku/2345.html,L1
県|香川県,香川県生活困窮者・被保護者就労準備支援事業業務に係る一般競争入札について,https://www.pref.kagawa.lg.jp/hokenhukushi/livelihood/r7_zyunbi_nyuusatsu.html,L1
県|香川県,被保護者就労支援業務に係る一般競争入札について,https://www.pref.kagawa.lg.jp/hokenhukushi/livelihood/r7_syuurou_nyuusatsu.html,L1
県|香川県,Microsoft365 E3（teamsを含む）ライセンス（4か月）の購入に係る一般競争入札について,https://www.pref.kagawa.lg.jp/joho/20250219.html,L1
県|香川県,香川県立屋島少年自然の家弁当提供委託業務契約の企画提案方式（プロポーザル方式）による公募について,https://www.pref.kagawa.lg.jp/yashimashonen/2025_bento.html,L1
県|香川県,ノーコードツール等ライセンスの購入に係る一般競争入札について,https://www.pref.kagawa.lg.jp/digital/20250213_nocode.html,L1
県|香川県,瀬戸内国際芸術祭2025警備関連業務に係る一般競争入札について,https://www.pref.kagawa.lg.jp/setouchi/061101.html,L1
県|香川県,瀬戸内国際芸術祭2025県内連携事業「くるりアートかがわ」対象イベント等の公募について,https://www.pref.kagawa.lg.jp/setouchi/20241024pr.html,L1
県|香川県,瀬戸内国際芸術祭2025案内所運営等業務委託契約に係る企画提案方式(プロポーザル方式)による公募について（公告）,https://www.pref.kagawa.lg.jp/setouchi/20240912.html,L1
県|香川県,香川県立屋島少年自然の家A重油単価契約の一般競争入札について,https://www.pref.kagawa.lg.jp/yashimashonen/2023_nyusatu/2024jyuuyu2nd.html,L1
県|香川県,香川県立中央病院「売店」「食堂」「床頭台等設置管理」「患者用病衣貸出」等運営事業者の公募について,https://www.pref.kagawa.lg.jp/chuobyoin/chuobyoin/20240530gyoumuka01.html,L1
県|香川県,香川県立屋島少年自然の家屋外清掃（草刈・剪定等）業務委託について（契約締結後情報）,https://www.pref.kagawa.lg.jp/yashimashonen/yasho/2024okugaiseisou_teiketugojouho.html,L1
県|香川県,令和6年度香川県立屋島少年自然の家屋外清掃（草刈・剪定等）委託業務について,https://www.pref.kagawa.lg.jp/yashimashonen/2024_okugaiseisou.html,L1
県|香川県,令和5年度丸亀病院4病棟第3トイレ改修業務に係る一般競争入札について,https://www.pref.kagawa.lg.jp/marugamebyoin/2023toire.html,L1
県|香川県,令和7年度「瀬戸内海環境保全推進」ポスター募集！,https://www.pref.kagawa.lg.jp/kankyokanri/kankyouhozen-poster/bosyuu.html,L1
県|香川県,令和6年度香川県水防情報システム保守管理業務委託の一般競争入札について,https://www.pref.kagawa.lg.jp/kasensabo/suiboujyouhousisutemuhosyukannri.html,L1
県|香川県,令和5年度香川県立屋島少年自然の家野外炊事食品提供委託業務の公募について,https://www.pref.kagawa.lg.jp/yashimashonen/2023_nyusatu/yagaisuizi.html,L1
県|香川県,（防災・安全社会資本整備交付金）香川県水防情報システム改修工事 建設資材単価調査業務の一般競争入札について,https://www.pref.kagawa.lg.jp/kasensabo/suiboutannka.html,L1
県|香川県,香川県物品調達情報,https://www.pref.kagawa.lg.jp/soumujimu/choutatu/kfvn.html,L1
県|香川県,電子入札制度,https://www.pref.kagawa.lg.jp/soumujimu/choutatu/denshi.html,L1
県|香川県,競争入札参加資格（PDF：145KB）,https://www.pref.kagawa.lg.jp/documents/61050/20260401_hitsuyou-shikaku.pdf,L1
県|香川県,令和8年度の物品の買入れ等に係る特定調達契約の競争入札参加資格及び資格審査の申請方法等について（PDF：296KB）,https://www.pref.kagawa.lg.jp/documents/61050/k45.pdf,L1
県|香川県,入札・契約制度,https://www.pref.kagawa.lg.jp/soumujimu/choutatu/nyusatu.html,L1
県|香川県,かがわ電子入札システム（外部サイトへリンク）,https://dennyu.pref.kagawa.lg.jp/index_b.html,L1
県|香川県,一般競争入札情報,https://www.pref.kagawa.lg.jp/cgi-bin/page/list.php?tpl_type=2&amp;page_type=5,L1
県|香川県,入札参加資格申請手続き,https://www.pref.kagawa.lg.jp/soumujimu/nyusatu/s51w35171212184707.html,L1
県|香川県,令和9・10・11年香川県物品の買入れ等の契約に係る競争入札参加資格審査申請手続きについて,https://www.pref.kagawa.lg.jp/soumujimu/choutatu/9koushin2.html,L1
県|香川県,令和6・7・8年香川県物品の買入れ等の契約に係る競争入札参加資格審査申請手続きについて,https://www.pref.kagawa.lg.jp/soumujimu/choutatu/kousinn1.html,L1
県|香川県,入札・見積情報,https://www.pref.kagawa.lg.jp/soumujimu/choutatu/joho/index.html,L1
県|香川県,"募集要領（PDF：1,738KB）",https://www.pref.kagawa.lg.jp/documents/61096/youryour8-2.pdf,L1
県|香川県,"令和8年度かがわ中小事業者CO2CO2削減支援補助金募集要領（PDF：1,738KB）",https://www.pref.kagawa.lg.jp/documents/61096/youryour8-2.pdf,L1
県|香川県,「香川県太陽光発電施設の設置等に関するガイドラインの改正（案）」のパブリック・コメント（意見公募）実施結果,https://www.pref.kagawa.lg.jp/kankyoseisaku/chikyu/saiene/guidelinepublic260331.html,L1
県|香川県,かがわスマートグリーン・バンク（太陽光発電）のJ-クレジット購入者募集について【令和7年度】,https://www.pref.kagawa.lg.jp/kankyoseisaku/chikyu/saiene/sumaguribaikyaku.html,L1
外郭|佐賀,休日の依頼業務対応について,https://www.saga-itc.jp/goshokai/_1174.html,L1
外郭|佐賀,佐賀県職員募集サイト,https://www.pref.saga.lg.jp/kiji003112758/index.html,L1
外郭|佐賀,（※休日の業務依頼について）,https://www.saga-itc.jp/goshokai/_1174.html,L1
外郭|佐賀,摺動部品の材料選定のために滑りやすさを比較しました,https://www.saga-itc.jp/var/rev0/0007/4346/12_friction_wear_tester.pdf,L2
外郭|佐賀,佐賀県職員（工業）の募集のお知らせ,https://www.saga-itc.jp/index/news/2026_shinchaku/shokuin_boshu.html,L2
外郭|佐賀,「受託研究」の課題を募集しています（令和８年度）,https://www.saga-itc.jp/goriyoannai/_1019/jutaku_kenkyuu.html,L2
外郭|佐賀,「萌芽的独創研究」の課題を募集しています（令和８年度）,https://www.saga-itc.jp/goriyoannai/_1019/houga_kenkyuu.html,L2
市|suginami区,杉並区非常勤職員の募集,https://www.city.suginami.tokyo.jp/kusei/jinji/saiyo/hijoukinboshuu/index.html,L1
市|suginami区,杉並区会計年度任用職員（専門職）【言語聴覚士】募集案内（PDF：265KB）,https://www.city.suginami.tokyo.jp/documents/28619/1101bosyuu.pdf,L1
市|suginami区,【令和8年11月1日付採用】こども発達センター会計年度任用職員（専門職）【言語聴覚士】を募集します（2026年8月21日）,https://www.city.suginami.tokyo.jp/s036/news/28619.html,L1
市|suginami区,令和8年度（仮称）ケアハウス今川運営事業者候補者の公募を開始します（2026年8月26日）,https://www.city.suginami.tokyo.jp/s038/28590.html,L1
市|suginami区,令和8年度小学生名寄自然体験交流事業 参加者を募集します（2026年8月26日）,https://www.city.suginami.tokyo.jp/s113/news/28606.html,L1
市|suginami区,杉並区立保育園・子供園における給食調理業務および用務業務委託の新規入札参加登録事業者を募集します（2026年8月21日）,https://www.city.suginami.tokyo.jp/s058/news/28524.html,L1
市|suginami区,【令和8年11月1日付採用】児童相談所設置準備課短時間会計年度任用職員（生活支援員）を募集します（2026年8月21日更新）,https://www.city.suginami.tokyo.jp/s057/27287.html,L1
市|suginami区,【令和8年11月1日採用】通常学級支援員・特別支援学級（学校）介助員〔会計年度任用職員（短時間）〕を募集します（2026年8月21日）,https://www.city.suginami.tokyo.jp/s110/news/28444.html,L1
市|suginami区,【令和8年11月1日付採用】杉並区適応指導教室（宮前教室）産休代替 会計年度任用職員（一般）【教育相談担当】 を募集します（2026年8月21日）,https://www.city.suginami.tokyo.jp/s110/28628.html,L1
市|suginami区,保健予防課 会計年度任用職員（臨時）【事務補助】を募集します（2026年8月20日）,https://www.city.suginami.tokyo.jp/s047/news/28307.html,L1
市|suginami区,【募集終了】〔9月5日開催〕区政を話し合う会「聴っくオフ・ミーティング」の参加者を募集します（2026年8月15日更新）,https://www.city.suginami.tokyo.jp/s013/27001.html,L1
市|suginami区,杉並区中学校対抗駅伝大会2026 協賛を募集します（2026年8月15日）,https://www.city.suginami.tokyo.jp/s032/news/21282.html,L1
市|suginami区,重度身体障害者入所施設「マイルドハート高円寺（なでしこ）」「永福南社会福祉ガーデン」の入所希望者を募集します（2026年8月15日）,https://www.city.suginami.tokyo.jp/s037/news/27372.html,L1
市|suginami区,地域の子どもの成長を一緒に見守りませんか（ファミリー・サポート・センター協力会員募集）（2026年8月15日）,https://www.city.suginami.tokyo.jp/s054/news/27165.html,L1
市|suginami区,【令和8年11月1日付採用】児童相談所設置準備課会計年度任用職員（夜間指導員）を募集します（2026年8月15日）,https://www.city.suginami.tokyo.jp/s057/27286.html,L1
市|suginami区,【令和8年11月1日付採用】児童相談所設置準備課会計年度任用職員（学習指導員）を募集します（2026年8月15日）,https://www.city.suginami.tokyo.jp/s057/news/28081.html,L1
市|suginami区,【令和8年11月1日付採用】児童相談所設置準備課 会計年度任用職員（養育家庭支援専門員）を募集します（2026年8月15日）,https://www.city.suginami.tokyo.jp/s057/28217.html,L1
市|suginami区,（仮称）下井草まちづくりラボの参加者を追加募集します（2026年8月15日）,https://www.city.suginami.tokyo.jp/s094/news/27400.html,L1
市|suginami区,特別区立幼稚園臨時的任用教員採用候補者を募集します（2026年8月13日）,https://www.city.suginami.tokyo.jp/s108/news/24821.html,L1
市|suginami区,杉並区プレミアム付商品券の取扱店舗を募集します（2026年8月10日更新）,https://www.city.suginami.tokyo.jp/s033/news/25508.html,L1
市|suginami区,「高円寺地域アンケート設計会議」の参加者を募集します（2026年8月10日）,https://www.city.suginami.tokyo.jp/s098/news/28184.html,L1
市|suginami区,子ども政策担当課 会計年度任用職員（一般）【子どもの権利相談員】を募集します（2026年8月7日）,https://www.city.suginami.tokyo.jp/s053/news/28158.html,L1
市|suginami区,低額所得者向け賃貸住宅の入居者を募集します（2026年8月5日更新）,https://www.city.suginami.tokyo.jp/s093/news/20418.html,L1
市|suginami区,（追加募集）【令和8年8月1日以降随時採用】区立保育園等における会計年度任用職員（短時間）を募集します（2026年8月3日更新）,https://www.city.suginami.tokyo.jp/s058/news/24962.html,L1
市|suginami区,杉並区職員（看護師2類）を募集します（2026年8月1日）,https://www.city.suginami.tokyo.jp/s010/news/27036.html,L1
市|suginami区,（仮称）ミライバ（子どものミライ×話し合いのバ）ワークショップ形式の参加者を募集します（2026年8月1日）,https://www.city.suginami.tokyo.jp/s053/news/27183.html,L1
市|suginami区,第73回杉並区総合文化祭 作品・参加者を募集します（2026年8月1日）,https://www.city.suginami.tokyo.jp/s113/news/27074.html,L1
市|suginami区,（追加募集）【令和8年8月1日以降随時採用】区立保育園等における会計年度任用職員（臨時）【保育補助】を募集します（2026年7月21日更新）,https://www.city.suginami.tokyo.jp/s058/news/25653.html,L1
市|suginami区,【決定しました】広告付きおくやみハンドブック無償提供者の募集（2026年7月17日更新）,https://www.city.suginami.tokyo.jp/s018/news/27107.html,L1
市|suginami区,平和のためのポスターコンクール作品を募集します（2026年7月15日）,https://www.city.suginami.tokyo.jp/s016/news/26588.html,L1
市|suginami区,平和施策に関する区民懇談会委員を募集します（2026年7月15日）,https://www.city.suginami.tokyo.jp/s016/news/26601.html,L1
市|suginami区,街角ピアノ＠セシオン杉並まつり 青柳いづみこさんに聴いてもらおう演奏者を募集します（2026年7月15日）,https://www.city.suginami.tokyo.jp/s024/news/26961.html,L1
市|suginami区,食品ロス削減に取り組む飲食店等を募集します（2026年7月15日）,https://www.city.suginami.tokyo.jp/s104/news/26973.html,L1
市|suginami区,考えよう！伝えよう！いじめ防止アイデア作品大募集！（2026年7月13日）,https://www.city.suginami.tokyo.jp/s108/news/27717.html,L1
市|suginami区,【下高井戸区民集会所まつり】出演者、出店・出展者を募集します（2026年7月5日）,https://www.city.suginami.tokyo.jp/s026/news/27358.html,L1
市|suginami区,令和8年度 障害者就労施設等からの物品等の調達について（2026年7月3日）,https://www.city.suginami.tokyo.jp/s037/news/27577.html,L1
市|suginami区,【すぎなみフェスタ2026】協賛、テント出展・出店者、ステージ出演者を募集します（2026年7月1日）,https://www.city.suginami.tokyo.jp/s019/news/27381.html,L1
市|suginami区,第3回杉並ふれあい農業推進絵画コンクール作品を募集します（2026年7月1日）,https://www.city.suginami.tokyo.jp/s121/news/26487.html,L1
市|suginami区,「夏のボランティア体験2026」参加者を募集します（2026年7月1日）,https://www.city.suginami.tokyo.jp/s034/news/26567.html,L1
市|suginami区,区立児童館等アルバイト登録〔杉並区会計年度任用職員（臨時）【児童指導補助】採用選考〕を募集します（2026年7月1日）,https://www.city.suginami.tokyo.jp/s059/news/26623.html,L1
市|suginami区,すぎなみエコチャレンジの参加者を募集します（2026年7月1日）,https://www.city.suginami.tokyo.jp/s103/news/26568.html,L1
市|suginami区,「かんきょうアイデア展2026」の作品を募集します（2026年7月1日）,https://www.city.suginami.tokyo.jp/s103/news/26569.html,L1
市|suginami区,第73回杉並区総合文化祭 作品・参加者を募集します（2026年7月1日）,https://www.city.suginami.tokyo.jp/s113/news/27051.html,L1
市|suginami区,第27回 杉並区図書館を使った調べる学習コンクール作品募集（2026年7月1日）,https://www.city.suginami.tokyo.jp/s116/news/26190.html,L1
市|suginami区,NPO法人すぎなみ環境ネットワークボランティア「広報委員」を募集します（2026年6月15日）,https://www.city.suginami.tokyo.jp/s103/news/26332.html,L1
市|suginami区,（仮称）下井草まちづくりラボの参加者を追加募集します（2026年6月1日）,https://www.city.suginami.tokyo.jp/s094/news/25990.html,L1
市|suginami区,第73回杉並区総合文化祭 短歌大会出詠者を募集します（2026年6月1日）,https://www.city.suginami.tokyo.jp/s113/news/26855.html,L1
市|suginami区,【第1回募集中】創業スタートアップ助成（5月30日更新）,https://www.city.suginami.tokyo.jp/s121/news/24844.html,L1
市|suginami区,（追加募集）【令和8年6月1日以降随時採用】会計年度任用職員（一般）【保育士・子供園保育職】を募集します（2026年5月20日）,https://www.city.suginami.tokyo.jp/s058/news/25659.html,L1
市|suginami区,令和8年度杉並区文化芸術活動助成金対象事業を募集します（2026年4月15日）,https://www.city.suginami.tokyo.jp/s030/news/25128.html,L1
市|suginami区,戦没者遺族の慰霊巡拝参加者を募集します（2026年4月15日）,https://www.city.suginami.tokyo.jp/s034/news/19172.html,L1
市|suginami区,ゆう杉並Official Vocal（オフィシャル ボーカル）メンバーを募集します（2026年4月15日）,https://www.city.suginami.tokyo.jp/s059/news/25169.html,L1
市|suginami区,ゆう杉並Official（オフィシャル）演劇メンバーを募集します（2026年4月15日）,https://www.city.suginami.tokyo.jp/s059/news/25175.html,L1
市|suginami区,パートタイマー・アルバイト（会計年度任用職員）を募集します（2026年4月1日）,https://www.city.suginami.tokyo.jp/s010/19566.html,L1
市|suginami区,「選定療養費補助制度」を創設しました（2026年4月1日）,https://www.city.suginami.tokyo.jp/s109/news/25575.html,L1
市|suginami区,中学校夜間学級の生徒を募集します（2026年3月15日）,https://www.city.suginami.tokyo.jp/s109/news/24811.html,L1
市|suginami区,区立障害者交流館運営管理委託に関する調査結果と区の責任等に対する考え方について（2025年12月16日）,https://www.city.suginami.tokyo.jp/s037/news/24352.html,L1
市|suginami区,令和8年度学童クラブ入会児童を募集します（2025年11月15日、12月2日更新）,https://www.city.suginami.tokyo.jp/s059/news/22688.html,L1
市|suginami区,（仮称）デザイン会議 まちづくりに関する講演会の参加者を募集します（2025年11月15日）,https://www.city.suginami.tokyo.jp/s094/news/22881.html,L1
市|suginami区,ゆう杉並Official（オフィシャル）演劇メンバーを募集します（2025年4月15日）,https://www.city.suginami.tokyo.jp/s059/news/17541.html,L1
市|suginami区,ゆう杉並Official Vocal（オフィシャル ボーカル）メンバーを募集します（2025年4月15日）,https://www.city.suginami.tokyo.jp/s059/news/17542.html,L1
市|suginami区,【南阿佐ケ谷地域】第1回（仮称）デザイン会議開催報告と運営スタッフの募集について（6年11月6日）,https://www.city.suginami.tokyo.jp/s094/news/17525.html,L1
市|suginami区,令和8年度（仮称）ケアハウス今川運営事業者公募型プロポーザルの実施について,https://www.city.suginami.tokyo.jp/s038/28596.html,L1
市|suginami区,入札・公売・契約,https://www.city.suginami.tokyo.jp/shigoto/nyuusatsu/index.html,L1
市|suginami区,プロポーザル案件,https://www.city.suginami.tokyo.jp/nyuusatsuoshirase/proposal/index.html,L1
市|suginami区,区有財産貸付・売却に係る一般競争入札（紙入札）,https://www.city.suginami.tokyo.jp/s011/8322.html,L1
市|suginami区,入札・契約関連情報,https://www.city.suginami.tokyo.jp/nyuusatsuoshirase/kanrenjouhou/index.html,L1
市|suginami区,杉並区立子ども・子育てプラザ和泉における一時預かり事業運営業務公募型プロポーザル,https://www.city.suginami.tokyo.jp/s054/27850.html,L1
市|suginami区,杉並区立子ども・子育てプラザ善福寺における一時預かり事業運営業務公募型プロポーザル,https://www.city.suginami.tokyo.jp/s054/27853.html,L1
市|suginami区,杉並区放課後等居場所事業運営業務公募型プロポーザル,https://www.city.suginami.tokyo.jp/s059/27729.html,L1
市|suginami区,杉並区立学童クラブ及び放課後等居場所事業おやつ提供業務公募型プロポーザル,https://www.city.suginami.tokyo.jp/s059/28238.html,L1
市|suginami区,杉並区里親フォスタリング業務公募型プロポーザル,https://www.city.suginami.tokyo.jp/s057/23623.html,L1
市|suginami区,電子調達サービス（東京電子自治体共同運営）,https://www.e-tokyo.lg.jp/choutatu_ppij/cmn/tmg/cmn/jsp/indexQ.jsp,L1
市|suginami区,入札情報サービス（東京電子自治体共同運営）,https://www.e-tokyo.lg.jp/choutatu_ppij/ppij/pub,L1
市|suginami区,電子入札案件（令和8年2月2日公告分）（PDF：147KB）,https://www.city.suginami.tokyo.jp/documents/11757/080202kouhyou_2.pdf,L1
市|suginami区,電子入札案件（令和8年2月4日公告分）（PDF：222KB）,https://www.city.suginami.tokyo.jp/documents/11757/080204koukoku.pdf,L1
市|suginami区,電子入札案件（令和8年2月16日公告分）（PDF：115KB）,https://www.city.suginami.tokyo.jp/documents/11757/080216nyuusatuitiran.pdf,L1
市|suginami区,電子入札案件（令和8年2月18日公告分）（PDF：86KB）,https://www.city.suginami.tokyo.jp/documents/11757/20260218koukoku.pdf,L1
市|suginami区,個人情報を取り扱う業務を受託しようとする事業者の皆さんへ,https://www.city.suginami.tokyo.jp/s011/8375.html,L1
市|suginami区,再委託承認基準,https://www.city.suginami.tokyo.jp/s011/8372.html,L1
市|奈良,入札・契約・事業者募集,https://www.city.nara.lg.jp/life/5/35/,L1
市|奈良,令和8年 奈良市基盤地図データ更新等業務委託に係る一般競争入札について,https://www.city.nara.lg.jp/soshiki/6/272768.html,L1
市|奈良,令和9年3月度端末機器等の賃貸借にかかる一般競争入札の結果について,https://www.city.nara.lg.jp/soshiki/6/273637.html,L1
市|奈良,令和8年度 奈良市DX人材養成事業業務委託 公募型プロポーザルの結果について,https://www.city.nara.lg.jp/soshiki/109/268055.html,L1
市|奈良,「子どもの体験支援事業業務委託」について、公募型プロポーザルを実施します【質問への回答追加】,https://www.city.nara.lg.jp/soshiki/91/210550.html,L1
市|奈良,蛍光管処理業務委託に係る一般競争入札について（令和8年度分）,https://www.city.nara.lg.jp/soshiki/131/273427.html,L1
市|奈良,契約課の入札・契約情報（物品・建設工事）,https://www.city.nara.lg.jp/site/nyusatu-keiyaku/,L1
市|奈良,契約課以外の入札・契約情報（その他）,https://www.city.nara.lg.jp/life/5/35/143/,L1
市|奈良,プロポーザル（提案募集）,https://www.city.nara.lg.jp/life/5/35/141/,L1
市|奈良,企業局の入札・契約情報（リンク）,http://www.h2o.nara.nara.jp/bid.html,L1
市|奈良,広告募集情報,https://www.city.nara.lg.jp/life/5/36/144/,L1
市|奈良,就業・雇用・人材募集,https://www.city.nara.lg.jp/life/5/38/152/,L1
市|奈良,入札参加資格者一覧表（物品、建設工事、コンサル）,https://www.city.nara.lg.jp/site/nyusatu-keiyaku/232714.html,L1
市|奈良,奈良市電子入札システム,https://www.city.nara.lg.jp/site/nyusatu-keiyaku/61696.html,L1
市|奈良,令和8年度 微小粒子状物質（ＰＭ2.5）成分分析業務に係る一般競争入札の結果について,https://www.city.nara.lg.jp/soshiki/96/211790.html,L1
市|奈良,「奈良市立神功こども園給食調理業務委託」についての一般競争入札を実施します。,https://www.city.nara.lg.jp/soshiki/41/272230.html,L1
市|奈良,契約課以外の入札・契約情報（その他）の一覧,https://www.city.nara.lg.jp/life/5/35/143/,L1
市|奈良,官民連携による奈良市環境都市ビジョン具現化及び事業スキーム構築等支援業務委託について、公募型プロポーザルを実施します,https://www.city.nara.lg.jp/soshiki/106/272718.html,L1
市|奈良,奈良市鼓阪小学校跡地を活用した周辺地域活性化構想策定支援業務委託について、公募型プロポーザルを実施します,https://www.city.nara.lg.jp/soshiki/4/273157.html,L1
市|奈良,奈良市鼓阪小学校跡地を活用した周辺地域活性化構想策定支援業務委託に係るプロポーザル審査委員会,https://www.city.nara.lg.jp/soshiki/4/273188.html,L1
市|奈良,プロポーザル（提案募集）の一覧,https://www.city.nara.lg.jp/life/5/35/141/,L1
市|奈良,企業局の入札・契約情報,http://www.h2o.nara.nara.jp/bid.html,L1
市|奈良,工事請負契約における設計変更ガイドラインについて,https://www.city.nara.lg.jp/soshiki/10/10554.html,L1
市|奈良,奈良市児童館4館指定管理者選定委員会について,https://www.city.nara.lg.jp/soshiki/181/256354.html,L1
市|奈良,勤労者総合福祉センターの指定管理者の候補者の選定について,https://www.city.nara.lg.jp/site/siteikanri/257571.html,L1
市|奈良,奈良市七条コミュニティスポーツ会館に係る奈良市指定管理者選定委員会の開催について,https://www.city.nara.lg.jp/site/siteikanri/254567.html,L1
市|奈良,奈良市七条コミュニティスポーツ会館の指定管理者の候補者の選定について,https://www.city.nara.lg.jp/site/siteikanri/255610.html,L1
市|奈良,奈良市南紀寺コミュニティスポーツ会館他8施設に係る奈良市指定管理者選定委員会の開催について（終了しました）,https://www.city.nara.lg.jp/site/siteikanri/248093.html,L1
市|奈良,先着順公募によるため池の売払い,https://www.city.nara.lg.jp/soshiki/12/263072.html,L1
市|奈良,入札説明書 [Wordファイル／36KB],https://www.city.nara.lg.jp/uploaded/life/272768_610577_misc.docx,L1
市|奈良,(1)企画提案応募書【様式1】 [Wordファイル／19KB],https://www.city.nara.lg.jp/uploaded/attachment/213104.docx,L1
市|奈良,(2)企画提案書【様式1別紙】 [Wordファイル／43KB],https://www.city.nara.lg.jp/uploaded/attachment/213105.docx,L1
市|奈良,奈良市ふるさと納税返礼品に係る 「商品開発・販路拡大等補助金」事業者提案募集要項 [PDFファイル／368KB],https://www.city.nara.lg.jp/uploaded/attachment/213329.pdf,L1
市|奈良,奈良しみんだよりの編集協力者を募集,https://www.city.nara.lg.jp/site/shimindayori/179314.html,L1
市|奈良,親子で学ぶさとやま体験inならやま 参加募集,https://www.city.nara.lg.jp/soshiki/110/270683.html,L2
市|奈良,再生資源化処理作業用フォークリフトの賃貸借について一般競争入札を実施します【入札参加を締め切りました】,https://www.city.nara.lg.jp/soshiki/99/270851.html,L2
市|奈良,「公園遊具定期点検業務委託（その2）」について一般競争入札を実施します※入札終了しました,https://www.city.nara.lg.jp/soshiki/115/270364.html,L2
市|奈良,「公園遊具定期点検業務委託（その1）」について一般競争入札を実施します※入札終了しました,https://www.city.nara.lg.jp/soshiki/115/270290.html,L2
市|奈良,奈良市避難行動要支援者支援システム構築業務及び計画作成等に係る支援業務委託に係る一般競争入札について,https://www.city.nara.lg.jp/soshiki/33/270812.html,L2
市|奈良,【取扱店舗募集開始】奈良市物価高騰対策プレミアム付商品券について,https://www.city.nara.lg.jp/soshiki/109/272484.html,L2
市|奈良,「令和8年度奈良市表彰式用金杯及び洋銀杯の製造業務」について一般競争入札を実施します,https://www.city.nara.lg.jp/soshiki/3/271557.html,L2
市|奈良,令和8年度 奈良市人材確保支援事業業務委託について、一般競争入札の結果を公開します,https://www.city.nara.lg.jp/soshiki/109/268331.html,L2
市|奈良,令和8年度 環境騒音等測定業務に係る一般競争入札の結果について,https://www.city.nara.lg.jp/soshiki/96/186171.html,L2
市|奈良,【募集は終了しました】NARA STAR PROJECT（経営者・起業家育成プロジェクト）第10期生を募集しています！,https://www.city.nara.lg.jp/soshiki/109/60374.html,L2
市|奈良,「奈良市認知症高齢者等AI相談事業業務委託」公募型プロポーザルの結果について,https://www.city.nara.lg.jp/soshiki/33/271383.html,L2
市|奈良,奈良市役所本庁舎での食堂・売店・書店の運営に係る公募型プロポーザルの実施について,https://www.city.nara.lg.jp/soshiki/5/270963.html,L2
市|奈良,令和8年度「史跡大安寺旧境内保存用地取得事業嘱託登記業務 発注番号(4)」にかかる一般競争入札の結果を公開します。,https://www.city.nara.lg.jp/site/bunkazai/271550.html,L2
市|奈良,（終了しました）鼓阪小学校嘱託登記業務に係る一般競争入札について,https://www.city.nara.lg.jp/soshiki/165/271375.html,L2
市|奈良,【終了しました】メタバース空間を活用した不登校支援事業に係る総合評価落札方式一般競争入札,https://www.city.nara.lg.jp/soshiki/139/213346.html,L2
市|奈良,障害福祉サービス等事業所における業務継続計画（BCP）ガイドラインについて,https://www.city.nara.lg.jp/site/jigyousho/128812.html,L2
市|奈良,（終了しました）奈良市幼児健康診査（1歳7か月児・3歳6か月児）における保健師派遣業務委託について一般競争入札を実施します,https://www.city.nara.lg.jp/soshiki/95/263575.html,L2
市|奈良,「奈良市本庁舎屋外防犯カメラ等システム賃貸借」に係る一般競争入札の実施について,https://www.city.nara.lg.jp/soshiki/12/269518.html,L2
市|奈良,【開札録】「令和8年度 奈良市ＰＨＲを活用した保健指導業務委託」について一般競争入札を実施します。,https://www.city.nara.lg.jp/soshiki/94/267494.html,L2
市|奈良,「奈良市高の原第四自転車駐車場入退場ゲート等賃貸借及び運用管理業務」の一般競争入札の結果について,https://www.city.nara.lg.jp/site/kankyoseisaku/269348.html,L2
市|奈良,（入札終了しました。）「平城第4号近隣公園上池環境改善に係る整備検討業務委託」について一般競争入札を実施します,https://www.city.nara.lg.jp/soshiki/115/266467.html,L2
市|奈良,令和8年度「史跡大安寺旧境内保存用地取得事業嘱託登記業務」にかかる一般競争入札の結果を公開します。,https://www.city.nara.lg.jp/site/bunkazai/232659.html,L2
市|奈良,「奈良市中筋自転車駐車場管理運営業務委託」の一般競争入札の結果について,https://www.city.nara.lg.jp/site/kankyoseisaku/207268.html,L2
市|奈良,総合税システム周辺機器賃貸借に係る一般競争入札を実施します,https://www.city.nara.lg.jp/soshiki/13/265760.html,L2
市|奈良,設計委託業務検査について,https://www.city.nara.lg.jp/soshiki/10/9357.html,L2
市|奈良,【受付終了】先着順公募による市有地の売払い,https://www.city.nara.lg.jp/soshiki/180/242242.html,L2
市|奈良,（終了しました）令和7年度奈良市六条一丁目下池の売払いに係る一般競争入札の実施について,https://www.city.nara.lg.jp/soshiki/12/238682.html,L2
市|奈良,【終了しました】令和6年度奈良市敷島町一丁目籾池の売払いに係る一般競争入札の実施について,https://www.city.nara.lg.jp/soshiki/12/221308.html,L2
市|奈良,【終了しました】令和6年度奈良市五条畑一丁目菱尾池の売払いに係る一般競争入札の実施について,https://www.city.nara.lg.jp/soshiki/12/221306.html,L2
市|奈良,イベント・募集の一覧,https://www.city.nara.lg.jp/life/sub/2/35/140/,L2
国|アーツカウンシル東京,2026年度 第2回 スタートアップ助成 公募ガイドライン,https://www.artscouncil-tokyo.jp/sys/wp-content/uploads/2026/08/2026_2_startup_guideline2.pdf,L1
国|アーツカウンシル東京,公募ガイドライン,https://www.artscouncil-tokyo.jp/sys/wp-content/uploads/2026/08/2026_2_startup_guideline2.pdf,L1
国|アーツカウンシル東京,2026年度 第2期 芸術文化魅力創出助成 公募ガイドライン,https://www.artscouncil-tokyo.jp/sys/wp-content/uploads/2026/08/2026_2_grant-for-artistic-city_application_guideline.pdf,L1
国|アーツカウンシル東京,2026年度 第2期 カテゴリーI ［単年助成］芸術創造活動 公募ガイドライン,https://www.artscouncil-tokyo.jp/sys/wp-content/uploads/2026/06/2026_2_c1_grant-creation_guideline.pdf,L1
国|アーツカウンシル東京,2026年度 東京芸術文化創造発信助成 カテゴリーII［長期助成］公募ガイドライン,https://www.artscouncil-tokyo.jp/sys/wp-content/uploads/2026/06/2026_c2_grant-creation_guideline.pdf,L1
国|アーツカウンシル東京,2026年度 東京芸術文化創造発信助成 カテゴリーⅢ［長期助成］［単年助成 第2期］創造環境向上活動 公募ガイドライン,https://www.artscouncil-tokyo.jp/sys/wp-content/uploads/2026/06/2026_2_c3_grant-creation_guideline.pdf,L1
