締切,残り,当社領域,制度名,所管,ID,URL
2026-10-07,2,,令和８年度酒類業振興支援事業費補助金（第５期）,S-00009533,a0WJ200000CDdRmMAL,https://www.jgrants-portal.go.jp/subsidy/a0WJ200000CDdRmMAL
2026-10-07,2,,【山口】令和８年度中小企業最低賃金引上げ支援対策費補助金（業務改善助成金）,S-00009717,a0WJ200000CDe6QMAT,https://www.jgrants-portal.go.jp/subsidy/a0WJ200000CDe6QMAT
2026-10-07,2,○,「カーボンリサイクル・火力発電の脱炭素化技術等国際協力事業／カーボンマネジメントに係る国際連携事業／カーボンリサイクル関連技術及び脱炭素化技術等の海外展開可能性の調査」の公募について,S-00009815,a0WJ200000CDeZLMA1,https://www.jgrants-portal.go.jp/subsidy/a0WJ200000CDeZLMA1
2026-10-07,2,,令和８年度経営統合等による産業力強化支援事業（単体枠）,S-00009740,a0WJ200000CDeC7MAL,https://www.jgrants-portal.go.jp/subsidy/a0WJ200000CDeC7MAL
2026-10-07,2,,令和８年度経営統合等による産業力強化支援事業（連携枠）,S-00009739,a0WJ200000CDeC6MAL,https://www.jgrants-portal.go.jp/subsidy/a0WJ200000CDeC6MAL
2026-10-08,3,,令和８年度第２回　創業助成事業,S-00009873,a0WfQ000003JPFVUA4,https://www.jgrants-portal.go.jp/subsidy/a0WfQ000003JPFVUA4
2026-10-08,3,,「海外研究者招へい事業（STeP JAPAN）」2027年度海外招へい研究者受入機関の募集,S-00009333,a0WJ200000CDaooMAD,https://www.jgrants-portal.go.jp/subsidy/a0WJ200000CDaooMAD
2026-10-09,4,,令和７年度（補正予算）地域共生を目指したデータセンター脱炭素化設備導入支援事業（三次公募）,S-00009770,a0WJ200000CDeS9MAL,https://www.jgrants-portal.go.jp/subsidy/a0WJ200000CDeS9MAL
2026-10-09,4,○,【福岡県3次】令和8年度_中小企業等海外展開支援事業費補助金（海外出願支援事業）,S-00009807,a0WJ200000CDeXvMAL,https://www.jgrants-portal.go.jp/subsidy/a0WJ200000CDeXvMAL
2026-10-09,4,,令和７年度(補正予算) ゼロエミッション船等の建造促進事業 2次公募,S-00009589,a0WJ200000CDdnJMAT,https://www.jgrants-portal.go.jp/subsidy/a0WJ200000CDdnJMAT
2026-10-09,4,○,伝統的工芸品産業支援補助金（令和8年度第2回災害復興事業）,S-00009766,a0WJ200000CDeQmMAL,https://www.jgrants-portal.go.jp/subsidy/a0WJ200000CDeQmMAL
2026-10-09,4,,令和８年度 非石油由来製品等開発支援事業,S-00009505,a0WJ200000CDdN0MAL,https://www.jgrants-portal.go.jp/subsidy/a0WJ200000CDdN0MAL
2026-10-09,4,,【島根】令和８年度中小企業最低賃金引上げ支援対策費補助金（業務改善助成金）,S-00009714,a0WJ200000CDe6IMAT,https://www.jgrants-portal.go.jp/subsidy/a0WJ200000CDe6IMAT
2026-10-09,4,,令和８年度　ＺＥＢ実証事業（三次公募）,S-00009826,a0WfQ000003CVHdUAO,https://www.jgrants-portal.go.jp/subsidy/a0WfQ000003CVHdUAO
2026-10-10,5,,【広島】令和８年度中小企業最低賃金引上げ支援対策費補助金（業務改善助成金）,S-00009716,a0WJ200000CDe6PMAT,https://www.jgrants-portal.go.jp/subsidy/a0WJ200000CDe6PMAT
2026-10-12,7,,［第六回以降］事業再構築補助金（共同申請者）,S-00003073,a0W2x000007Cos5EAC,https://www.jgrants-portal.go.jp/subsidy/a0W2x000007Cos5EAC
2026-10-13,8,,【秋田】令和８年度中小企業最低賃金引上げ支援対策費補助金（業務改善助成金）,S-00009653,a0WJ200000CDdugMAD,https://www.jgrants-portal.go.jp/subsidy/a0WJ200000CDdugMAD
2026-10-13,8,,令和８年度（秋公募）コールドチェーンを支える冷凍冷蔵機器の脱フロン・脱炭素化推進事業,S-00009847,a0WfQ000003EVJxUAO,https://www.jgrants-portal.go.jp/subsidy/a0WfQ000003EVJxUAO
2026-10-14,9,,【静岡】令和８年度中小企業最低賃金引上げ支援対策費補助金（業務改善助成金）,S-00009704,a0WJ200000CDe68MAD,https://www.jgrants-portal.go.jp/subsidy/a0WJ200000CDe68MAD
2026-10-14,9,○,令和８年度展示会出展助成事業,S-00008193,a0WJ200000CDXkTMAX,https://www.jgrants-portal.go.jp/subsidy/a0WJ200000CDXkTMAX
2026-10-15,10,,【福島】令和８年度中小企業最低賃金引上げ支援対策費補助金（業務改善助成金）,S-00009655,a0WJ200000CDduiMAD,https://www.jgrants-portal.go.jp/subsidy/a0WJ200000CDduiMAD
2026-10-15,10,,【令和8年度】省CO2型システムへの改修支援事業（三次公募）,S-00009820,a0WfQ000003BpWvUAK,https://www.jgrants-portal.go.jp/subsidy/a0WfQ000003BpWvUAK
2026-10-15,10,,【令和8年度】DX型CO2削減対策実行支援事業（二次公募）,S-00009821,a0WfQ000003BrAXUA0,https://www.jgrants-portal.go.jp/subsidy/a0WfQ000003BrAXUA0
2026-10-16,11,,ドローンを活用したツアー造成支援補助金,S-00004742,a0W5h00000ZueXcEAJ,https://www.jgrants-portal.go.jp/subsidy/a0W5h00000ZueXcEAJ
2026-10-16,11,,⼩規模事業者持続化補助⾦＜⼀般型 災害支援枠（令和8年熊本地震）＞1次公募【商⼯会地区】,S-00009814,a0WJ200000CDeYyMAL,https://www.jgrants-portal.go.jp/subsidy/a0WJ200000CDeYyMAL
2026-10-16,11,,⼩規模事業者持続化補助⾦＜⼀般型 災害⽀援枠（令和６年能登半島地震等）＞10次公募【商⼯会地区】,S-00007741,a0WJ200000CDWp3MAH,https://www.jgrants-portal.go.jp/subsidy/a0WJ200000CDWp3MAH
2026-10-16,11,,令和８年度データセンターのゼロエミッション化・レジリエンス強化促進事業（二次公募）,S-00009816,a0WJ200000CDeZuMAL,https://www.jgrants-portal.go.jp/subsidy/a0WJ200000CDeZuMAL
2026-10-16,11,,小規模事業者持続化補助金＜一般型 災害支援枠（令和８年熊本地震）＞１次公募【商工会議所地区】,S-00009785,a0WJ200000CDeToMAL,https://www.jgrants-portal.go.jp/subsidy/a0WJ200000CDeToMAL
2026-10-16,11,,令和８年度_グリーンスローモビリティ等導入促進事業（二次公募）,S-00006173,a0WJ200000CDKZFMA5,https://www.jgrants-portal.go.jp/subsidy/a0WJ200000CDKZFMA5
2026-10-16,11,,小規模事業者持続化補助金＜一般型 災害支援枠（令和６年能登半島地震等）＞１０次公募【商工会議所地区】,S-00009485,a0WJ200000CDdALMA1,https://www.jgrants-portal.go.jp/subsidy/a0WJ200000CDdALMA1
2026-10-16,11,,令和８年度訪問系介護サービス事業所に対する防犯機器等導入支援補助金,S-00007197,a0WJ200000CDUheMAH,https://www.jgrants-portal.go.jp/subsidy/a0WJ200000CDUheMAH
2026-10-16,11,,令和８年度訪問介護員等補助者同行支援補助金,S-00007198,a0WJ200000CDUhfMAH,https://www.jgrants-portal.go.jp/subsidy/a0WJ200000CDUhfMAH
2026-10-16,11,,令和８年度外国特許出願費用助成事業（第２回）,S-00009685,a0WJ200000CDe3pMAD,https://www.jgrants-portal.go.jp/subsidy/a0WJ200000CDe3pMAD
2026-10-16,11,,令和８年度外国実用新案出願費用助成事業（第２回）,S-00009686,a0WJ200000CDe3uMAD,https://www.jgrants-portal.go.jp/subsidy/a0WJ200000CDe3uMAD
2026-10-16,11,,「ポスト5G情報通信システム基盤強化研究開発事業／ロボティクス分野におけるソフトウェア開発基盤構築」の公募,S-00009782,a0WJ200000CDeTZMA1,https://www.jgrants-portal.go.jp/subsidy/a0WJ200000CDeTZMA1
2026-10-16,11,,令和８年度障害者施設等物価高騰緊急対策事業,S-00009511,a0WJ200000CDdNtMAL,https://www.jgrants-portal.go.jp/subsidy/a0WJ200000CDdNtMAL
2026-10-17,12,,【茨城】令和８年度中小企業最低賃金引上げ支援対策費補助金（業務改善助成金）,S-00009656,a0WJ200000CDdujMAD,https://www.jgrants-portal.go.jp/subsidy/a0WJ200000CDdujMAD
2026-10-19,14,,「水素社会モデル構築高度化技術開発・実証事業」の第2回公募,S-00009808,a0WJ200000CDeY0MAL,https://www.jgrants-portal.go.jp/subsidy/a0WJ200000CDeY0MAL
2026-10-20,15,○,「『ディープテック・スタートアップ支援基金／国際共同研究開発』新規採択支援業務及び潜在的案件発掘促進を目的とした情報発信手法に関する調査」の公募,S-00009793,a0WJ200000CDeVeMAL,https://www.jgrants-portal.go.jp/subsidy/a0WJ200000CDeVeMAL
2026-10-22,17,,【令和７年度補正予算・令和８年度】二酸化炭素排出抑制対策事業費等補助金（業務用建築物ストックの省CO2改修調査支援事業（令和７年度補正予算二次公募・令和８年度一次公募））,S-00008846,a0WJ200000CDYaFMAX,https://www.jgrants-portal.go.jp/subsidy/a0WJ200000CDYaFMAX
2026-10-22,17,,「地盤・海象・気象等の調査・観測技術の高度化・高効率化に関する研究開発」　の公募,S-00009763,a0WJ200000CDeOLMA1,https://www.jgrants-portal.go.jp/subsidy/a0WJ200000CDeOLMA1
2026-10-23,18,○,【香川県】令和８年度中小企業等海外展開支援事業費補助金（海外出願支援事業）第３次募集,S-00009116,a0WJ200000CDYtoMAH,https://www.jgrants-portal.go.jp/subsidy/a0WJ200000CDYtoMAH
2026-10-23,18,,令和７年度補正グローバルサウス未来志向型共創等事業費補助金（小規模実証・ＦＳ事業：二次公募）（ＦＳ・小規模実証事業実施事業者の募集（補助））,S-00009854,a0WfQ000003GpG9UAK,https://www.jgrants-portal.go.jp/subsidy/a0WfQ000003GpG9UAK
2026-10-23,18,○,【秋田県】令和8年度中小企業等海外展開支援事業費補助金（海外出願支援事業）２次公募,S-00009858,a0WfQ000003I7R7UAK,https://www.jgrants-portal.go.jp/subsidy/a0WfQ000003I7R7UAK
2026-10-23,18,,【宮崎】令和８年度中小企業最低賃金引上げ支援対策費補助金（業務改善助成金）,S-00009727,a0WJ200000CDe6aMAD,https://www.jgrants-portal.go.jp/subsidy/a0WJ200000CDe6aMAD
2026-10-24,19,,【鹿児島】令和８年度中小企業最低賃金引上げ支援対策費補助金（業務改善助成金）,S-00009728,a0WJ200000CDe6bMAD,https://www.jgrants-portal.go.jp/subsidy/a0WJ200000CDe6bMAD
2026-10-26,21,,「脱炭素化・エネルギー転換に資する我が国技術の国際実証事業」の2026年度第2回公募,S-00009581,a0WJ200000CDdl2MAD,https://www.jgrants-portal.go.jp/subsidy/a0WJ200000CDdl2MAD
2026-10-26,21,○,令和８年度地域資源活用製品等の開発・販売促進事業　開発・改良フェーズ,S-00009881,a0WfQ000003K34rUAC,https://www.jgrants-portal.go.jp/subsidy/a0WfQ000003K34rUAC
2026-10-28,23,,令和８年度「水力発電導入促進支援事業費補助金（事業性評価支援事業）」（新規事業　追加公募分）,S-00009848,a0WfQ000003EZsDUAW,https://www.jgrants-portal.go.jp/subsidy/a0WfQ000003EZsDUAW
2026-10-28,23,,【青森】令和８年度中小企業最低賃金引上げ支援対策費補助金（業務改善助成金）,S-00009650,a0WJ200000CDdudMAD,https://www.jgrants-portal.go.jp/subsidy/a0WJ200000CDdudMAD
2026-10-28,23,,【高知】令和８年度中小企業最低賃金引上げ支援対策費補助金（業務改善助成金）,S-00009721,a0WJ200000CDe6UMAT,https://www.jgrants-portal.go.jp/subsidy/a0WJ200000CDe6UMAT
2026-10-29,24,,［第十三回］事業再構築補助金_GX進出類型（交付申請等）,S-00006849,a0WJ200000CDPyeMAH,https://www.jgrants-portal.go.jp/subsidy/a0WJ200000CDPyeMAH
2026-10-29,24,,【山形】令和８年度中小企業最低賃金引上げ支援対策費補助金（業務改善助成金）,S-00009654,a0WJ200000CDduhMAD,https://www.jgrants-portal.go.jp/subsidy/a0WJ200000CDduhMAD
2026-10-30,25,,令和７年度補正 業務産業用蓄電システム導入支援事業,S-00008429,a0WJ200000CDY4mMAH,https://www.jgrants-portal.go.jp/subsidy/a0WJ200000CDY4mMAH
2026-10-30,25,,産業車両等の脱炭素化促進事業のうち、空港における脱炭素化促進事業① 空港における再エネ活用型GPU等導入支援（二酸化炭素排出抑制対策事業費等補助金）,S-00009167,a0WJ200000CDYzVMAX,https://www.jgrants-portal.go.jp/subsidy/a0WJ200000CDYzVMAX
2026-10-30,25,,産業車両等の脱炭素化促進事業のうち、空港における脱炭素化促進事業③空港におけるEV・FCV型車両改造事業（二酸化炭素排出抑制対策事業費等補助金）,S-00009178,a0WJ200000CDZ1GMAX,https://www.jgrants-portal.go.jp/subsidy/a0WJ200000CDZ1GMAX
2026-10-30,25,,産業車両等の脱炭素化促進事業のうち、港湾における脱炭素化促進事業（二酸化炭素排出抑制対策事業費等補助金）,S-00009174,a0WJ200000CDZ04MAH,https://www.jgrants-portal.go.jp/subsidy/a0WJ200000CDZ04MAH
2026-10-30,25,○,【鳥取県】令和８年度_中小企業等海外展開支援事業費補助金（海外出願支援事業）（三次公募）,S-00009899,a0WfQ000003a9flUAA,https://www.jgrants-portal.go.jp/subsidy/a0WfQ000003a9flUAA
2026-10-30,25,,東京都広域団体認定訓練助成金,S-00004027,a0W5h00000UcDDXEA3,https://www.jgrants-portal.go.jp/subsidy/a0W5h00000UcDDXEA3
2026-10-30,25,,令和８年度第２回募集　課題解決型技術開発促進事業（試作品開発・改良助成）,S-00009822,a0WfQ000003Bwa1UAC,https://www.jgrants-portal.go.jp/subsidy/a0WfQ000003Bwa1UAC
2026-10-30,25,,【令和８年度】二酸化炭素排出抑制対策事業費等補助金（再エネ等由来水素を活用した自立・分散型エネルギーシステム構築等事業）,S-00009334,a0WJ200000CDaotMAD,https://www.jgrants-portal.go.jp/subsidy/a0WJ200000CDaotMAD
2026-10-30,25,,令和8年度医療機関診療情報デジタル導入支援事業,S-00008476,a0WJ200000CDY6uMAH,https://www.jgrants-portal.go.jp/subsidy/a0WJ200000CDY6uMAH
2026-10-30,25,,令和６年度地域医療勤務環境改善体制整備特別事業【仕入控除税額報告】,S-00009862,a0WfQ000003I9xZUAS,https://www.jgrants-portal.go.jp/subsidy/a0WfQ000003I9xZUAS
2026-10-30,25,,令和６年度　勤務環境改善医師派遣等推進事業【仕入控除税額報告】,S-00009863,a0WfQ000003IBL3UAO,https://www.jgrants-portal.go.jp/subsidy/a0WfQ000003IBL3UAO
2026-10-30,25,,【令和８年度２次公募】国立公園等利用拠点滞在環境等上質化事業（国立公園等資源整備事業費補助金）,S-00009462,a0WJ200000CDczHMAT,https://www.jgrants-portal.go.jp/subsidy/a0WJ200000CDczHMAT
2026-10-30,25,,【令和８年度２次公募】国立公園等多言語解説等整備事業（国立公園等資源整備事業費補助金）,S-00009463,a0WJ200000CDczMMAT,https://www.jgrants-portal.go.jp/subsidy/a0WJ200000CDczMMAT
2026-10-30,25,,令和７年度勤務環境改善体制医師派遣等推進事業,S-00007470,a0WJ200000CDVu7MAH,https://www.jgrants-portal.go.jp/subsidy/a0WJ200000CDVu7MAH
2026-10-30,25,,2026年度「海外出願支援事業」（3次募集）,S-00008969,a0WJ200000CDYh2MAH,https://www.jgrants-portal.go.jp/subsidy/a0WJ200000CDYh2MAH
2026-10-31,26,,【福井県】令和８年度企業の太陽光・蓄電池設備導入促進事業補助金,S-00008168,a0WJ200000CDXjwMAH,https://www.jgrants-portal.go.jp/subsidy/a0WJ200000CDXjwMAH
2026-10-31,26,,エイジフレンドリー補助金,S-00008860,a0WJ200000CDYbNMAX,https://www.jgrants-portal.go.jp/subsidy/a0WJ200000CDYbNMAX
2026-10-31,26,,【山梨】令和８年度中小企業最低賃金引上げ支援対策費補助金（業務改善助成金）,S-00009701,a0WJ200000CDe65MAD,https://www.jgrants-portal.go.jp/subsidy/a0WJ200000CDe65MAD
2026-10-31,26,,【徳島】令和８年度中小企業最低賃金引上げ支援対策費補助金（業務改善助成金）,S-00009718,a0WJ200000CDe6RMAT,https://www.jgrants-portal.go.jp/subsidy/a0WJ200000CDe6RMAT
2026-10-31,26,,【愛媛】令和８年度中小企業最低賃金引上げ支援対策費補助金（業務改善助成金）,S-00009720,a0WJ200000CDe6TMAT,https://www.jgrants-portal.go.jp/subsidy/a0WJ200000CDe6TMAT
2026-10-31,26,,【大分】令和８年度中小企業最低賃金引上げ支援対策費補助金（業務改善助成金）,S-00009726,a0WJ200000CDe6ZMAT,https://www.jgrants-portal.go.jp/subsidy/a0WJ200000CDe6ZMAT
2026-10-31,26,,東京都就職氷河期世代等安定就業サポート助成金（令和８年度第６回申請受付）,S-00009901,a0WfQ000003aN9KUAU,https://www.jgrants-portal.go.jp/subsidy/a0WfQ000003aN9KUAU
2026-10-31,26,,東京都正規雇用転換安定化支援助成金（令和８年度第６回申請受付）,S-00009900,a0WfQ000003aSfBUAU,https://www.jgrants-portal.go.jp/subsidy/a0WfQ000003aSfBUAU
2026-10-31,26,,東京都若者世代職場定着促進助成金（令和８年度第６回申請受付）,S-00009902,a0WfQ000003aUAjUAM,https://www.jgrants-portal.go.jp/subsidy/a0WfQ000003aUAjUAM
2026-11-01,27,,【長崎】令和８年度中小企業最低賃金引上げ支援対策費補助金（業務改善助成金）,S-00009724,a0WJ200000CDe6XMAT,https://www.jgrants-portal.go.jp/subsidy/a0WJ200000CDe6XMAT
2026-11-04,30,,令和７年度補正　再生可能エネルギー導入拡大・系統用蓄電池等電力貯蔵システム導入支援事業費補助金　系統用蓄電システム等導入支援事業,S-00009688,a0WJ200000CDe4JMAT,https://www.jgrants-portal.go.jp/subsidy/a0WJ200000CDe4JMAT
2026-11-06,32,,令和８年度 脱炭素成長型経済構造移行推進対策費補助金（自律型資源 循環システム強靱化促進事業）（事前着手届出）【二次公募】,S-00009897,a0WfQ000003N8hVUAS,https://www.jgrants-portal.go.jp/subsidy/a0WfQ000003N8hVUAS
2026-11-06,32,,中小企業生産性革命推進事業_事業承継・M&A補助金(16次公募)_専門家活用枠(小規模売り手支援類型),S-00009892,a0WfQ000003N1RZUA0,https://www.jgrants-portal.go.jp/subsidy/a0WfQ000003N1RZUA0
2026-11-06,32,,中小企業生産性革命推進事業_事業承継・M&A補助金(16次公募)_事業承継促進枠,S-00009893,a0WfQ000003N1RaUAK,https://www.jgrants-portal.go.jp/subsidy/a0WfQ000003N1RaUAK
2026-11-06,32,,中小企業生産性革命推進事業_事業承継・M&A補助金(16次公募)_専門家活用枠(買い手支援類型-100億企業特例),S-00009889,a0WfQ000003N1RWUA0,https://www.jgrants-portal.go.jp/subsidy/a0WfQ000003N1RWUA0
2026-11-06,32,,中小企業生産性革命推進事業_事業承継・M&A補助金(16次公募)_PMI推進枠(PMI専門家活用類型),S-00009890,a0WfQ000003N1RXUA0,https://www.jgrants-portal.go.jp/subsidy/a0WfQ000003N1RXUA0
2026-11-06,32,,中小企業生産性革命推進事業_事業承継・M&A補助金(16次公募)_PMI推進枠(事業統合投資類型),S-00009891,a0WfQ000003N1RYUA0,https://www.jgrants-portal.go.jp/subsidy/a0WfQ000003N1RYUA0
2026-11-06,32,,中小企業生産性革命推進事業_事業承継・M&A補助金(16次公募)_専門家活用枠(買い手支援類型／売り手支援類型),S-00009888,a0WfQ000003N1RVUA0,https://www.jgrants-portal.go.jp/subsidy/a0WfQ000003N1RVUA0
2026-11-06,32,,中小企業生産性革命推進事業_事業承継・M&A補助金(16次公募)_廃業・再チャレンジ枠,S-00009894,a0WfQ000003N1RbUAK,https://www.jgrants-portal.go.jp/subsidy/a0WfQ000003N1RbUAK
2026-11-06,32,,令和８年度 脱炭素成長型経済構造移行推進対策費補助金（自律型資源循環システム強靱化促進事業）【二次公募】,S-00009879,a0WfQ000003JPtqUAG,https://www.jgrants-portal.go.jp/subsidy/a0WfQ000003JPtqUAG
2026-11-10,36,,「グリーンイノベーション基金事業／次世代型地熱技術の開発」の公募,S-00008191,a0WJ200000CDXkJMAX,https://www.jgrants-portal.go.jp/subsidy/a0WJ200000CDXkJMAX
2026-11-12,38,,[３次公募]中小企業成長加速化補助金,S-00009572,a0WJ200000CDdjfMAD,https://www.jgrants-portal.go.jp/subsidy/a0WJ200000CDdjfMAD
2026-11-13,39,,令和８年度_Scope3排出量削減のための企業間連携による省CO2設備投資促進事業,S-00006576,a0WJ200000CDNDnMAP,https://www.jgrants-portal.go.jp/subsidy/a0WJ200000CDNDnMAP
2026-11-13,39,,産業車両等の脱炭素化促進事業のうち、空港における脱炭素化促進事業②空港におけるEV・FCV型車両導入事業（二酸化炭素排出抑制対策事業費等補助金）,S-00009198,a0WJ200000CDZDHMA5,https://www.jgrants-portal.go.jp/subsidy/a0WJ200000CDZDHMA5
2026-11-13,39,○,【岩手県】令和8年度中小企業等海外展開支援事業費補助金（海外出願支援事業）３次公募,S-00009860,a0WfQ000003I7vlUAC,https://www.jgrants-portal.go.jp/subsidy/a0WfQ000003I7vlUAC
2026-11-13,39,○,【鹿児島県】令和8年度_中小企業等海外展開支援事業費補助金（海外出願支援事業）,S-00009221,a0WJ200000CDZXbMAP,https://www.jgrants-portal.go.jp/subsidy/a0WJ200000CDZXbMAP
2026-11-14,40,,【佐賀】令和８年度中小企業最低賃金引上げ支援対策費補助金（業務改善助成金）,S-00009723,a0WJ200000CDe6WMAT,https://www.jgrants-portal.go.jp/subsidy/a0WJ200000CDe6WMAT
2026-11-15,41,,令和8年度東京都臨床調査個人票電子化等推進事業補助金,S-00009792,a0WJ200000CDeUgMAL,https://www.jgrants-portal.go.jp/subsidy/a0WJ200000CDeUgMAL
2026-11-15,41,,【京都】令和８年度中小企業最低賃金引上げ支援対策費補助金（業務改善助成金）,S-00009708,a0WJ200000CDe6CMAT,https://www.jgrants-portal.go.jp/subsidy/a0WJ200000CDe6CMAT
2026-11-20,46,,【三次公募】令和８年度　天然ガス利用設備による強靱性向上対策事業費補助金,S-00009846,a0WfQ000003ENsfUAG,https://www.jgrants-portal.go.jp/subsidy/a0WfQ000003ENsfUAG
2026-11-20,46,,令和７年度（補正予算）地域脱炭素実現に向けた具体的施策実装支援事業（四次公募）,S-00009465,a0WJ200000CDd3OMAT,https://www.jgrants-portal.go.jp/subsidy/a0WJ200000CDd3OMAT
2026-11-20,46,,令和８年度地域脱炭素実現に向けた具体的施策実装支援事業,S-00009467,a0WJ200000CDd3YMAT,https://www.jgrants-portal.go.jp/subsidy/a0WJ200000CDd3YMAT
2026-11-27,53,,令和７年度補正 ディマンドリスポンスの拡大に向けたIoT化推進事業,S-00008435,a0WJ200000CDY5GMAX,https://www.jgrants-portal.go.jp/subsidy/a0WJ200000CDY5GMAX
2026-11-28,54,,【令和８年度】二酸化炭素排出抑制対策事業費等補助金（地域再エネ水素ステーション保守点検等支援事業）,S-00009257,a0WJ200000CDZzQMAX,https://www.jgrants-portal.go.jp/subsidy/a0WJ200000CDZzQMAX
2026-11-30,56,,古賀市中小企業等向け太陽光発電設備導入補助金,S-00008944,a0WJ200000CDYfxMAH,https://www.jgrants-portal.go.jp/subsidy/a0WJ200000CDYfxMAH
2026-11-30,56,,【山形県】令和8年度やまがた未来くるエネルギー補助金（山形県再生可能エネルギー等設備導入促進事業）,S-00009545,a0WJ200000CDddVMAT,https://www.jgrants-portal.go.jp/subsidy/a0WJ200000CDddVMAT
2026-11-30,56,,令和8年度SDS電子化補助金,S-00009553,a0WJ200000CDderMAD,https://www.jgrants-portal.go.jp/subsidy/a0WJ200000CDderMAD
2026-11-30,56,,森・川・海ごみ削減実践活動支援事業補助金,S-00009100,a0WJ200000CDYsRMAX,https://www.jgrants-portal.go.jp/subsidy/a0WJ200000CDYsRMAX
2026-11-30,56,○,令和８年度多様な体験型観光推進事業補助金,S-00008746,a0WJ200000CDYUmMAP,https://www.jgrants-portal.go.jp/subsidy/a0WJ200000CDYUmMAP
2026-11-30,56,,埼玉県中小企業等奨学金返還支援事業補助金（令和８年度）,S-00009204,a0WJ200000CDZIAMA5,https://www.jgrants-portal.go.jp/subsidy/a0WJ200000CDZIAMA5
2026-11-30,56,,令和８年度二酸化炭素排出抑制対策事業費等補助金（運輸部門等の脱炭素化に向けた先進的システム社会実装促進事業のうち、農業機械の電動化促進事業）,S-00009264,a0WJ200000CDa1gMAD,https://www.jgrants-portal.go.jp/subsidy/a0WJ200000CDa1gMAD
2026-11-30,56,,令和８年度 脱炭素成長型経済構造移行推進対策費補助金 （業務用建築物の脱炭素改修加速化事業）,S-00009263,a0WJ200000CDa1bMAD,https://www.jgrants-portal.go.jp/subsidy/a0WJ200000CDa1bMAD
2026-11-30,56,,成田空港の次代を担う若者の奨学金返還支援事業補助金,S-00009903,a0WfQ000003aZqLUAU,https://www.jgrants-portal.go.jp/subsidy/a0WfQ000003aZqLUAU
2026-11-30,56,,【令和８年度】働き方改革推進支援助成金,S-00008594,a0WJ200000CDYEGMA5,https://www.jgrants-portal.go.jp/subsidy/a0WJ200000CDYEGMA5
2026-11-30,56,,【岩手】令和８年度中小企業最低賃金引上げ支援対策費補助金（業務改善助成金）,S-00009651,a0WJ200000CDdueMAD,https://www.jgrants-portal.go.jp/subsidy/a0WJ200000CDdueMAD
2026-11-30,56,,【熊本】令和８年度中小企業最低賃金引上げ支援対策費補助金（業務改善助成金）,S-00009725,a0WJ200000CDe6YMAT,https://www.jgrants-portal.go.jp/subsidy/a0WJ200000CDe6YMAT
2026-11-30,56,,【沖縄】令和８年度中小企業最低賃金引上げ支援対策費補助金（業務改善助成金）,S-00009729,a0WJ200000CDe6cMAD,https://www.jgrants-portal.go.jp/subsidy/a0WJ200000CDe6cMAD
2026-11-30,56,,令和8年度　資源循環分野の脱炭素化促進事業,S-00008353,a0WJ200000CDXyuMAH,https://www.jgrants-portal.go.jp/subsidy/a0WJ200000CDXyuMAH
2026-11-30,56,,令和８年度東京都医療ＤＸ人材育成支援事業,S-00008317,a0WJ200000CDXvUMAX,https://www.jgrants-portal.go.jp/subsidy/a0WJ200000CDXvUMAX
2026-12-01,57,,令和８年度海外商標対策支援助成事業,S-00008682,a0WJ200000CDYR2MAP,https://www.jgrants-portal.go.jp/subsidy/a0WJ200000CDYR2MAP
2026-12-01,57,,【農林水産省】中山間地域所得確保推進事業,S-00008580,a0WJ200000CDYDCMA5,https://www.jgrants-portal.go.jp/subsidy/a0WJ200000CDYDCMA5
2026-12-03,59,,令和８年度ゼロエミッション船等の導入支援事業,S-00009407,a0WJ200000CDbyjMAD,https://www.jgrants-portal.go.jp/subsidy/a0WJ200000CDbyjMAD
2026-12-14,70,,【令和８年度】INPIT外国出願補助金（中間手続補助）,S-00008216,a0WJ200000CDXmVMAX,https://www.jgrants-portal.go.jp/subsidy/a0WJ200000CDXmVMAX
2026-12-17,73,,中小企業人材確保のための奨学金返還支援事業【令和８年度企業登録】,S-00007817,a0WJ200000CDX1KMAX,https://www.jgrants-portal.go.jp/subsidy/a0WJ200000CDX1KMAX
2026-12-18,74,○,【徳島県】令和８年度_中小企業等海外展開支援事業費補助金（海外出願支援事業）,S-00009570,a0WJ200000CDdicMAD,https://www.jgrants-portal.go.jp/subsidy/a0WJ200000CDdicMAD
2026-12-18,74,,INPIT事業再編計画支援事業補助金（令和８年度）,S-00008543,a0WJ200000CDYBxMAP,https://www.jgrants-portal.go.jp/subsidy/a0WJ200000CDYBxMAP
2026-12-18,74,,【令和８年度】ＰＣＢ汚染変圧器高効率化補助金,S-00008545,a0WJ200000CDYC7MAP,https://www.jgrants-portal.go.jp/subsidy/a0WJ200000CDYC7MAP
2026-12-23,79,,交通システムの省CO2 化に向けた設備整備事業（鉄道事業等におけるネットワーク型低炭素化促進事業）（三次公募）,S-00009905,a0WfQ000003cAFxUAM,https://www.jgrants-portal.go.jp/subsidy/a0WfQ000003cAFxUAM
2026-12-25,81,,【山形県】令和8年度山形県再生可能エネルギー(小水力発電)事業可能性調査事業費補助金,S-00009546,a0WJ200000CDddWMAT,https://www.jgrants-portal.go.jp/subsidy/a0WJ200000CDddWMAT
2026-12-25,81,,【山形県】令和8年度地域主導型再生可能エネルギー導入支援事業費補助金,S-00009547,a0WJ200000CDddXMAT,https://www.jgrants-portal.go.jp/subsidy/a0WJ200000CDddXMAT
2026-12-25,81,,【福井県】電気自動車用充電インフラ整備促進事業補助金,S-00008170,a0WJ200000CDXjyMAH,https://www.jgrants-portal.go.jp/subsidy/a0WJ200000CDXjyMAH
2026-12-25,81,,【福井県】令和８年度 Ｖ２Ｈ充放電設備設置支援事業補助金,S-00008169,a0WJ200000CDXjxMAH,https://www.jgrants-portal.go.jp/subsidy/a0WJ200000CDXjxMAH
2026-12-25,81,,【福岡県宗像市】令和8年度 食のまち宗像推進補助金,S-00009549,a0WJ200000CDddZMAT,https://www.jgrants-portal.go.jp/subsidy/a0WJ200000CDddZMAT
2026-12-25,81,,【福岡県宗像市】令和8年度 宗像市創業応援補助金（“宗業”者応援補助金）,S-00009550,a0WJ200000CDddaMAD,https://www.jgrants-portal.go.jp/subsidy/a0WJ200000CDddaMAD
2026-12-25,81,,【福岡県宗像市】令和8年度 宗像市がんばる中小企業者応援補助金,S-00009551,a0WJ200000CDddbMAD,https://www.jgrants-portal.go.jp/subsidy/a0WJ200000CDddbMAD
2026-12-25,81,○,令和８度誰もが楽しめる自然体験型観光推進事業補助金,S-00008745,a0WJ200000CDYUlMAP,https://www.jgrants-portal.go.jp/subsidy/a0WJ200000CDYUlMAP
2026-12-25,81,,既存住宅流通活性化緊急促進事業,S-00008405,a0WJ200000CDY2TMAX,https://www.jgrants-portal.go.jp/subsidy/a0WJ200000CDY2TMAX
2026-12-25,81,○,令和８年度　観光産業の活性化促進事業補助金,S-00009563,a0WJ200000CDdfpMAD,https://www.jgrants-portal.go.jp/subsidy/a0WJ200000CDdfpMAD
2026-12-28,84,,農林水産物認証取得支援事業（農家認証取得支援事業）補助金,S-00002265,a0W2x000007CStEEAW,https://www.jgrants-portal.go.jp/subsidy/a0W2x000007CStEEAW
2026-12-28,84,,在宅人工呼吸器使用難病患者非常用電源設備整備事業補助金,S-00005733,a0WJ200000CDHQZMA5,https://www.jgrants-portal.go.jp/subsidy/a0WJ200000CDHQZMA5
2026-12-28,84,,【経済産業省】ものづくり・商業・サービス生産性向上促進補助金（20次締切）,S-00007421,a0WJ200000CDVkeMAH,https://www.jgrants-portal.go.jp/subsidy/a0WJ200000CDVkeMAH
2026-12-28,84,,農林水産物認証取得支援事業（水産認証取得支援事業）補助金,S-00002267,a0W2x000007CStOEAW,https://www.jgrants-portal.go.jp/subsidy/a0W2x000007CStOEAW
2026-12-28,84,,【久留米市】久留米市キッチンカー導入事業費補助金（令和８年度）,S-00008709,a0WJ200000CDYTvMAP,https://www.jgrants-portal.go.jp/subsidy/a0WJ200000CDYTvMAP
2026-12-28,84,,【倉敷市】実証実験サポート事業,S-00008451,a0WJ200000CDY6KMAX,https://www.jgrants-portal.go.jp/subsidy/a0WJ200000CDY6KMAX
2026-12-28,84,,【久留米市】中小企業止水板等設置事業費補助金（令和8年度）,S-00008832,a0WJ200000CDYZ7MAP,https://www.jgrants-portal.go.jp/subsidy/a0WJ200000CDYZ7MAP
2026-12-28,84,,【久留米市】久留米市小規模事業者デジタル化支援補助金（令和８年度）,S-00009403,a0WJ200000CDbpCMAT,https://www.jgrants-portal.go.jp/subsidy/a0WJ200000CDbpCMAT
2026-12-28,84,,【久留米市】中小企業先端設備等導入支援補助金（令和8年度）,S-00009386,a0WJ200000CDbPLMA1,https://www.jgrants-portal.go.jp/subsidy/a0WJ200000CDbPLMA1
2026-12-28,84,○,令和８年度フィンテック企業に対する海外進出支援事業 海外展示会共同出展,S-00008723,a0WJ200000CDYUPMA5,https://www.jgrants-portal.go.jp/subsidy/a0WJ200000CDYUPMA5
2026-12-28,84,,令和８年度フィンテック企業に対する海外進出支援事業補助金,S-00008724,a0WJ200000CDYUQMA5,https://www.jgrants-portal.go.jp/subsidy/a0WJ200000CDYUQMA5
2026-12-30,86,,令和７年度ＮＢＣ災害・テロ対策設備整備補助事業,S-00006942,a0WJ200000CDQuHMAX,https://www.jgrants-portal.go.jp/subsidy/a0WJ200000CDQuHMAX
2026-12-31,87,,令和８年_設備投資_事業化状況報告,S-00009311,a0WJ200000CDaTCMA1,https://www.jgrants-portal.go.jp/subsidy/a0WJ200000CDaTCMA1
2026-12-31,87,,建築ＧＸ・ＤX推進事業（令和８年度）【代表事業者及び事業者の登録】,S-00008489,a0WJ200000CDY7KMAX,https://www.jgrants-portal.go.jp/subsidy/a0WJ200000CDY7KMAX
2026-12-31,87,,令和8年度　建築GX・DX推進事業,S-00009181,a0WJ200000CDZ2OMAX,https://www.jgrants-portal.go.jp/subsidy/a0WJ200000CDZ2OMAX
2026-12-31,87,,令和７年度病院勤務者勤務環境改善事業・救急医療体制強化事業,S-00007438,a0WJ200000CDVm7MAH,https://www.jgrants-portal.go.jp/subsidy/a0WJ200000CDVm7MAH
2027-01-14,101,,中小企業の外国人従業員に対する研修等支援助成金（一般コース）,S-00006097,a0WJ200000CDK7NMAX,https://www.jgrants-portal.go.jp/subsidy/a0WJ200000CDK7NMAX
2027-01-14,101,,中小企業の外国人従業員に対する研修等支援助成金（ウクライナ避難民採用企業コース）,S-00006098,a0WJ200000CDK7OMAX,https://www.jgrants-portal.go.jp/subsidy/a0WJ200000CDK7OMAX
2027-01-14,101,,令和8年度 中小企業の外国人従業員に対する研修等支援助成金（一般コース）,S-00009696,a0WJ200000CDe4iMAD,https://www.jgrants-portal.go.jp/subsidy/a0WJ200000CDe4iMAD
2027-01-14,101,,令和8年度 中小企業の外国人従業員に対する研修等支援助成金（ウクライナ避難民採用企業コース）,S-00009697,a0WJ200000CDe4nMAD,https://www.jgrants-portal.go.jp/subsidy/a0WJ200000CDe4nMAD
2027-01-15,102,,令和７年度補正予算　商用車等の電動化促進事業,S-00007666,a0WJ200000CDWZ9MAP,https://www.jgrants-portal.go.jp/subsidy/a0WJ200000CDWZ9MAP
2027-01-28,115,,高度安全機械等導入支援補助金,S-00009078,a0WJ200000CDYq2MAH,https://www.jgrants-portal.go.jp/subsidy/a0WJ200000CDYq2MAH
2027-01-28,115,,令和８年度における都型放課後等デイサービス事業補助金,S-00009261,a0WJ200000CDa1RMAT,https://www.jgrants-portal.go.jp/subsidy/a0WJ200000CDa1RMAT
2027-01-29,116,,令和７年度（補正）　商用車等の電動化促進事業（建設機械）,S-00008078,a0WJ200000CDXRpMAP,https://www.jgrants-portal.go.jp/subsidy/a0WJ200000CDXRpMAP
2027-01-29,116,,令和8年度_低炭素型ディーゼルトラック普及加速化事業,S-00009197,a0WJ200000CDZDCMA5,https://www.jgrants-portal.go.jp/subsidy/a0WJ200000CDZDCMA5
2027-01-29,116,,ゼロエミッション実現に向けた経営推進支援事業 助成金,S-00004757,a0W5h00000ZuemGEAR,https://www.jgrants-portal.go.jp/subsidy/a0W5h00000ZuemGEAR
2027-01-29,116,,令和８年度フィンテック企業等に対するイノベーション支援事業（金融サービス事業化支援補助金）,S-00006428,a0WJ200000CDMQvMAP,https://www.jgrants-portal.go.jp/subsidy/a0WJ200000CDMQvMAP
2027-01-29,116,,デジタル証券（セキュリティトークン）市場拡大促進事業補助金,S-00006444,a0WJ200000CDMSsMAP,https://www.jgrants-portal.go.jp/subsidy/a0WJ200000CDMSsMAP
2027-01-29,116,,令和８年度子育て【宅配ボックス】,S-00008696,a0WJ200000CDYSPMA5,https://www.jgrants-portal.go.jp/subsidy/a0WJ200000CDYSPMA5
2027-01-29,116,,【令和８年度】ハイブリッド及び天然ガストラック・バス導入支援事業（環境配慮型先進トラック・バス導入加速事業）,S-00009518,a0WJ200000CDdPBMA1,https://www.jgrants-portal.go.jp/subsidy/a0WJ200000CDdPBMA1
2027-01-29,116,,令和８年度第２回中小企業デジタル導入促進補助事業,S-00009898,a0WfQ000003ZH5uUAG,https://www.jgrants-portal.go.jp/subsidy/a0WfQ000003ZH5uUAG
2027-01-29,116,,熊谷市中小企業SDGs経営・ジギョケイ策定支援奨励金,S-00007964,a0WJ200000CDXH1MAP,https://www.jgrants-portal.go.jp/subsidy/a0WJ200000CDXH1MAP
2027-01-31,118,,岡崎ものづくり支援補助金（知的財産権取得事業）,S-00008793,a0WJ200000CDYW5MAP,https://www.jgrants-portal.go.jp/subsidy/a0WJ200000CDYW5MAP
2027-01-31,118,,岡崎ものづくり支援補助金（依頼試験事業）,S-00008791,a0WJ200000CDYW3MAP,https://www.jgrants-portal.go.jp/subsidy/a0WJ200000CDYW3MAP
2027-01-31,118,,岡崎ものづくり支援補助金（プラットフォーム活用事業）,S-00008794,a0WJ200000CDYW6MAP,https://www.jgrants-portal.go.jp/subsidy/a0WJ200000CDYW6MAP
2027-01-31,118,,岡崎ものづくり支援補助金（新製品共創事業）,S-00008795,a0WJ200000CDYW7MAP,https://www.jgrants-portal.go.jp/subsidy/a0WJ200000CDYW7MAP
2027-01-31,118,,岡崎ものづくり支援補助金（共同研究事業）,S-00008790,a0WJ200000CDYW2MAP,https://www.jgrants-portal.go.jp/subsidy/a0WJ200000CDYW2MAP
2027-01-31,118,,令和8年度_受動喫煙防止対策助成金,S-00009769,a0WJ200000CDeRiMAL,https://www.jgrants-portal.go.jp/subsidy/a0WJ200000CDeRiMAL
2027-02-01,119,,【大阪府和泉市】再エネ・省エネ機器設置促進事業補助金（事業者用）,S-00009139,a0WJ200000CDYvPMAX,https://www.jgrants-portal.go.jp/subsidy/a0WJ200000CDYvPMAX
2027-02-05,123,,令和８年度乗降用リフト装置付バス利用支援補助金,S-00008744,a0WJ200000CDYUkMAP,https://www.jgrants-portal.go.jp/subsidy/a0WJ200000CDYUkMAP
2027-02-05,123,,令和8年度テレワークトータルサポート助成金,S-00009159,a0WJ200000CDYyhMAH,https://www.jgrants-portal.go.jp/subsidy/a0WJ200000CDYyhMAH
2027-02-19,137,,自立・帰還支援雇用創出企業立地補助金（商業施設等復興整備補助事業）（十一次公募）,S-00009502,a0WJ200000CDdMCMA1,https://www.jgrants-portal.go.jp/subsidy/a0WJ200000CDdMCMA1
2027-02-26,144,,東京都民間事業者に係る低公害・低燃費車導入促進補助金（補助金申請）,S-00006080,a0WJ200000CDK76MAH,https://www.jgrants-portal.go.jp/subsidy/a0WJ200000CDK76MAH
2027-02-26,144,,松戸市事業用省エネルギー設備等導入促進事業費補助金,S-00009544,a0WJ200000CDddUMAT,https://www.jgrants-portal.go.jp/subsidy/a0WJ200000CDddUMAT
2027-02-26,144,,令和8年度　農林水産物認証取得支援事業（森林認証取得支援事業）補助金,S-00008438,a0WJ200000CDY5VMAX,https://www.jgrants-portal.go.jp/subsidy/a0WJ200000CDY5VMAX
2027-02-26,144,,小樽市省エネルギー診断補助金,S-00009410,a0WJ200000CDbyyMAD,https://www.jgrants-portal.go.jp/subsidy/a0WJ200000CDbyyMAD
2027-02-26,144,,【堺市】余剰電力等活用型太陽光発電設備整備事業（堺エネルギー地産地消プロジェクト推進事業補助金）,S-00008554,a0WJ200000CDYCmMAP,https://www.jgrants-portal.go.jp/subsidy/a0WJ200000CDYCmMAP
2027-02-26,144,,令和８年度子育て【改修型】,S-00008694,a0WJ200000CDYSFMA5,https://www.jgrants-portal.go.jp/subsidy/a0WJ200000CDYSFMA5
2027-02-26,144,,令和８年度子育て【建設型】初年度,S-00008693,a0WJ200000CDYSAMA5,https://www.jgrants-portal.go.jp/subsidy/a0WJ200000CDYSAMA5
2027-02-26,144,,令和8年度　育児・介護との両立のためのテレワーク活用促進奨励金,S-00009335,a0WJ200000CDap3MAD,https://www.jgrants-portal.go.jp/subsidy/a0WJ200000CDap3MAD
2027-02-28,146,,【飯塚市】令和8年度外国人材受入環境整備事業費補助金,S-00008181,a0WJ200000CDXk9MAH,https://www.jgrants-portal.go.jp/subsidy/a0WJ200000CDXk9MAH
2027-02-28,146,,令和６年度補正予算　商用車等の電動化促進事業,S-00006337,a0WJ200000CDL8JMAX,https://www.jgrants-portal.go.jp/subsidy/a0WJ200000CDL8JMAX
2027-02-28,146,,令和8年度岸和田市「市内丸ごとラボ」実証事業推進補助金,S-00009140,a0WJ200000CDYvQMAX,https://www.jgrants-portal.go.jp/subsidy/a0WJ200000CDYvQMAX
2027-02-28,146,,【長野県茅野市】製造業等労務環境改善・競争力強化促進補助金,S-00008389,a0WJ200000CDY1VMAX,https://www.jgrants-portal.go.jp/subsidy/a0WJ200000CDY1VMAX
2027-02-28,146,,松山港利用促進インセンティブ補助金（荷主向け）,S-00009583,a0WJ200000CDdm6MAD,https://www.jgrants-portal.go.jp/subsidy/a0WJ200000CDdm6MAD
2027-02-28,146,,令和８年度スキルアップ支援事業,S-00007945,a0WJ200000CDXEmMAP,https://www.jgrants-portal.go.jp/subsidy/a0WJ200000CDXEmMAP
2027-02-28,146,,令和８年度資格取得サポート助成金,S-00008022,a0WJ200000CDXMiMAP,https://www.jgrants-portal.go.jp/subsidy/a0WJ200000CDXMiMAP
2027-02-28,146,,令和8年度 バス事業者人材開発支援奨励金,S-00009055,a0WJ200000CDYnpMAH,https://www.jgrants-portal.go.jp/subsidy/a0WJ200000CDYnpMAH
2027-03-01,147,,令和８年度金融機関と連携したサステナビリティ経営促進事業（ＳＬＬ／ＰＩＦ）,S-00009267,a0WJ200000CDa42MAD,https://www.jgrants-portal.go.jp/subsidy/a0WJ200000CDa42MAD
2027-03-01,147,,川越市中小企業者等物価高騰対策経営改善支援金,S-00008447,a0WJ200000CDY6GMAX,https://www.jgrants-portal.go.jp/subsidy/a0WJ200000CDY6GMAX
2027-03-12,158,,橿原市業務改善支援補助金,S-00009411,a0WJ200000CDbyzMAD,https://www.jgrants-portal.go.jp/subsidy/a0WJ200000CDbyzMAD
2027-03-17,163,○,【長野県茅野市】受注及び販路開拓支援事業補助金,S-00008392,a0WJ200000CDY1kMAH,https://www.jgrants-portal.go.jp/subsidy/a0WJ200000CDY1kMAH
2027-03-19,165,,令和８年度SDGsファイナンス支援事業補助金(グリーンボンド/グリーンローン),S-00009477,a0WJ200000CDd5XMAT,https://www.jgrants-portal.go.jp/subsidy/a0WJ200000CDd5XMAT
2027-03-19,165,,令和８年度SDGsファイナンス支援事業補助金(トランジションボンド/トランジションローン),S-00009481,a0WJ200000CDd9xMAD,https://www.jgrants-portal.go.jp/subsidy/a0WJ200000CDd9xMAD
2027-03-19,165,,令和８年度SDGsファイナンス支援事業補助金(ソーシャルボンド/ソーシャルローン),S-00009482,a0WJ200000CDdA6MAL,https://www.jgrants-portal.go.jp/subsidy/a0WJ200000CDdA6MAL
2027-03-19,165,,令和８年度SDGsファイナンス支援事業補助金(個人向けSDGs預金),S-00009483,a0WJ200000CDdABMA1,https://www.jgrants-portal.go.jp/subsidy/a0WJ200000CDdABMA1
2027-03-19,165,,令和８年度SDGsファイナンス支援事業補助金(ブルーボンド/ブルーローン),S-00009479,a0WJ200000CDd9wMAD,https://www.jgrants-portal.go.jp/subsidy/a0WJ200000CDd9wMAD
2027-03-23,169,,【経済産業省】ものづくり・商業・サービス生産性向上促進補助金（21次締切）,S-00007852,a0WJ200000CDX4vMAH,https://www.jgrants-portal.go.jp/subsidy/a0WJ200000CDX4vMAH
2027-03-30,176,,令和８年度東京港物流効率化等事業補助金,S-00008484,a0WJ200000CDY72MAH,https://www.jgrants-portal.go.jp/subsidy/a0WJ200000CDY72MAH
2027-03-31,177,,令和６年度こどもDX推進に向けた医療機関等におけるマイナンバーカード利活用推進事業補助金,S-00005217,a0WJ20000087jeOMAQ,https://www.jgrants-portal.go.jp/subsidy/a0WJ20000087jeOMAQ
2027-03-31,177,,【東海市】小規模企業等振興資金等信用保証料補助金,S-00008926,a0WJ200000CDYffMAH,https://www.jgrants-portal.go.jp/subsidy/a0WJ200000CDYffMAH
2027-03-31,177,,休廃止鉱山鉱害防止等工事費補助金（令和７年度補正）【東北支部】,S-00008497,a0WJ200000CDY7yMAH,https://www.jgrants-portal.go.jp/subsidy/a0WJ200000CDY7yMAH
2027-03-31,177,,休廃止鉱山鉱害防止等工事費補助金（令和７年度補正）【北海道監督部】,S-00008496,a0WJ200000CDY7tMAH,https://www.jgrants-portal.go.jp/subsidy/a0WJ200000CDY7tMAH
2027-03-31,177,,休廃止鉱山鉱害防止等工事費補助金（令和７年度補正）【関東監督部】,S-00008499,a0WJ200000CDY88MAH,https://www.jgrants-portal.go.jp/subsidy/a0WJ200000CDY88MAH
2027-03-31,177,,廃止石油坑井封鎖事業費補助金（令和8年度：関東東北産業保安監督部東北支部）,S-00008697,a0WJ200000CDYSUMA5,https://www.jgrants-portal.go.jp/subsidy/a0WJ200000CDYSUMA5
2027-03-31,177,,【三重県　鈴鹿市】令和8年度創業促進補助金,S-00009101,a0WJ200000CDYsSMAX,https://www.jgrants-portal.go.jp/subsidy/a0WJ200000CDYsSMAX
2027-03-31,177,,深谷市起業家支援事業補助金,S-00008256,a0WJ200000CDXqMMAX,https://www.jgrants-portal.go.jp/subsidy/a0WJ200000CDXqMMAX
2027-03-31,177,,休廃止鉱山鉱害防止等工事費補助金（令和７年度補正）【近畿支部】,S-00008501,a0WJ200000CDY89MAH,https://www.jgrants-portal.go.jp/subsidy/a0WJ200000CDY89MAH
2027-03-31,177,,古賀市温室効果ガス排出量可視化システム導入費補助金,S-00008943,a0WJ200000CDYfwMAH,https://www.jgrants-portal.go.jp/subsidy/a0WJ200000CDYfwMAH
2027-03-31,177,,休廃止鉱山鉱害防止等工事費補助金（令和７年度補正）【中部監督部】,S-00008500,a0WJ200000CDY8DMAX,https://www.jgrants-portal.go.jp/subsidy/a0WJ200000CDY8DMAX
2027-03-31,177,,休廃止鉱山鉱害防止等工事費補助金（令和７年度補正）【中国監督部】,S-00008511,a0WJ200000CDY91MAH,https://www.jgrants-portal.go.jp/subsidy/a0WJ200000CDY91MAH
2027-03-31,177,,休廃止鉱山鉱害防止等工事費補助金（令和７年度補正）【九州監督部】,S-00008513,a0WJ200000CDY9BMAX,https://www.jgrants-portal.go.jp/subsidy/a0WJ200000CDY9BMAX
2027-03-31,177,,【長野県茅野市】中小企業振興補助金（商業関係）,S-00008386,a0WJ200000CDY1GMAX,https://www.jgrants-portal.go.jp/subsidy/a0WJ200000CDY1GMAX
2027-03-31,177,,地上基幹放送ネットワーク整備等事業（令和７年度補正予算及び令和８年度当初予算）,S-00008043,a0WJ200000CDXORMA5,https://www.jgrants-portal.go.jp/subsidy/a0WJ200000CDXORMA5
2027-03-31,177,,【長野県茅野市】新商品開発事業補助金,S-00008391,a0WJ200000CDY1fMAH,https://www.jgrants-portal.go.jp/subsidy/a0WJ200000CDY1fMAH
2027-03-31,177,,休廃止鉱山鉱害防止等工事費補助金（令和７年度補正）【四国支部】,S-00008512,a0WJ200000CDY96MAH,https://www.jgrants-portal.go.jp/subsidy/a0WJ200000CDY96MAH
2027-03-31,177,,令和８年度原子力発電施設等の周辺地域における大規模開発地区への企業立地促進事業費補助金,S-00009325,a0WJ200000CDacWMAT,https://www.jgrants-portal.go.jp/subsidy/a0WJ200000CDacWMAT
2027-03-31,177,,休廃止鉱山鉱害防止等工事費補助金（令和８年度当初）【東北支部】,S-00009122,a0WJ200000CDYuIMAX,https://www.jgrants-portal.go.jp/subsidy/a0WJ200000CDYuIMAX
2027-03-31,177,,休廃止鉱山鉱害防止等工事費補助金（令和８年度当初）【北海道監督部】,S-00009119,a0WJ200000CDYu3MAH,https://www.jgrants-portal.go.jp/subsidy/a0WJ200000CDYu3MAH
2027-03-31,177,,廃止石油坑井封鎖事業費補助金（令和8年度：関東東北産業保安監督部）,S-00008695,a0WJ200000CDYSKMA5,https://www.jgrants-portal.go.jp/subsidy/a0WJ200000CDYSKMA5
2027-03-31,177,,休廃止鉱山鉱害防止等工事費補助金（令和８年度当初）【関東監督部】,S-00009124,a0WJ200000CDYuSMAX,https://www.jgrants-portal.go.jp/subsidy/a0WJ200000CDYuSMAX
2027-03-31,177,,【福井県】次世代自動車普及促進事業補助金,S-00008171,a0WJ200000CDXjzMAH,https://www.jgrants-portal.go.jp/subsidy/a0WJ200000CDXjzMAH
2027-03-31,177,○,【飯塚市】令和8年度海外展開支援事業費補助金,S-00008180,a0WJ200000CDXk8MAH,https://www.jgrants-portal.go.jp/subsidy/a0WJ200000CDXk8MAH
2027-03-31,177,,休廃止鉱山鉱害防止等工事費補助金（令和８年度当初）【中国監督部】,S-00009127,a0WJ200000CDYuhMAH,https://www.jgrants-portal.go.jp/subsidy/a0WJ200000CDYuhMAH
2027-03-31,177,,休廃止鉱山の鉱害防止に係るエネルギー使用合理化事業費補助金（令和８年度）【北海道監督部】,S-00009150,a0WJ200000CDYviMAH,https://www.jgrants-portal.go.jp/subsidy/a0WJ200000CDYviMAH
2027-03-31,177,,休廃止鉱山鉱害防止等工事費補助金（令和８年度当初）【近畿支部】,S-00009126,a0WJ200000CDYucMAH,https://www.jgrants-portal.go.jp/subsidy/a0WJ200000CDYucMAH
2027-03-31,177,,休廃止鉱山鉱害防止等工事費補助金（令和８年度当初）【四国支部】,S-00009128,a0WJ200000CDYumMAH,https://www.jgrants-portal.go.jp/subsidy/a0WJ200000CDYumMAH
2027-03-31,177,,休廃止鉱山の鉱害防止に係るエネルギー使用合理化事業費補助金（令和８年度）【中国監督部】,S-00009151,a0WJ200000CDYvnMAH,https://www.jgrants-portal.go.jp/subsidy/a0WJ200000CDYvnMAH
2027-03-31,177,,休廃止鉱山鉱害防止等工事費補助金（令和８年度当初）【九州監督部】,S-00009129,a0WJ200000CDYurMAH,https://www.jgrants-portal.go.jp/subsidy/a0WJ200000CDYurMAH
2027-03-31,177,,【埼玉県】埼玉県民間事業者CO₂排出削減設備導入補助金（緊急対策枠）,S-00008731,a0WJ200000CDYUXMA5,https://www.jgrants-portal.go.jp/subsidy/a0WJ200000CDYUXMA5
2027-03-31,177,,岸和田市オフィス誘致補助金,S-00009141,a0WJ200000CDYvRMAX,https://www.jgrants-portal.go.jp/subsidy/a0WJ200000CDYvRMAX
2027-03-31,177,,【長野県茅野市】中小企業人材育成等支援補助金,S-00008393,a0WJ200000CDY1pMAH,https://www.jgrants-portal.go.jp/subsidy/a0WJ200000CDY1pMAH
2027-03-31,177,,【長野県茅野市】インターンシップ等促進事業補助金,S-00008394,a0WJ200000CDY1uMAH,https://www.jgrants-portal.go.jp/subsidy/a0WJ200000CDY1uMAH
2027-03-31,177,,多摩市ふるさと納税を活用した資金調達支援事業補助金,S-00009147,a0WJ200000CDYvXMAX,https://www.jgrants-portal.go.jp/subsidy/a0WJ200000CDYvXMAX
2027-03-31,177,,岡崎市中小企業事業資金保証料補助金,S-00008787,a0WJ200000CDYVzMAP,https://www.jgrants-portal.go.jp/subsidy/a0WJ200000CDYVzMAP
2027-03-31,177,,岡崎市創業資金保証料補助金,S-00008788,a0WJ200000CDYW0MAP,https://www.jgrants-portal.go.jp/subsidy/a0WJ200000CDYW0MAP
2027-03-31,177,,岡崎市創業資金利子補給補助金,S-00008789,a0WJ200000CDYW1MAP,https://www.jgrants-portal.go.jp/subsidy/a0WJ200000CDYW1MAP
2027-03-31,177,○,岡崎ものづくり支援補助金（見本市等出展事業）,S-00008792,a0WJ200000CDYW4MAP,https://www.jgrants-portal.go.jp/subsidy/a0WJ200000CDYW4MAP
2027-03-31,177,,橿原市起業等スタートアップ補助金,S-00009412,a0WJ200000CDbz0MAD,https://www.jgrants-portal.go.jp/subsidy/a0WJ200000CDbz0MAD
2027-03-31,177,,【愛知県大府市】2026年度大府市カーボンニュートラル推進生産設備導入支援補助金（ユーティリティ設備）,S-00009252,a0WJ200000CDZz6MAH,https://www.jgrants-portal.go.jp/subsidy/a0WJ200000CDZz6MAH
2027-03-31,177,,がんばろう赤磐中小企業省エネ設備更新支援補助金,S-00009638,a0WJ200000CDdtHMAT,https://www.jgrants-portal.go.jp/subsidy/a0WJ200000CDdtHMAT
2027-03-31,177,,休廃止鉱山鉱害防止等工事費補助金（令和８年度当初）【中部監督部】,S-00009125,a0WJ200000CDYuXMAX,https://www.jgrants-portal.go.jp/subsidy/a0WJ200000CDYuXMAX
2027-03-31,177,,令和７年度こどもDX推進に向けた医療機関等におけるマイナンバーカード利活用推進事業補助金,S-00006978,a0WJ200000CDRArMAP,https://www.jgrants-portal.go.jp/subsidy/a0WJ200000CDRArMAP
2027-03-31,177,,令和８年_設備投資_事業完了後申請,S-00008227,a0WJ200000CDXoBMAX,https://www.jgrants-portal.go.jp/subsidy/a0WJ200000CDXoBMAX
2027-03-31,177,,【令和８年度】医療機関等におけるマイナンバーカード利活用推進事業補助金,S-00009377,a0WJ200000CDbHxMAL,https://www.jgrants-portal.go.jp/subsidy/a0WJ200000CDbHxMAL
2027-03-31,177,,燃料電池フォークリフト実装支援事業助成金,S-00009827,a0WfQ000003CWvFUAW,https://www.jgrants-portal.go.jp/subsidy/a0WfQ000003CWvFUAW
2027-03-31,177,,携帯電話等エリア整備事業,S-00006732,a0WJ200000CDOsKMAX,https://www.jgrants-portal.go.jp/subsidy/a0WJ200000CDOsKMAX
2027-03-31,177,,地上基幹放送等に関する耐災害性強化支援事業（令和８年度公募）,S-00007958,a0WJ200000CDXFjMAP,https://www.jgrants-portal.go.jp/subsidy/a0WJ200000CDXFjMAP
2027-03-31,177,,令和8年度省エネ型VOC排出削減設備導入促進事業,S-00008518,a0WJ200000CDY9gMAH,https://www.jgrants-portal.go.jp/subsidy/a0WJ200000CDY9gMAH
2027-03-31,177,,民放ラジオ難聴解消支援事業（令和８年度公募）,S-00007940,a0WJ200000CDXENMA5,https://www.jgrants-portal.go.jp/subsidy/a0WJ200000CDXENMA5
2027-03-31,177,,令和8年度職場内障害者サポーター事業,S-00008400,a0WJ200000CDY2OMAX,https://www.jgrants-portal.go.jp/subsidy/a0WJ200000CDY2OMAX
2027-03-31,177,,【福岡市】グリーンビル促進事業（都心部のオフィスビルなどへの緑化助成）,S-00008555,a0WJ200000CDYCnMAP,https://www.jgrants-portal.go.jp/subsidy/a0WJ200000CDYCnMAP
2027-03-31,177,,電波遮へい対策事業（トンネル）,S-00000887,a0W2x000003QZLqEAO,https://www.jgrants-portal.go.jp/subsidy/a0W2x000003QZLqEAO
2027-03-31,177,,【長野県茅野市】特定創業者等支援奨励金（特定創業者）,S-00008465,a0WJ200000CDY6cMAH,https://www.jgrants-portal.go.jp/subsidy/a0WJ200000CDY6cMAH
2027-03-31,177,,【内閣府】地方創生に資する利子補給制度（金融支援）,S-00008559,a0WJ200000CDYCrMAP,https://www.jgrants-portal.go.jp/subsidy/a0WJ200000CDYCrMAP
2027-03-31,177,,【長野県茅野市】特定創業者等支援奨励金（事業承継）,S-00008466,a0WJ200000CDY6dMAH,https://www.jgrants-portal.go.jp/subsidy/a0WJ200000CDY6dMAH
2027-03-31,177,,令和８年度介護休業取得応援奨励金,S-00009271,a0WJ200000CDa6IMAT,https://www.jgrants-portal.go.jp/subsidy/a0WJ200000CDa6IMAT
2027-03-31,177,,京都市企業立地促進制度補助金［市内初進出支援制度］,S-00007954,a0WJ200000CDXFfMAP,https://www.jgrants-portal.go.jp/subsidy/a0WJ200000CDXFfMAP
2027-03-31,177,,京都型グローバル・ニッチ・トップ企業育成補助金,S-00007955,a0WJ200000CDXFgMAP,https://www.jgrants-portal.go.jp/subsidy/a0WJ200000CDXFgMAP
2027-03-31,177,,京都市企業立地促進制度補助金［本社・工場等新増設等支援制度］,S-00007956,a0WJ200000CDXFhMAP,https://www.jgrants-portal.go.jp/subsidy/a0WJ200000CDXFhMAP
2027-03-31,177,,京都市企業立地促進制度補助金［お試し立地支援制度］,S-00007957,a0WJ200000CDXFiMAP,https://www.jgrants-portal.go.jp/subsidy/a0WJ200000CDXFiMAP
2027-03-31,177,,小郡市企業立地優遇制度,S-00009778,a0WJ200000CDeTAMA1,https://www.jgrants-portal.go.jp/subsidy/a0WJ200000CDeTAMA1
2027-03-31,177,,今治市企業立地促進奨励金,S-00009359,a0WJ200000CDb86MAD,https://www.jgrants-portal.go.jp/subsidy/a0WJ200000CDb86MAD
2027-03-31,177,,今治市賃貸借型企業立地奨励金（賃借料に対する奨励金）,S-00009360,a0WJ200000CDb87MAD,https://www.jgrants-portal.go.jp/subsidy/a0WJ200000CDb87MAD
2027-03-31,177,,今治市賃貸借型企業立地奨励金（開設費用に対する奨励金）,S-00009361,a0WJ200000CDb88MAD,https://www.jgrants-portal.go.jp/subsidy/a0WJ200000CDb88MAD
2027-03-31,177,,今治市雇用促進奨励金,S-00009362,a0WJ200000CDb89MAD,https://www.jgrants-portal.go.jp/subsidy/a0WJ200000CDb89MAD
2027-03-31,177,,今治市設備投資奨励金,S-00009363,a0WJ200000CDb8AMAT,https://www.jgrants-portal.go.jp/subsidy/a0WJ200000CDb8AMAT
2027-05-31,238,,EMPの普及促進に係る補助金（新）,S-00001291,a0W2x000005iqyXEAQ,https://www.jgrants-portal.go.jp/subsidy/a0W2x000005iqyXEAQ
2027-05-31,238,,【令和8年度】地域医療確保に係る緊急・臨時支援事業支援金及び急性期医療臨時支援事業支援金,S-00009323,a0WJ200000CDaTOMA1,https://www.jgrants-portal.go.jp/subsidy/a0WJ200000CDaTOMA1
2027-05-31,238,,令和８年度 医学技術振興事業,S-00009499,a0WJ200000CDdL9MAL,https://www.jgrants-portal.go.jp/subsidy/a0WJ200000CDdL9MAL
2027-05-31,238,,【令和8年度】地域医療確保に係る緊急・臨時支援事業支援金,S-00009401,a0WJ200000CDbosMAD,https://www.jgrants-portal.go.jp/subsidy/a0WJ200000CDbosMAD
2027-05-31,238,,令和８年度　病院勤務者勤務環境改善事業・救急医療体制強化事業,S-00009883,a0WfQ000003MWE2UAO,https://www.jgrants-portal.go.jp/subsidy/a0WfQ000003MWE2UAO
2027-06-30,268,,【経済産業省】ものづくり・商業・サービス生産性向上促進補助金（22次締切）,S-00008989,a0WJ200000CDYimMAH,https://www.jgrants-portal.go.jp/subsidy/a0WJ200000CDYimMAH
2028-01-01,453,,令和6年度　ES（社員満足度）向上による若手人材確保・定着事業助成金～１年目申請用～,S-00004945,a0WJ2000000pSPQMA2,https://www.jgrants-portal.go.jp/subsidy/a0WJ2000000pSPQMA2
2028-03-31,543,,【経済産業省】ものづくり・商業・サービス生産性向上促進補助金（23次締切）,S-00009639,a0WJ200000CDdtMMAT,https://www.jgrants-portal.go.jp/subsidy/a0WJ200000CDdtMMAT
2028-03-31,543,,【令和8年度】高齢者受入体制確保事業,S-00009812,a0WJ200000CDeYjMAL,https://www.jgrants-portal.go.jp/subsidy/a0WJ200000CDeYjMAL
2028-03-31,543,,東京都中小企業障害者雇用スタート支援奨励金,S-00006731,a0WJ200000CDOrTMAX,https://www.jgrants-portal.go.jp/subsidy/a0WJ200000CDOrTMAX
2028-05-07,580,,事業再構築補助金（共同申請_リース会社）,S-00003845,a0W5h00000UaiqSEAR,https://www.jgrants-portal.go.jp/subsidy/a0W5h00000UaiqSEAR
2028-09-01,697,,令和6年度【2年目申請用】ES（社員満足度）向上による若手人材確保・定着事業助成金,S-00005298,a0WJ20000088TQ4MAM,https://www.jgrants-portal.go.jp/subsidy/a0WJ20000088TQ4MAM
2029-02-14,863,,デジタル技術活用推進助成金に係る状況報告等について,S-00005455,a0WJ2000008Av8bMAC,https://www.jgrants-portal.go.jp/subsidy/a0WJ2000008Av8bMAC
2029-03-31,908,○,【長野県茅野市】消費喚起イベント事業補助金,S-00008396,a0WJ200000CDY24MAH,https://www.jgrants-portal.go.jp/subsidy/a0WJ200000CDY24MAH
2029-03-31,908,,東広島市小児科新規開業支援事業補助金,S-00008560,a0WJ200000CDYCsMAP,https://www.jgrants-portal.go.jp/subsidy/a0WJ200000CDYCsMAP
2029-03-31,908,,東京都中小企業障害者雇用支援助成金,S-00003955,a0W5h00000UbQnXEAV,https://www.jgrants-portal.go.jp/subsidy/a0W5h00000UbQnXEAV
2029-03-31,908,,令和7年度【2年目申請用】ES（社員満足度）向上による若手人材確保・定着事業助成金,S-00007271,a0WJ200000CDUvzMAH,https://www.jgrants-portal.go.jp/subsidy/a0WJ200000CDUvzMAH
2029-03-31,908,,令和7年度【3年目申請用】ES（社員満足度）向上による若手人材確保・定着事業助成金,S-00007485,a0WJ200000CDVxKMAX,https://www.jgrants-portal.go.jp/subsidy/a0WJ200000CDVxKMAX
2029-03-31,908,,令和8年度【3年目申請用】ES（社員満足度）向上による若手人材確保・定着事業助成金,S-00009009,a0WJ200000CDYk9MAH,https://www.jgrants-portal.go.jp/subsidy/a0WJ200000CDYk9MAH
2029-03-31,908,,令和8年度【2年目申請用】ES（社員満足度）向上による若手人材確保・定着事業助成金,S-00009011,a0WJ200000CDYkBMAX,https://www.jgrants-portal.go.jp/subsidy/a0WJ200000CDYkBMAX
2029-12-31,1183,,危機管理対策促進事業_事業完了後の各種申請,S-00007015,a0WJ200000CDRafMAH,https://www.jgrants-portal.go.jp/subsidy/a0WJ200000CDRafMAH
2030-03-31,1273,,申請練習用補助金【補助金の支払いはありません】,S-00006007,a0WJ200000CDJWIMA5,https://www.jgrants-portal.go.jp/subsidy/a0WJ200000CDJWIMA5
2030-03-31,1273,,いわき市診療所開設・承継支援補助金,S-00007993,a0WJ200000CDXK4MAP,https://www.jgrants-portal.go.jp/subsidy/a0WJ200000CDXK4MAP
2030-03-31,1273,,東京都難病・がん患者就業支援奨励金,S-00003950,a0W5h00000UbQnSEAV,https://www.jgrants-portal.go.jp/subsidy/a0W5h00000UbQnSEAV
2030-05-30,1333,,令和７年度救急搬送患者受入体制強化事業,S-00004972,a0WJ2000000pejTMAQ,https://www.jgrants-portal.go.jp/subsidy/a0WJ2000000pejTMAQ
2030-11-14,1501,,令和7年度　ES（社員満足度）向上による若手人材確保・定着事業助成金　１年目申請用,S-00006619,a0WJ200000CDNiaMAH,https://www.jgrants-portal.go.jp/subsidy/a0WJ200000CDNiaMAH
2030-11-14,1501,,令和8年度【1年目申請用】ES（社員満足度）向上による若手人材確保・定着事業助成金,S-00009010,a0WJ200000CDYkAMAX,https://www.jgrants-portal.go.jp/subsidy/a0WJ200000CDYkAMAX
2031-01-21,1569,,［第十回］事業再構築補助金（交付申請等）,S-00003647,a0W5h00000GMgXBEA1,https://www.jgrants-portal.go.jp/subsidy/a0W5h00000GMgXBEA1
2031-06-12,1711,,［第十一回］事業再構築補助金（交付申請等）,S-00003966,a0W5h00000UbU66EAF,https://www.jgrants-portal.go.jp/subsidy/a0W5h00000UbU66EAF
2032-03-07,1980,,［第十二回］事業再構築補助金（交付申請等）,S-00005077,a0WJ2000000qhOQMAY,https://www.jgrants-portal.go.jp/subsidy/a0WJ2000000qhOQMAY
2032-10-29,2216,,［第十三回］事業再構築補助金_促進上乗せ措置（交付申請等）,S-00006878,a0WJ200000CDQEJMA5,https://www.jgrants-portal.go.jp/subsidy/a0WJ200000CDQEJMA5
2042-05-06,5692,,令和８年度東京都救命救急センター施設整備等補助事業（運営費）,S-00009786,a0WJ200000CDeTtMAL,https://www.jgrants-portal.go.jp/subsidy/a0WJ200000CDeTtMAL
2124-03-31,35606,,東京都環境保全資金融資保証債務履行補助金,S-00003236,a0W2x000007CrSAEA0,https://www.jgrants-portal.go.jp/subsidy/a0W2x000007CrSAEA0
