団体,案件名,URL,階層
文化庁（国民文化祭・分野別フェスティバル等）,「スポーツ文化ツーリズムアワード 2026」公募要領,https://www.bunka.go.jp/shinsei_boshu/kobo/94375201.html,L1
文化庁（国民文化祭・分野別フェスティバル等）,令和8年度緊急的文化遺産保護国際貢献事業（専門家交流）実施委託業務の募集,https://www.bunka.go.jp/shinsei_boshu/kobo/94413301.html,L1
文化庁（国民文化祭・分野別フェスティバル等）,令和8年度無形文化遺産保護条約に係る国際動向調査事業委託（総合評価落札方式）,https://www.bunka.go.jp/shinsei_boshu/kobo/94419801.html,L1
文化庁（国民文化祭・分野別フェスティバル等）,第42回国民文化祭分野別フェスティバルに係る企画・運営業務の公募,https://www.bunka.go.jp/shinsei_boshu/kobo/94393701.html,L1
文化庁（国民文化祭・分野別フェスティバル等）,令和8年度「宗教法人格の不正利用対策のための実態把握事業（不正利用対策のためのモニタリング調査等）」業務（総合評価落札方式）,https://www.bunka.go.jp/shinsei_boshu/kobo/94392901.html,L1
文化庁（国民文化祭・分野別フェスティバル等）,過去の公募情報,https://www.bunka.go.jp/shinsei_boshu/kobo/kako_kobo.html,L1
文化庁（国民文化祭・分野別フェスティバル等）,スポーツ文化ツーリズムアワード2026公募要領,https://www.bunka.go.jp/shinsei_boshu/kobo/pdf/94375201_01.pdf,L2
文化庁（国民文化祭・分野別フェスティバル等）,企画提案書様式,https://www.bunka.go.jp/shinsei_boshu/kobo/word/94413301_01.doc,L2
文化庁（国民文化祭・分野別フェスティバル等）,資料一式：令和8年度無形文化遺産保護条約に係る国際動向調査事業委託,https://www.bunka.go.jp/shinsei_boshu/kobo/zip/94419801_01.zip,L2
文化庁（国民文化祭・分野別フェスティバル等）,入札説明書（別紙1を含む）,https://www.bunka.go.jp/shinsei_boshu/kobo/pdf/94419801_01.pdf,L2
文化庁（国民文化祭・分野別フェスティバル等）,別紙2 入札書（様式）・委任状（様式）,https://www.bunka.go.jp/shinsei_boshu/kobo/word/94419801_02.docx,L2
文化庁（国民文化祭・分野別フェスティバル等）,別冊 無形文化遺産保護条約に係る国際動向調査事業委託実施要項,https://www.bunka.go.jp/shinsei_boshu/kobo/pdf/94419801_05.pdf,L2
文化庁（国民文化祭・分野別フェスティバル等）,別冊 文化庁委託業務実施要領,https://www.bunka.go.jp/shinsei_boshu/kobo/pdf/94419801_06.pdf,L2
文化庁（国民文化祭・分野別フェスティバル等）,公募要領（含む業務内容）,https://www.bunka.go.jp/shinsei_boshu/kobo/pdf/94393701_01.pdf,L2
文化庁（国民文化祭・分野別フェスティバル等）,（様式2）業務経費内訳書（※令和9年度分不（非）課税対象経費に係る計算式修正版）,https://www.bunka.go.jp/shinsei_boshu/kobo/excel/94402201_01.xlsx,L2
文化庁（国民文化祭・分野別フェスティバル等）,事業者の選定（公募型プロポーザル）,https://www.city.tsuyama.lg.jp/article?articleId=66ff14492b05de2732753bc9,L2
愛媛県 国民文化祭推進室（愛顔えひめの文化祭2028）,入札発注情報,https://www.pref.ehime.jp/adv/ba.php?id=13,L1
愛媛県 国民文化祭推進室（愛顔えひめの文化祭2028）,令和8年度愛媛県原子力防災訓練における住民向け講習業務に係る一般競争入札の案内,https://www.pref.ehime.jp/site/nyusatsu/159528.html,L2
愛媛県 国民文化祭推進室（愛顔えひめの文化祭2028）,令和8年度愛媛県原子力防災訓練における避難退域時検査会場設営業務に係る一般競争入札の案内,https://www.pref.ehime.jp/site/nyusatsu/159385.html,L2
愛媛県 国民文化祭推進室（愛顔えひめの文化祭2028）,愛媛県公営企業管理局 入札・発注情報,https://www.pref.ehime.jp/site/nyusatsu/2291.html,L2
愛媛県 国民文化祭推進室（愛顔えひめの文化祭2028）,愛媛県報電子化業務の入札案内,https://www.pref.ehime.jp/site/nyusatsu/86204.html,L2
愛媛県 国民文化祭推進室（愛顔えひめの文化祭2028）,公共嘱託登記（土地家屋調査士）業務の発注について（今治土木事務所）,https://www.pref.ehime.jp/site/nyusatsu/9362.html,L2
愛媛県 国民文化祭推進室（愛顔えひめの文化祭2028）,愛媛県今治庁舎敷地の土壌汚染に関する状況調査等業務の入札について,https://www.pref.ehime.jp/site/nyusatsu/159289.html,L2
愛媛県 国民文化祭推進室（愛顔えひめの文化祭2028）,令和9・10年度愛媛県建設工事等入札参加資格審査申請の予告について,https://www.pref.ehime.jp/site/nyusatsu/159267.html,L2
愛媛県 国民文化祭推進室（愛顔えひめの文化祭2028）,愛媛県産業技術研究所紙産業技術センター空調設備修繕業務に係る入札案内,https://www.pref.ehime.jp/site/nyusatsu/159035.html,L2
愛媛県 国民文化祭推進室（愛顔えひめの文化祭2028）,入札情報（物品・委託等）,https://www.pref.ehime.jp/site/nyusatsu/list92-339.html,L2
愛媛県 国民文化祭推進室（愛顔えひめの文化祭2028）,入札情報（建設工事等）,https://www.pref.ehime.jp/site/nyusatsu/list92-344.html,L2
愛媛県 国民文化祭推進室（愛顔えひめの文化祭2028）,入札情報（建設工事等・紙入札分）,https://www.pref.ehime.jp/site/nyusatsu/list92-686.html,L2
東京都 生活文化スポーツ局（第42回国民文化祭・令和9年度）,入札・契約制度,https://www.metro.tokyo.lg.jp/search?keyword=&amp;category=163914,L1
東京都福祉局（第27回全国障害者芸術・文化祭・令和9年度）,入札・契約制度,https://www.metro.tokyo.lg.jp/search?keyword=&amp;category=163914,L1
東京都福祉局（第27回全国障害者芸術・文化祭・令和9年度）,組織・業務案内,https://www.fukushi.metro.tokyo.lg.jp/about/soshiki,L1
東京都福祉局（第27回全国障害者芸術・文化祭・令和9年度）,「板橋区栄町における社会福祉施設建替促進施設」の利用事業者を公募します,https://www.fukushi.metro.tokyo.lg.jp/kiban/jigyosha/itabashitatekaesokushin,L2
東京都福祉局（第27回全国障害者芸術・文化祭・令和9年度）,「都有地を活用した社会福祉施設建替促進施設」の利用事業者を公募します,https://www.fukushi.metro.tokyo.lg.jp/kiban/jigyosha/kiyosetatekaesokushin_shougai3,L2
東京都福祉局（第27回全国障害者芸術・文化祭・令和9年度）,「都有地を活用した社会福祉施設の建替え促進事業」― 第2期利用事業者の公募 ―（終了しました）,https://www.fukushi.metro.tokyo.lg.jp/kiban/jigyosha/kiyosetatekaesokushin,L2
東京都福祉局（第27回全国障害者芸術・文化祭・令和9年度）,令和5年度精神障害者地域移行体制整備事業委託事業者の公募について,https://www.fukushi.metro.tokyo.lg.jp/shougai/jigyo/r5chiikiikou_koubo,L2
東京都福祉局（第27回全国障害者芸術・文化祭・令和9年度）,令和4年度精神障害者地域移行体制整備事業委託事業者の公募について,https://www.fukushi.metro.tokyo.lg.jp/shougai/jigyo/r4chiikiikou_koubo,L2
東京都福祉局（第27回全国障害者芸術・文化祭・令和9年度）,令和3年度精神障害者地域移行体制整備事業委託事業者の公募について,https://www.fukushi.metro.tokyo.lg.jp/shougai/jigyo/r3chikiikou,L2
東京都福祉局（第27回全国障害者芸術・文化祭・令和9年度）,令和８年度障害者芸術活動基盤整備事業実施団体の公募,https://www.fukushi.metro.tokyo.lg.jp/shougai/jigyo/geijutsu,L2
東京都福祉局（第27回全国障害者芸術・文化祭・令和9年度）,令和2年度精神障害者地域移行体制整備支援事業委託事業者の公募について,https://www.fukushi.metro.tokyo.lg.jp/shougai/jigyo/r4chiikiikou_koubo_ng,L2
東京都福祉局（第27回全国障害者芸術・文化祭・令和9年度）,令和5年度精神障害者地域移行体制整備事業委託事業者の公募についてトップ,https://www.fukushi.metro.tokyo.lg.jp/shougai/jigyo/r5chiikiikou_koubo,L2
東京都福祉局（第27回全国障害者芸術・文化祭・令和9年度）,令和5年度グループホーム活用型ショートステイ事業委託事業者の公募,https://www.fukushi.metro.tokyo.lg.jp/shougai/jigyo/r5chiikiikou_koubo/r5ghss,L2
東京都福祉局（第27回全国障害者芸術・文化祭・令和9年度）,令和5年度ピアサポーター活用アドバイザー事業委託事業者（精神障害者地域移行促進事業）の公募,https://www.fukushi.metro.tokyo.lg.jp/shougai/jigyo/r5chiikiikou_koubo/r5chiikiikou_peer,L2
東京都福祉局（第27回全国障害者芸術・文化祭・令和9年度）,令和5年度精神障害者地域移行促進事業委託事業者の公募,https://www.fukushi.metro.tokyo.lg.jp/shougai/jigyo/r5chiikiikou_koubo/r5chiikiikou,L2
東京都福祉局（第27回全国障害者芸術・文化祭・令和9年度）,令和4年度精神障害者地域移行体制整備事業委託事業者の公募についてトップ,https://www.fukushi.metro.tokyo.lg.jp/shougai/jigyo/r4chiikiikou_koubo,L2
東京都福祉局（第27回全国障害者芸術・文化祭・令和9年度）,令和4年度グループホーム活用型ショートステイ事業委託事業者の公募,https://www.fukushi.metro.tokyo.lg.jp/shougai/jigyo/r4chiikiikou_koubo/r4ghss,L2
東京都福祉局（第27回全国障害者芸術・文化祭・令和9年度）,令和4年度ピアサポーター活用アドバイザー事業委託事業者（精神障害者地域移行促進事業）の公募,https://www.fukushi.metro.tokyo.lg.jp/shougai/jigyo/r4chiikiikou_koubo/r4chiikiikou_peer,L2
東京都福祉局（第27回全国障害者芸術・文化祭・令和9年度）,令和4年度精神障害者地域移行促進事業委託事業者の公募,https://www.fukushi.metro.tokyo.lg.jp/shougai/jigyo/r4chiikiikou_koubo/r4chiikiikou,L2
東京都福祉局（第27回全国障害者芸術・文化祭・令和9年度）,令和3年度精神障害者地域移行体制整備事業委託事業者の公募についてトップ,https://www.fukushi.metro.tokyo.lg.jp/shougai/jigyo/r3chikiikou,L2
東京都福祉局（第27回全国障害者芸術・文化祭・令和9年度）,令和3年度ピアサポーター活用アドバイザー事業委託事業者（精神障害者地域移行促進事業）の公募,https://www.fukushi.metro.tokyo.lg.jp/shougai/jigyo/r3chikiikou/r3piasupporter-koubo,L2
東京都福祉局（第27回全国障害者芸術・文化祭・令和9年度）,令和3年度精神障害者地域移行促進事業委託事業者の公募,https://www.fukushi.metro.tokyo.lg.jp/shougai/jigyo/r3chikiikou/r3chiikiikou-koubo,L2
東京都福祉局（第27回全国障害者芸術・文化祭・令和9年度）,令和3年度グループホーム活用型ショートステイ事業委託事業者の公募,https://www.fukushi.metro.tokyo.lg.jp/shougai/jigyo/r3chikiikou/r3shortstaykoubo,L2
東京都福祉局（第27回全国障害者芸術・文化祭・令和9年度）,令和2年度精神障害者地域移行体制整備支援事業委託事業者の公募についてトップ,https://www.fukushi.metro.tokyo.lg.jp/shougai/jigyo/r4chiikiikou_koubo_ng,L2
東京都福祉局（第27回全国障害者芸術・文化祭・令和9年度）,令和2年度精神障害者地域移行促進事業委託事業者の公募,https://www.fukushi.metro.tokyo.lg.jp/shougai/jigyo/r4chiikiikou_koubo_ng/chiikiikoukoubo,L2
東京都福祉局（第27回全国障害者芸術・文化祭・令和9年度）,「都有地を活用した社会福祉施設建替促進施設」の利用事業者を公募します（公募期間は終了しました）,https://www.fukushi.metro.tokyo.lg.jp/kiban/jigyosha/kiyosetatekaesokushin_shougai3,L2
東京都福祉局（第27回全国障害者芸術・文化祭・令和9年度）,「清瀬市梅園における社会福祉施設建替促進施設」の利用事業者を公募します,https://www.fukushi.metro.tokyo.lg.jp/kiban/jigyosha/kiyosetatekaesokushin_kourei3,L2
東京都福祉局（第27回全国障害者芸術・文化祭・令和9年度）,「清瀬市梅園における社会福祉施設建替え促進施設」の利用事業者を公募します,https://www.fukushi.metro.tokyo.lg.jp/kiban/jigyosha/kiyosetatekaesokushin_btou3,L2
東京都福祉局（第27回全国障害者芸術・文化祭・令和9年度）,「板橋区栄町における社会福祉施設建替え促進施設」の利用事業者を公募します（令和8年3月公募）,https://www.fukushi.metro.tokyo.lg.jp/kiban/jigyosha/itabashitatekaesokushin2,L2
東京都 入札・契約情報（生活文化スポーツ局の委託を含む）,入札・契約制度,https://www.metro.tokyo.lg.jp/search?keyword=&amp;category=163914,L1
東京都 入札・契約情報（生活文化スポーツ局の委託を含む）,東京都入札監視委員会,https://www.zaimu.metro.tokyo.lg.jp/keiyaku/nyuusatukanshi,L1
東京都 入札・契約情報（生活文化スポーツ局の委託を含む）,入札契約における情報公開の推進について,https://www.zaimu.metro.tokyo.lg.jp/keiyaku/nyuusatsukeiyaku,L1
東京都 入札・契約情報（生活文化スポーツ局の委託を含む）,入札契約制度改革に係る業界団体からの知事ヒアリング,https://www.zaimu.metro.tokyo.lg.jp/keiyaku/hearing,L1
東京都 入札・契約情報（生活文化スポーツ局の委託を含む）,令和８年度東京都入札監視委員会第１回制度部会の開催について,https://www.zaimu.metro.tokyo.lg.jp/topics/r8/20260827_R8_dai1kai_seido_kaisai/,L1
東京都 入札・契約情報（生活文化スポーツ局の委託を含む）,令和８年度東京都入札監視委員会第１回第二監視部会の開催について,https://www.zaimu.metro.tokyo.lg.jp/topics/r8/20260825_R8_dai1kai_dai2kanshi_kaisai/,L1
東京都 入札・契約情報（生活文化スポーツ局の委託を含む）,令和７年度第３回東京都入札監視委員会の開催について,https://www.zaimu.metro.tokyo.lg.jp/topics/r7/20260313_r7_dai3kai_zentaikai_kaisai/,L1
東京都 入札・契約情報（生活文化スポーツ局の委託を含む）,令和７年度東京都入札監視委員会第２回第二監視部会の開催について,https://www.zaimu.metro.tokyo.lg.jp/topics/r7/20260205_r7_dai2kai_dai2kanshi_kaisai/,L1
東京都 入札・契約情報（生活文化スポーツ局の委託を含む）,令和７年度第２回東京都入札監視委員会の開催について,https://www.zaimu.metro.tokyo.lg.jp/topics/r7/20251104_r7_dai2kai_zentaikai_kaisai/,L1
東京都 入札・契約情報（生活文化スポーツ局の委託を含む）,令和７年度東京都入札監視委員会第１回第二監視部会の開催について,https://www.zaimu.metro.tokyo.lg.jp/topics/r7/20250814_r7_dai1kai_dai2kanshi_kaisai/,L1
東京都 入札・契約情報（生活文化スポーツ局の委託を含む）,令和６年度東京都入札監視委員会第２回第二監視部会の開催について,https://www.zaimu.metro.tokyo.lg.jp/topics/r6/20241226_r6_dai2kai_dai2kanshi_kaisai/,L1
東京都 入札・契約情報（生活文化スポーツ局の委託を含む）,「東京都入札監視委員会」ページへ,https://www.zaimu.metro.tokyo.lg.jp/keiyaku/nyuusatukanshi/,L2
東京都 入札・契約情報（生活文化スポーツ局の委託を含む）,「入札契約制度改革に係る業界団体からの知事ヒアリング」ページへ,https://www.zaimu.metro.tokyo.lg.jp/keiyaku/hearing/,L2
東京都 入札・契約情報（生活文化スポーツ局の委託を含む）,委託における個人情報保護,https://www.zaimu.metro.tokyo.lg.jp/about/johokokai/kojinjohohogo,L2
東京都 入札・契約情報（生活文化スポーツ局の委託を含む）,入札経過調書,https://www.e-procurement.metro.tokyo.lg.jp/indexPbi.jsp,L2
東京都 入札・契約情報（生活文化スポーツ局の委託を含む）,市場公募１０年債（９月）の発行条件が決まりました,https://www.zaimu.metro.tokyo.lg.jp/information/topics/r8/20260911/,L2
東京都 入札・契約情報（生活文化スポーツ局の委託を含む）,市場公募１０年債（８月）の発行条件が決まりました,https://www.zaimu.metro.tokyo.lg.jp/information/topics/r8/20260819/,L2
東京都 入札・契約情報（生活文化スポーツ局の委託を含む）,市場公募１０年債（７月）の発行条件が決まりました,https://www.zaimu.metro.tokyo.lg.jp/information/topics/r8/20260716/,L2
東京都 入札・契約情報（生活文化スポーツ局の委託を含む）,市場公募１０年債（６月）の発行条件が決まりました,https://www.zaimu.metro.tokyo.lg.jp/information/topics/r8/20260612/,L2
東京都 入札・契約情報（生活文化スポーツ局の委託を含む）,市場公募１０年債（５月）の発行条件が決まりました,https://www.zaimu.metro.tokyo.lg.jp/information/topics/r8/20260515/,L2
東京都 入札・契約情報（生活文化スポーツ局の委託を含む）,一般競争入札による都有地の一時貸付けにかかる入札結果について（財務局）,https://www.zaimu.metro.tokyo.lg.jp/imformation/topics/r8/kashitsuke-20260826,L2
東京都 入札・契約情報（生活文化スポーツ局の委託を含む）,一般競争入札による都有地の貸付けにかかる入札結果について（財務局）,https://www.zaimu.metro.tokyo.lg.jp/imformation/topics/r8/kashitsuke-20260423,L2
東京都 入札・契約情報（生活文化スポーツ局の委託を含む）,一般競争入札による都有地の貸付けに係る入札結果について（財務局）,https://www.zaimu.metro.tokyo.lg.jp/information/topics/r7/kashitsuke-202601231500,L2
東京都 入札・契約情報（生活文化スポーツ局の委託を含む）,一般競争入札による都有地の売払い 現在のところ予定物件はありません,https://www.zaimu.metro.tokyo.lg.jp/kouyu/nyuusatsu/baikyaku,L2
東京都 入札・契約情報（生活文化スポーツ局の委託を含む）,一般競争入札による都有地の貸付け 現在のところ予定物件はありません,https://www.zaimu.metro.tokyo.lg.jp/kouyu/nyuusatsu/kashitsuke20240418,L2
東京都 入札・契約情報（生活文化スポーツ局の委託を含む）,東京都入札監視委員会設置要綱,https://www.zaimu.metro.tokyo.lg.jp/documents/d/zaimu/r070829_nyuusatsu_youkou,L2
東京都 入札・契約情報（生活文化スポーツ局の委託を含む）,東京都入札監視委員会運営要領,https://www.zaimu.metro.tokyo.lg.jp/documents/d/zaimu/r070829_nyuusatsu_youryou,L2
東京都 入札・契約情報（生活文化スポーツ局の委託を含む）,東京都入札監視委員会委員名簿,https://www.zaimu.metro.tokyo.lg.jp/documents/d/zaimu/080401,L2
宮崎県 国民スポーツ大会（第81回・2027年）,入札情報を表示,javascript:void(0),L1
宮崎県 国民スポーツ大会（第81回・2027年）,【質疑回答書追加】（9月25日更新）畜産試験場施設整備事業に係る基本設計業務委託企画提案競技の実施について,https://www.pref.miyazaki.lg.jp/eizen/kense/chotatsu/20260717111531.html,L1
宮崎県 国民スポーツ大会（第81回・2027年）,【都城家畜保健衛生所】フルカラー複合機の複写サービスに係る一般競争入札(条件付)の結果について,https://www.pref.miyazaki.lg.jp/desaki/miyakonojokaho/kense/chotatsu/20260916133827.html,L1
宮崎県 国民スポーツ大会（第81回・2027年）,令和8年宮崎県知事選挙に係る臨時啓発業務委託企画提案競技の実施について,https://www.pref.miyazaki.lg.jp/senkyo/kense/chotatsu/20260909142951.html,L1
宮崎県 国民スポーツ大会（第81回・2027年）,「水産研究・教育センター（仮称）管理棟建設工事に伴う仮設管理棟賃貸借」に係る一般競争入札（条件付）について,https://www.pref.miyazaki.lg.jp/suisanseisaku/kense/chotatsu/20260907162800.html,L1
宮崎県 国民スポーツ大会（第81回・2027年）,入札情報RSS,https://www.pref.miyazaki.lg.jp/shinchaku/nyusatsu/nyusatsu.xml,L1
宮崎県 国民スポーツ大会（第81回・2027年）,入札情報一覧,https://www.pref.miyazaki.lg.jp/shinchaku/nyusatsu/index.html,L1
宮崎県 国民スポーツ大会（第81回・2027年）,祖母・傾・大崩ユネスコエコパークモデルコース造成業務委託企画提案競技の結果について,https://www.pref.miyazaki.lg.jp/chusankan-chiiki/kense/chotatsu/20260526140446.html,L2
宮崎県 国民スポーツ大会（第81回・2027年）,赤江まつばら支援学校第1棟（特別・教室棟）他屋根防水改修事業に係る企画提案競技の実施について(注：関係書類を追加しました)(注：質問回答を追加しました)(注：企画提案に関する質問回答を追加しました)(注：企画提案に関する質問回答3を追加しました),https://www.pref.miyazaki.lg.jp/eizen/kense/chotatsu/20260818103123akaematubara.html,L2
宮崎県 国民スポーツ大会（第81回・2027年）,福島高校第6棟（理科棟）他屋根防水改修事業に係る企画提案競技の実施について(注：関係書類を追加しました)(注：質問回答を追加しました)(注：企画提案に関する質問回答を追加しました),https://www.pref.miyazaki.lg.jp/eizen/kense/chotatsu/20260814140605fukushima.html,L2
宮崎県 国民スポーツ大会（第81回・2027年）,県営堤団地571号棟屋根防水改修事業に係る企画提案競技の実施について(注：関係書類を追加しました)(注：参加表明に関する質問回答を追加しました)(注：企画提案に関する質問回答を追加しました。),https://www.pref.miyazaki.lg.jp/eizen/kense/chotatsu/20260818105529kenneitutumi.html,L2
宮崎県 国民スポーツ大会（第81回・2027年）,【入札日程変更】グラウンド整備乗用スポーツレイキ1台の一般競争入札（条件付）の実施について,https://www.pref.miyazaki.lg.jp/buppinkanri/kense/chotatsu/20260915140548.html,L2
宮崎県 国民スポーツ大会（第81回・2027年）,手術台1式の一般競争入札（条件付）の実施について,https://www.pref.miyazaki.lg.jp/buppinkanri/kense/chotatsu/20260903181744.html,L2
宮崎県 国民スポーツ大会（第81回・2027年）,児童生徒用可動式机82台ほか1品の一般競争入札（条件付）の実施について,https://www.pref.miyazaki.lg.jp/buppinkanri/kense/chotatsu/20260826143713.html,L2
宮崎県 国民スポーツ大会（第81回・2027年）,グラウンド整備乗用スポーツレイキ1台の一般競争入札（条件付）の実施について,https://www.pref.miyazaki.lg.jp/buppinkanri/kense/chotatsu/20260819145653.html,L2
宮崎県 国民スポーツ大会（第81回・2027年）,特別支援教育用入出力支援装置備品7品の一般競争入札（条件付）の実施について,https://www.pref.miyazaki.lg.jp/buppinkanri/kense/chotatsu/20260819174900.html,L2
宮崎県 国民スポーツ大会（第81回・2027年）,入札・調達・売却,https://www.pref.miyazaki.lg.jp/kense/chotatsu/index.html,L2
宮崎県 国民スポーツ大会（第81回・2027年）,（別紙1）企画提案競技参加申込書（PDF：66KB）,https://www.pref.miyazaki.lg.jp/documents/112512/112512_20260914170912-1.pdf,L2
宮崎県 国民スポーツ大会（第81回・2027年）,（別紙1）企画提案競技参加申込書（ワード：24KB）,https://www.pref.miyazaki.lg.jp/documents/112512/112512_20260914170935-1.docx,L2
宮崎県 国民スポーツ大会（第81回・2027年）,（別紙3）企画提案競技質問書（PDF：72KB）,https://www.pref.miyazaki.lg.jp/documents/112512/112512_20260914171051-1.pdf,L2
宮崎県 国民スポーツ大会（第81回・2027年）,（別紙3）企画提案競技質問書（ワード：24KB）,https://www.pref.miyazaki.lg.jp/documents/112512/112512_20260914171115-1.docx,L2
宮崎県 国民スポーツ大会（第81回・2027年）,県営大塚B団地1号棟他屋根防水改修事業に係る企画提案競技の実施について(注：関係書類を追加しました)(注：参加表明等に関する質問回答を追加しました)(注：企画提案等に関する質問回答を追加しました),https://www.pref.miyazaki.lg.jp/eizen/kense/chotatsu/20260818110034kenneiootukab.html,L2
宮崎県 国民スポーツ大会（第81回・2027年）,【林業技術センター】大判プリンター賃貸借及び保守に係る一般競争入札（条件付）の実施について,https://www.pref.miyazaki.lg.jp/desaki/kense/chotatsu/20260907084051.html,L2
宮崎県 国民スポーツ大会（第81回・2027年）,【変更】自動無線綴機の賃貸借契約に係る一般競争入札（条件付）について,https://www.pref.miyazaki.lg.jp/somu/kense/chotatsu/20260819135534.html,L2
宮崎県 国民スポーツ大会（第81回・2027年）,都城総合庁舎空調設備改修事業に係る企画提案協議の結果について,https://www.pref.miyazaki.lg.jp/eizen/kense/chotatsu/20260903132707.html,L2
宮崎県 国民スポーツ大会（第81回・2027年）,【総合農業試験場】グロースチャンバーの賃貸借に係る一般競争入札（条件付）の実施について,https://www.pref.miyazaki.lg.jp/desaki/kense/chotatsu/sogonogyoshikenjo/20260728140659.html,L2
宮崎県 国民スポーツ大会（第81回・2027年）,【建築住宅課】フルカラー複合機の複写サービスに係る一般競争入札（条件付）について,https://www.pref.miyazaki.lg.jp/kenchikujutaku/kense/chotatsu/20260824150700.html,L2
宮崎県 国民スポーツ大会（第81回・2027年）,【山村・木材振興課】フルカラー複合機による複写サービスに係る一般競争入札（条件付）について,https://www.pref.miyazaki.lg.jp/sanson-mokuzai/kense/chotatsu/20260820091854.html,L2
宮崎県 国民スポーツ大会（第81回・2027年）,【西都原考古博物館】大型展示映像装置プロジェクターの賃貸借に係る一般競争入札（条件付）について,https://www.pref.miyazaki.lg.jp/desaki/kense/chotatsu/saitobaru/20260820150936.html,L2
宮崎県 国民スポーツ大会（第81回・2027年）,仕様書変更【精神保健福祉センター】フルカラー複合機の複写サービスに係る一般競争入札（条件付）について,https://www.pref.miyazaki.lg.jp/desaki/kense/chotatsu/seishinhoken-c/20260819115623.html,L2
宮崎県 国民スポーツ大会（第81回・2027年）,簡易印刷機の賃貸借及び保守契約に係る一般競争入札（条件付）について,https://www.pref.miyazaki.lg.jp/somu/kense/chotatsu/20260729170900.html,L2
宮崎県 国民スポーツ大会（第81回・2027年）,シュレッダーの賃貸借に係る一般競争入札（条件付）について,https://www.pref.miyazaki.lg.jp/kanri/kense/chotatsu/20260731163023.html,L2
宮崎県 国民スポーツ大会（第81回・2027年）,【宮崎家畜保健衛生所】超高速液体クロマトグラフ分析装置の賃貸借に係る一般競争入札（条件付）の実施について,https://www.pref.miyazaki.lg.jp/desaki/kense/chotatsu/miyazakikaho/20260806131703.html,L2
宮崎県 国民スポーツ大会（第81回・2027年）,県庁6号館機械警備業務に係る一般競争入札について,https://www.pref.miyazaki.lg.jp/somu/kense/chotatsu/20260729171039.html,L2
宮崎県 国民スポーツ大会（第81回・2027年）,県立学校教育用ソフトウェア等ライセンス導入業務に係る一般競争入札について,https://www.pref.miyazaki.lg.jp/kyoikuseisaku/kense/chotatsu/20260701115130.html,L2
宮崎県 国民スポーツ大会（第81回・2027年）,【仕様書変更】【長寿介護課】フルカラー複合機の複写サービスに係る一般競争入札（条件付）について,https://www.pref.miyazaki.lg.jp/choju/kense/chotatsu/20260518101905.html,L2
宮崎県 国民スポーツ大会（第81回・2027年）,【追加・修正あり】【産業政策課】フルカラー複合機の賃貸借及び保守等に係る一般競争入札（条件付）について,https://www.pref.miyazaki.lg.jp/sangyoseisaku/kense/chotatsu/20260513095001.html,L2
宮崎県 国民スポーツ大会（第81回・2027年）,【宮崎身体障害者相談センター】フルカラー複合機の複写サービスに係る一般競争入札（条件付）について,https://www.pref.miyazaki.lg.jp/desaki/shinsyo-c/kense/chotatsu/2026/06/20260601172352.html,L2
宮崎県 国民スポーツ大会（第81回・2027年）,令和8年度RPA等ライセンスの賃貸借及び保守に係る一般競争入札(条件付)の実施について,https://www.pref.miyazaki.lg.jp/digital-suishin/kense/chotatsu/20260526201820.html,L2
宮崎県 国民スポーツ大会（第81回・2027年）,令和8年度子育て支援員研修事業業務委託に係る企画提案競技のご案内,https://www.pref.miyazaki.lg.jp/kodomo-seisaku/kense/chotatsu/20260408140810.html,L2
宮崎県 国民スポーツ大会（第81回・2027年）,【宮崎県消防学校】パーソナルコンピューター及びその関連機器の賃貸借及び保守に係る一般競争入札について,https://www.pref.miyazaki.lg.jp/desaki/kense/chotatsu/shoboh-s/20251219152044.html,L2
宮崎県 国民スポーツ大会（第81回・2027年）,【3月13日仕様書修正】県立学校UTMライセンス更新業務に係る一般競争入札について,https://www.pref.miyazaki.lg.jp/kokokyoiku/kense/chotatsu/20260218152342.html,L2
宮崎県 国民スポーツ大会（第81回・2027年）,【日南土木事務所】仮設物（ソーラー式信号機等）の賃貸借及び保守契約に係る一般競争入札（条件付）について,https://www.pref.miyazaki.lg.jp/desaki/kense/chotatsu/nichinandoboku/20260128092832.html,L2
宮崎県 国民スポーツ大会（第81回・2027年）,令和8年度小包配送業務に係る一般競争入札について,https://www.pref.miyazaki.lg.jp/somu/kense/chotatsu/20260217191038.html,L2
宮崎県 国民スポーツ大会（第81回・2027年）,【仕様書変更】什器等の賃貸借及び保守に係る一般競争入札（条件付）について,https://www.pref.miyazaki.lg.jp/kyogi-shikiten/kense/chotatsu/20260206160819.html,L2
宮崎県 国民スポーツ大会（第81回・2027年）,【質問回答追加】都城総合庁舎空調設備改修事業に係る企画提案協議の実施について,https://www.pref.miyazaki.lg.jp/eizen/kense/chotatsu/20260206075149.html,L2
宮崎県 国民スポーツ大会（第81回・2027年）,警備保障業務に係る条件付一般競争入札について,https://www.pref.miyazaki.lg.jp/fukushihoken/kense/chotatsu/20260216145147.html,L2
宮崎県 国民スポーツ大会（第81回・2027年）,宮崎県建設技術センター自動火災報知設備修繕工事の一般競争入札（条件付）について,https://www.pref.miyazaki.lg.jp/kensetsugijutsu-c/kense/chotatsu/20260123092847.html,L2
宮崎県 国民スポーツ大会（第81回・2027年）,県立学校UTMライセンス更新業務に係る一般競争入札について,https://www.pref.miyazaki.lg.jp/kokokyoiku/kense/chotatsu/20251219175516.html,L2
宮崎県 国民スポーツ大会（第81回・2027年）,【スポーツ指導センター】フルカラー複合機によるプリントサービスに係る一般競争入札（条件付）について,https://www.pref.miyazaki.lg.jp/desaki/kense/chotatsu/kyouikucen/20251209092401.html,L2
宮崎県 国民スポーツ大会（第81回・2027年）,ヒートポンプの賃貸借に係る一般競争入札（条件付）の実施について,https://www.pref.miyazaki.lg.jp/desaki/kense/chotatsu/sogonogyoshikenjo/20251203132721.html,L2
宮崎県 国民スポーツ大会（第81回・2027年）,県営国民宿舎高千穂荘客室カードキースイッチ修繕に係る条件付一般競争入札の実施について,https://www.pref.miyazaki.lg.jp/kanko-suishin/kense/chotatsu/20251028135113.html,L2
宮崎県 国民スポーツ大会（第81回・2027年）,【10月21日質問回答書更新】自動体外式除細動器(AED)の賃貸借及び保守に係る一般競争入札(条件付)について,https://www.pref.miyazaki.lg.jp/ky-zaimufukuri/kense/chotatsu/20250926151235.html,L2
宮崎県 国民スポーツ大会（第81回・2027年）,モノクロ複合機及びフルカラー複合機の複写サービスに係る一般競争入札（条件付）について,https://www.pref.miyazaki.lg.jp/desaki/kense/chotatsu/minaminakanourin/2025hukusyaki.html,L2
宮崎県 国民スポーツ大会（第81回・2027年）,【こども療育センター】医事情報・薬剤オーダリングシステム用機器等の賃貸借及び保守に係る一般競争入札について,https://www.pref.miyazaki.lg.jp/kodomoryoiku-c/kense/chotatsu/20251002163012.html,L2
宮崎県 国民スポーツ大会（第81回・2027年）,えびの高原給水施設機能増設工事に係る条件付一般競争入札の実施について,https://www.pref.miyazaki.lg.jp/kanko-suishin/kense/chotatsu/20250903200731.html,L2
宮崎県 国民スポーツ大会（第81回・2027年）,【林業技術センター】デジタルマイクロスコープの賃貸借及び保守に係る一般競争入札について,https://www.pref.miyazaki.lg.jp/desaki/kense/chotatsu/ringyougijyutu/r.html,L2
宮崎県 国民スポーツ大会（第81回・2027年）,DNA解析用パソコン賃貸借及び保守に係る一般競争入札（条件付）について,https://www.pref.miyazaki.lg.jp/chikusan-shikenjo/kense/chotatsu/20250821161936.html,L2
宮崎県 国民スポーツ大会（第81回・2027年）,農業科学公園合併処理槽破砕機用ドラムキャスティング交換等修繕に係る条件付一般競争入札の実施について,https://www.pref.miyazaki.lg.jp/desaki/kense/chotatsu/nougyoudaigakkou/20250821133649.html,L2
宮崎県 国民スポーツ大会（第81回・2027年）,宮崎県総合農業試験場亜熱帯作物支場トロピカルガーデンウッドデッキ他復旧修繕に係る条件付一般競争入札の実施について,https://www.pref.miyazaki.lg.jp/desaki/kense/chotatsu/sogonogyoshikenjo/20250723155912.html,L2
宮崎県 国民スポーツ大会（第81回・2027年）,【財産総合管理課】フルカラー複合機の複写サービスに係る一般競争入札（条件付）について,https://www.pref.miyazaki.lg.jp/zaisansogokanri/kense/chotatsu/20250625124942.html,L2
宮崎県 国民スポーツ大会（第81回・2027年）,【漁業管理課】フルカラー複合機による複写サービスに係る一般競争入札（条件付）について,https://www.pref.miyazaki.lg.jp/gyogyo-kanri/kense/chotatsu/20250807105436.html,L2
宮崎県 国民スポーツ大会（第81回・2027年）,【砂防課】フルカラー複合機による複写サービスに係る一般競争入札（条件付）について,https://www.pref.miyazaki.lg.jp/sabo/kense/chotatsu/nyusatsu/20250807195636.html,L2
宮崎県 国民スポーツ大会（第81回・2027年）,【水産試験場】フルカラー複合機の複写サービスに係る一般競争入札(条件付)について,https://www.pref.miyazaki.lg.jp/desaki/kense/chotatsu/suisannshikenjo/20250729093305.html,L2
宮崎県 国民スポーツ大会（第81回・2027年）,【延岡土木事務所】フルカラー複合機の複写サービス（2台）に係る一般競争入札（条件付）について,https://www.pref.miyazaki.lg.jp/desaki/kense/chotatsu/nobeokadoboku/20250618151308.html,L2
宮崎県 国民スポーツ大会（第81回・2027年）,【北部港湾事務所】カラー複合機の複写サービス（2台）に係る一般競争入札（条件付き）について,https://www.pref.miyazaki.lg.jp/desaki/kense/chotatsu/hokubukowan/hukugouki-20250619.html,L2
宮崎県 国民スポーツ大会（第81回・2027年）,宮崎県畜産試験場川南支場養鶏科肉用種鶏検定舎屋根の修繕に係る一般競争入札（条件付）について,https://www.pref.miyazaki.lg.jp/chikusan-shikenjo/kense/chotatsu/20250605102258keiysya.html,L2
宮崎県 国民スポーツ大会（第81回・2027年）,フルカラー複合機によるプリントサービスに係る一般競争入札（条件付）について,https://www.pref.miyazaki.lg.jp/dorohozen/kense/chotatsu/20250603145505.html,L2
宮崎県 国民スポーツ大会（第81回・2027年）,トナーカートリッジの物品供給単価契約に係る一般競争入札（条件付）について,https://www.pref.miyazaki.lg.jp/desaki/kense/chotatsu/sogonogyoshikenjo/20250527114636.html,L2
宮崎県 国民スポーツ大会（第81回・2027年）,【質問回答書の追加】研修等コンピュータシステム賃貸借及び保守管理業務に係る一般競争入札（条件付）について,https://www.pref.miyazaki.lg.jp/kensetsugijutsu-c/kense/chotatsu/20250529102644.html,L2
宮崎県 国民スポーツ大会（第81回・2027年）,「宮崎ー韓国青少年国際交流事業」業務の一般競争入札の実施について,https://www.pref.miyazaki.lg.jp/kokusai-keizaikoryu/kense/chotatsu/20250605100643.html,L2
宮崎県 国民スポーツ大会（第81回・2027年）,産業廃棄物処理施設浸透水等分析測定業務の一般競争入札（条件付）の実施について,https://www.pref.miyazaki.lg.jp/junkansuishin/kense/chotatsu/20250516093325.html,L2
宮崎県 国民スポーツ大会（第81回・2027年）,【質問回答書追加】「高等特別支援学校建設工事に伴う仮設校舎賃貸借」に係る一般競争入札（条件付）について,https://www.pref.miyazaki.lg.jp/ky-tokubetsushien/kense/chotatsu/kasetsu20250417.html,L2
宮崎県 国民スポーツ大会（第81回・2027年）,【水産試験場】環境DNA分析機器（リアルタイムPCRシステム）の賃貸借及び保守に係る一般競争入札(条件付)について,https://www.pref.miyazaki.lg.jp/desaki/kense/chotatsu/suisannshikenjo/20250423160153.html,L2
宮崎県 国民スポーツ大会（第81回・2027年）,【水産試験場】令和7年度浮魚礁魚群蝟集状況調査等業務委託一般競争入札（条件付）の実施について,https://www.pref.miyazaki.lg.jp/desaki/kense/chotatsu/suisannshikenjo/20250418114445ukigyosho.html,L2
宮崎県 国民スポーツ大会（第81回・2027年）,みやざき動物愛護センターで使用する医療機器の賃貸借契約等に係る一般競争入札について,https://www.pref.miyazaki.lg.jp/eiseikanri/kense/chotatsu/sealing/sealingnyusatu.html,L2
宮崎県 国民スポーツ大会（第81回・2027年）,Google Workspaceライセンスの賃貸借及び保守に係る一般競争入札(条件付)の実施について,https://www.pref.miyazaki.lg.jp/digital-suishin/kense/chotatsu/20250410184301.html,L2
宮崎県 国民スポーツ大会（第81回・2027年）,令和7年度生成AIサービスの賃貸借及び保守に係る入札公告,https://www.pref.miyazaki.lg.jp/digital-suishin/kense/chotatsu/20250220140215.html,L2
宮崎県 国民スポーツ大会（第81回・2027年）,令和7年度小包配送業務に係る一般競争入札について,https://www.pref.miyazaki.lg.jp/somu/kense/chotatsu/20250226183531.html,L2
宮崎県 国民スポーツ大会（第81回・2027年）,電子入札等システムサービス利用業務公告,https://www.pref.miyazaki.lg.jp/gijutsukikaku/kense/chotatsu/20241003114229.html,L2
宮崎県 国民スポーツ大会（第81回・2027年）,宮崎県災害支援備蓄物資の移転業務の一般競争入札（条件付）について,https://www.pref.miyazaki.lg.jp/kiki-kikikanri/kense/chotatsu/20250130192421.html,L2
宮崎県 国民スポーツ大会（第81回・2027年）,県営国民宿舎えびの高原荘西館屋根改修工事に係る一般競争入札（条件付き）の実施について,https://www.pref.miyazaki.lg.jp/kanko-suishin/kense/chotatsu/20241215091512.html,L2
宮崎県 国民スポーツ大会（第81回・2027年）,宮崎県畜産試験場川南支場種豚舎・育成豚舎・家畜衛生試験舎カーテン修繕に係る一般競争入札（条件付）の実施について,https://www.pref.miyazaki.lg.jp/desaki/kense/chotatsu/chikushi-kawaminami/20241219134954.html,L2
宮崎県 国民スポーツ大会（第81回・2027年）,宮崎県農業科学公園管理棟西側倉庫シャッター取替修繕に係る一般競争入札（条件付）の実施について,https://www.pref.miyazaki.lg.jp/desaki/kense/chotatsu/20241217201534.html,L2
宮崎県 国民スポーツ大会（第81回・2027年）,宮崎県林業技術センター新高性能林業機械庫の屋根・壁修繕に係る一般競争入札（条件付）の実施について,https://www.pref.miyazaki.lg.jp/desaki/kense/chotatsu/20241114131053ringi-c_kikaiko3.html,L2
宮崎県 国民スポーツ大会（第81回・2027年）,えびの高原荘浄化槽ルーツブロワー及び流調槽フロートスイッチ修繕業務に係る条件付一般競争入札の実施について,https://www.pref.miyazaki.lg.jp/kanko-suishin/kense/chotatsu/20241106171102.html,L2
宮崎県 国民スポーツ大会（第81回・2027年）,県営国民宿舎高千穂荘レストラン及び3階客室照明設備修繕に係る条件付一般競争入札の実施について,https://www.pref.miyazaki.lg.jp/kanko-suishin/kense/chotatsu/20241031181714.html,L2
宮崎県 国民スポーツ大会（第81回・2027年）,宮崎県立農業大学校第7教室空調機（室外機）の圧縮機等取替修繕に係る一般競争入札（条件付）の実施について,https://www.pref.miyazaki.lg.jp/desaki/kense/chotatsu/20241021185016.html,L2
宮崎県 国民スポーツ大会（第81回・2027年）,プリンタの賃貸借及び保守業務に係る一般競争入札（条件付）について,https://www.pref.miyazaki.lg.jp/fukushihoken/kense/chotatsu/20241021115330.html,L2
宮崎県 国民スポーツ大会（第81回・2027年）,令和6年度仮設観客席借上げ業務について,https://www.pref.miyazaki.lg.jp/sportsland/kense/chotatsu/20240906174513.html,L2
宮崎県 国民スポーツ大会（第81回・2027年）,西諸県農業改良普及センター火災等複合受信機及び非常用放送設備更新修繕業務に係る一般競争入札（条件付）の実施について,https://www.pref.miyazaki.lg.jp/desaki/kense/chotatsu/nishimoronorin/20240918090039.html,L2
長野県 国民スポーツ大会（第82回・2028年）,公共工事入札・契約情報,https://www.pref.nagano.lg.jp/kensei/nyusatsu/kokyokoji/index.html,L2
長野県 国民スポーツ大会（第82回・2028年）,競争入札参加資格（建設工事等）,https://www.pref.nagano.lg.jp/kensei/nyusatsu/koji/index.html,L2
長野県 国民スポーツ大会（第82回・2028年）,物品・委託等調達情報,https://www.pref.nagano.lg.jp/kensa/kensei/nyusatsu/buppin/index.html,L2
長野県 国民スポーツ大会（第82回・2028年）,製造の請負、物件の買入れの関係様式等,https://www.pref.nagano.lg.jp/kensa/kensei/nyusatsu/buppin/yoshiki.html,L2
長野県 国民スポーツ大会（第82回・2028年）,一般競争入札への参加手続について,https://www.pref.nagano.lg.jp/kensa/kensei/nyusatsu/buppin/ippankyoso.html,L2
長野県 国民スポーツ大会（第82回・2028年）,公募型見積合わせへの参加手続について,https://www.pref.nagano.lg.jp/kensa/kensei/nyusatsu/buppin/kobogata.html,L2
長野県 国民スポーツ大会（第82回・2028年）,競争入札参加資格（製造・買入れ・その他）,https://www.pref.nagano.lg.jp/kensa/kensei/nyusatsu/bukken/index.html,L2
長野県 国民スポーツ大会（第82回・2028年）,競争入札参加資格申請の県・市町村の共同受付について,https://www.pref.nagano.lg.jp/kensa/kensei/nyusatsu/buppin/densityoutatu/nyuusatsusankasikaku.html,L2
長野県 国民スポーツ大会（第82回・2028年）,令和7・8・9年度競争入札参加資格（製造・買入れ・その他）の申請について,https://www.pref.nagano.lg.jp/kensa/kensei/nyusatsu/bukken/789teikisinnsa.html,L2
長野県 国民スポーツ大会（第82回・2028年）,製造の請負・物件の買入れ・その他の契約における電子入札の導入について,https://www.pref.nagano.lg.jp/kensa/kensei/nyusatsu/buppin/densinyuusatu.html,L2
長野県 国民スポーツ大会（第82回・2028年）,製造の請負・物件の買入れ・その他の契約における電子入札システムの操作説明会について,https://www.pref.nagano.lg.jp/kensa/kensei/nyusatsu/buppin/densinyuusa.html,L2
長野県 国民スポーツ大会（第82回・2028年）,製造の請負、物件の買入れ、その他の契約の概要,https://www.pref.nagano.lg.jp/kensa/kensei/nyusatsu/buppin/tetsuzuki/index.html,L2
長野県 国民スポーツ大会（第82回・2028年）,長野県森林整備業務の入札参加資格,https://www.pref.nagano.lg.jp/rinsei/kensei/nyusatsu/kokyokoji/denshi/nyusatsu/hitsudoku/ichiran/sankashikaku.html,L2
長野県 国民スポーツ大会（第82回・2028年）,建築保全業務における最低制限価格制度の導入について,https://www.pref.nagano.lg.jp/kensa/kenchikuhozengyoumu/kenchikuhozen_saiteiseigen.html,L2
長野県 国民スポーツ大会（第82回・2028年）,「令和8年度一人ひとりの防災対策啓発業務」の業務受託者の公募型プロポーザル方式による募集について【募集終了】,https://www.pref.nagano.lg.jp/bosai/kurashi/shobo/bosai/r8keihatu.html,L2
長野県 国民スポーツ大会（第82回・2028年）,「令和8年度地震災害における弱部項目精査業務」の業務受託者の公募型プロポーザル方式による募集について【募集終了】,https://www.pref.nagano.lg.jp/bosai/kurashi/shobo/bosai/r8jakubukoumokuseisa.html,L2
群馬県 国民スポーツ大会（第83回・2029年）,【渡良瀬遊水地連携捕獲協議会】令和8（2026）年度渡良瀬遊水地センサーカメラ及びドローンによるイノシシ生息状況調査業務委託,https://www.pref.gunma.jp/page/651503.html,L1
群馬県 国民スポーツ大会（第83回・2029年）,入札・公売・公募情報,https://www.pref.gunma.jp/adv/ba.php?id=14,L1
群馬県 国民スポーツ大会（第83回・2029年）,入札公告 （PDF：100KB）,https://www.pref.gunma.jp/uploaded/attachment/715065.pdf,L2
群馬県 国民スポーツ大会（第83回・2029年）,入札説明書 （PDF：163KB）,https://www.pref.gunma.jp/uploaded/attachment/715072.pdf,L2
群馬県 国民スポーツ大会（第83回・2029年）,【入札公告】群馬県立小児医療センター空調用フィルター更新工事に係る一般競争入札（事後審査方式）,https://www.pref.gunma.jp/site/nyuusatsu/776420.html,L2
群馬県 国民スポーツ大会（第83回・2029年）,【公募】「子どもかるたコミュニティ」モデル事業委託業務に係る公募型プロポーザルの実施について,https://www.pref.gunma.jp/site/nyuusatsu/776104.html,L2
群馬県 国民スポーツ大会（第83回・2029年）,【公募】tsukurunサイト改修等業務に係る公募型プロポーザルの実施について,https://www.pref.gunma.jp/site/nyuusatsu/774244.html,L2
群馬県 国民スポーツ大会（第83回・2029年）,【公募】群馬県未来構想フォーラム2026（総括回）開催業務に係る公募型プロポーザルの実施について,https://www.pref.gunma.jp/site/nyuusatsu/776269.html,L2
群馬県 国民スポーツ大会（第83回・2029年）,群馬県公式ＥＣサイト（仮称）出品者公募について,https://www.pref.gunma.jp/page/775748.html,L2
群馬県 国民スポーツ大会（第83回・2029年）,入札／公売／公募,https://www.pref.gunma.jp/site/nyuusatsu,L2
群馬県 国民スポーツ大会（第83回・2029年）,電子入札システムへのリンク,https://www.pref.gunma.jp/site/nyuusatsu/list137-779.html,L2
群馬県 国民スポーツ大会（第83回・2029年）,工事等入札参加資格,https://www.pref.gunma.jp/site/nyuusatsu/list138-783.html,L2
群馬県 国民スポーツ大会（第83回・2029年）,工事等入札参加資格申請の詳細,https://www.pref.gunma.jp/site/nyuusatsu/list138-1605.html,L2
群馬県 国民スポーツ大会（第83回・2029年）,物件購入及び製造等の競争入札参加資格,https://www.pref.gunma.jp/site/nyuusatsu/list138-784.html,L2
群馬県 国民スポーツ大会（第83回・2029年）,【入札】土木・建築・設備,https://www.pref.gunma.jp/site/nyuusatsu/list135-769.html,L2
群馬県 国民スポーツ大会（第83回・2029年）,【入札】調査・委託,https://www.pref.gunma.jp/site/nyuusatsu/list135-770.html,L2
群馬県 国民スポーツ大会（第83回・2029年）,【入札】物品等,https://www.pref.gunma.jp/site/nyuusatsu/list135-771.html,L2
群馬県 国民スポーツ大会（第83回・2029年）,【公募】プロポーザル等,https://www.pref.gunma.jp/site/nyuusatsu/list135-773.html,L2
