制度ID,制度名,所管,種別,当社の立ち位置,補助率,上限額,公募開始,締切,前段関門,次回見込み,状態,最終確認日,根拠URL,備考
jizokuka-ippan-20,小規模事業者持続化補助金＜一般型・通常枠＞第20回,中小企業庁,補助金,支援側（産地・事業者に使わせる）,2/3（賃金引上げ特例のうち赤字事業者は3/4）,基本50万円＋インボイス特例50万円＋賃金引上げ特例150万円（両特例は200万円上乗せ）＝最大250万円,2026-11-05,2026-12-15 17:00,事業支援計画書（様式4）の発行受付締切 2026-12-04（商工会・商工会議所）。ここが実質の期限,,現存,2026-09-15,https://r6.jizokukahojokin.info/,公募要領第8版(2026-07-21改版) p.7-8 で補助率・上限を直接確認。第17回以降は名称が＜一般型・通常枠＞
jizokuka-kyodo-3,小規模事業者持続化補助金＜共同・協業型＞第3回,中小企業庁,補助金,申請者（当社が支援機関として申請）,要確認,"上限3,000万円（参画10者以上）／2,000万円（5〜9者）",,2026-09-30 17:00,GビズIDプライム（取得済）,,現存,2026-08-31,https://r6.kyodokyogyohojokin.info/,台帳にも登録済み。【生島様 2026-08-31：企画を立てて申請したい】
monodukuri-global,ものづくり補助金 グローバル枠,中小企業庁,補助金,支援側（産地・事業者に使わせる）,中小1/2・小規模2/3,"3,000万円（大幅賃上げ特例で4,000万円）",,,GビズIDプライム・電子申請,2027-02 頃【推定】,現存,2026-09-15,https://portal.monodukuri-hojo.jp/,**2026-09-15まで台帳・巡回先に1件も無かった。**海外市場開拓類型は最終販売先の1/2以上が海外顧客。2026-09-15に総合サイトを確認：23次締切まで進行（採択結果公表済）。**24次以降の日程は未公表**。補助率・上限は二次情報（補助金ポータル等）による。**公募要領での確認は未了**
dentou-kougei,伝統的工芸品産業支援補助金,経済産業省,補助金,支援側／共同申請,1/2〜2/3（区分による）,"原則2,000万円",,2026-01-29（令和8年度分・終了）,,2027-01 頃【推定】,現存,2026-09-15,https://www.meti.go.jp/policy/mono_info_service/mono/nichiyo-densan/,国内外の大消費地等での展示会出展など需要開拓事業が対象。台帳に1件あり（締切超過）。2026-09-15に経産省ページを確認：令和8年度は災害復興事業が5/29締切で掲載。**次年度の一般公募の時期は未公表。1月頃という見込みは推定である**
takumi-next,TAKUMI NEXT（日本の食品等の海外展開支援）,ジェトロ（日本貿易振興機構）,無償支援,支援側（産地に周知）,参加費無料,—,,2026-04-24,,2027-03〜04 頃【推定】,現存,2026-09-15,https://www.jetro.go.jp/services/takumi_next/,**workflow に名前だけあり、制度として持っていなかった。**2026-09-15にジェトロのページを確認：「今年度の募集は終了しました」。締切は2026-04-24。参加費無料。次回に備えて産地へ事前周知する価値がある
shinyushutsu-handson,新輸出大国コンソーシアム パートナーによるハンズオン支援業務（業務委託先の公募）,ジェトロ 海外展開支援部 中堅中小企業課,委託公募,受託者,—,1委託620万円（税別）上限・出来高精算＋出張費実費。採択240名程度,2026-12下旬【推定】,2027-01-16【推定】,公募説明書の交付申請（odb-hands-on@jetro.go.jp へメール）,2026-12下旬,現存,2026-09-08,https://www.jetro.go.jp/procurement/publicoffer/odb/a01c8f0947d6e641.html,**等級指定なし。D等級で届く。**台帳の「公告待ち」にも登録済み
smrj-handson,中小機構 海外展開ハンズオン支援,中小機構,無償支援,支援側（自治体・支援機関も対象）,無料,—,随時,随時,,随時,現存,2026-09-15,https://www.smrj.go.jp/,**当初書いたURL（/sme/international/）は404だった。自分で確かめずに書いていた。**2026-09-15に404を実測し、トップへ差し替えた。**制度の入口URLは未特定。無料・随時・支援機関（自治体）も対象という内容は二次情報であり、一次資料で未確認**
jfc-kaigai,日本政策金融公庫 海外展開・事業再編資金,日本政策金融公庫,融資,支援側（産地・事業者に使わせる）,—,"融資限度額 7,200万円",随時,随時,,随時,現存,2026-09-15,https://www.jfc.go.jp/n/finance/search/,"**当初書いたURL（06_kaigaitenkai_m.html）は404だった。自分で確かめずに書いていた。**2026-09-15に404を実測し、融資制度の検索ページへ差し替えた。**融資限度額7,200万円は二次情報。一次資料で未確認。**融資は「補助金・公募」の枠から外れるため母集団に入っていなかった"
japan-brand-ikusei,JAPANブランド育成支援等事業,中小機構,補助金,—,—,—,,,,,廃止（ものづくり補助金グローバル枠へ統合）,2026-09-15,https://portal.monodukuri-hojo.jp/,**現存しない。2026-09-15 に生島様のご指摘で判明。**workflow/report-template.md に「締切2026年10月2日」という架空の締切が残っていた。**廃止した制度も行として残す。消すと、また誰かが善意で書き戻す**
chiiki-mirai,地域未来交付金（地域未来推進型ほか）,内閣官房 地域未来戦略本部事務局／内閣府 地方創生推進事務局,交付金（財源）,受託者（自治体が発注する委託の原資）,1/2,都道府県15億円/年度・市区町村10億円/年度（自治体への交付上限）,,,,次回募集は未公表,現存,2026-09-15,https://www.chisou.go.jp/sousei/about/chiikimiraikoufukin/index.html,"当社が申請するものではない。R8交付決定3,434事業・1,741億円。抽出表 data/chiiki_mirai_r8.csv"
tokyo-shikaku-teiki,東京都 競争入札参加資格 定期受付,東京都,資格,申請者,—,—,2026-09-14,2026-10-30,電子証明書・決算書,,現存,2026-09-09,https://www.e-procurement.metro.tokyo.lg.jp/,資格の有効期間 2027-04-01〜2029-03-31。**10種目・各8品目まで。取得後の変更不可**
zenshouchou-toitsu,全省庁統一資格,各府省庁,資格,申請者（D等級取得済）,—,—,随時,随時,,随時,現存,2026-08-31,https://www.chotatsu.geps.go.jp/,令和7・8・9年度。当面D等級のまま（生島様のご方針）
chancenavi,ビジネスチャンス・ナビ2020（事業者登録）,東京都・東京都中小企業振興公社,資格,申請者,—,—,随時,随時,,随時,現存,2026-09-15,https://www.chancenavi.jp/bcn/,**公社の委託案件はここでのみ希望申出を受け付ける。募集期間7〜10日。当社の登録状況が未確認のまま。**2026-09-15：**どのスクリプトも一度も叩いていなかったことが判明。**トップページは公開されており、TOKYO LIGHTS 2027 ほか4件の未登録案件をここで検出した。**ただし「入札・発注情報エリア」はJavaScriptで、curlでは一覧が取れない。登録後の確認が要る**
artscouncil-miryoku,アーツカウンシル東京 芸術文化魅力創出助成,公益財団法人東京都歴史文化財団 アーツカウンシル東京,助成金,申請者（当社が主催・共催する催事で申請できる）,助成対象経費の1/2以内,"2,000万円（税抜）＋サポート費A 300万円／B 20万円",2026-08-19,2026-09-24,助成オンラインシステムの団体アカウント登録（所定様式は登録後でないと入手できない）,2027年度 第1期【推定】（第2期は8月中旬公募・9月下旬締切）,現存,2026-09-24,https://www.artscouncil-tokyo.jp/grants/grant-for-artistic-city/29105/,第2期の申請受付は2026-08-19 14:00〜09-24 14:00。**17時ではなく14時。**要件＝都内に本部事務所を持つ団体が主催し、複数の団体が主催・共催する一般公開の芸術文化事業。実施期間は2026-12-16以降開始〜2027-12-15終了
digital-ai-2026,デジタル化・AI導入補助金2026（旧 IT導入補助金）,中小企業庁／独立行政法人中小企業基盤整備機構,補助金,支援側（産地・事業者に使わせる／当社のHP・EC制作案件の原資）,要確認,要確認,,,GビズIDプライム,随時（交付申請受付中）,現存,2026-09-24,https://it-shien.smrj.go.jp/,**2026年度から名称が「IT導入補助金」から「デジタル化・AI導入補助金2026」に変わっている。**旧名で探すと見つからない。サイトには「【デジタル化・AI導入補助金2026】交付申請受付開始のお知らせ」「IT導入支援事業者及びITツール登録申請受付開始」が掲載。IT導入補助金2023〜2025は効果報告の受付のみ
vipo-jlod,J-LOD（コンテンツ海外展開支援）,経済産業省／VIPO（映像産業振興機構）,補助金,—,,,,,,,終了（後継＝IP360補助金ほか）,2026-09-24,https://vipo.or.jp/j-lod/,**VIPOのサイトで「過去の補助金事業」の欄に置かれている（平成30年度・令和元年度・令和2年度）。現行制度ではない。**廃止の行として残す。消すと、また誰かが善意で書き戻す（JAPANブランド育成支援等事業と同じ）
vipo-ip360,IP360補助金（海外展開支援・開発プラットフォーム構築支援）,VIPO（映像産業振興機構）,補助金,支援側（コンテンツ・文化事業者の海外展開。当社の海外出展事業と隣接）,要確認,要確認,,,,要確認,現存,2026-09-24,https://vipo.or.jp/j-lod/,**J-LODの後継にあたる現行事業。**ほかに「令和6年度補正クリエイター・事業者支援事業費補助金（クリエイター・事業者海外展開促進）」も現行。個別の公募要領は未読
bunka-shinko,文化庁 文化芸術振興費補助金,文化庁,補助金,支援側／共同申請（国際共同制作・海外展示）,要確認,要確認,,,,要確認,現存,2026-09-24,https://www.bunka.go.jp/shinsei_boshu/kobo/index.html,2026-09-24 時点の公募一覧に「令和8年度文化芸術振興費補助金（文化施設サービス刷新・活動活性化等運営改善推進支援事業）2次募集」を確認。**個別の枠は多数あり、どの枠が当社に使えるかは未精査**
nomura-art,野村財団 芸術文化助成（美術部門・音楽部門）,公益財団法人野村財団,助成金,支援側（作家・団体に周知。当社が受託する催事の出演者・出品者の原資）,要確認,要確認,,,,2027年度上期（募集要項が掲載済み）,現存,2026-09-24,https://www.nomurafoundation.or.jp/grant/art/,2026-09-24 時点で「2027年度上期芸術文化助成の募集要項を掲載しました」を確認。若手芸術家の育成、公演会・展覧会・シンポジウムの国際交流活動が対象。**前期・後期の年2回制**
jta-inbound-anzen,地方誘客促進に向けたインバウンド安全・安心対策推進事業（令和7年度補正）,観光庁,補助金（財源）,受託者（交付先は自治体・DMO・観光施設・宿泊・交通。当社はその委託を受ける側）,補助対象経費の1/2以内,要確認,2026-02-02,2027-01-29,,,現存,2026-09-24,https://www.mlit.go.jp/kankocho/kobo08_00055.html,**締切 令和9年1月29日（金）17時必着。公募期間は延長済み。**当社が直接の交付先ではないが、地域未来交付金と同じ「上流の財源」。交付を受けた自治体・DMOが行う受入環境整備は、当社が受託してきた業務と重なる
