相性,理由,初観測,締切,締切種別,金額,金額_円,案件名,チャネル,URL,取得
S,海外展示会・出展支援（東京手仕事M&Oと同型）,2026-09-16,,,,0,２０２７年国際園芸博覧会 協会警備隊資機材賃貸借契約の一般競争入札について,expo2027,,リンクなし（ナビ等。手で開く必要あり）
S,海外展示会・出展支援（東京手仕事M&Oと同型）,2026-09-16,,,,0,２０２７年国際園芸博覧会 協会警備隊資機材賃貸借契約 その２の一般競争入札について,expo2027,,リンクなし（ナビ等。手で開く必要あり）
S,海外展示会・出展支援（東京手仕事M&Oと同型）,2026-09-16,,,,0,２０２７年国際園芸博覧会 車両検査場等に係る賃貸借の一般競争入札について,expo2027,,リンクなし（ナビ等。手で開く必要あり）
S,海外展示会・出展支援（東京手仕事M&Oと同型）,2026-09-16,,,,0,２０２７年国際園芸博覧会 上川井瀬谷１号線ほか3か所道路改良工事に関する入札公告について,expo2027,,リンクなし（ナビ等。手で開く必要あり）
A,イベント企画運営,2026-10-05,,,,0,令和９年度（誘致支援事業）国際会議開催支援プログラム実施業務委託,chancenavi,,リンクなし（ナビ等。手で開く必要あり）
A,会議・セミナー等の運営,2026-10-05,,,,0,「令和8年度内定者交流会及び県外出身大学生向けバスツアー実施業務」の企画提案募集について - 宮城県公式ウェブサイト,jc-ab6088a2,,リンクなし（ナビ等。手で開く必要あり）
A,会議・セミナー等の運営,2026-10-05,,,,0,&gt; 「令和8年度内定者交流会及び県外出身大学生向けバスツアー実施業務」の企画提案募集について,jc-ab6088a2,,リンクなし（ナビ等。手で開く必要あり）
A,会議・セミナー等の運営,2026-10-05,,,,0,「 令和8年度内定者交流会及び県外出身大学生向けバスツアー実施業務 」の企画提案募集について,jc-ab6088a2,,リンクなし（ナビ等。手で開く必要あり）
A,会議・セミナー等の運営,2026-10-05,,,,0,令和8年度内定者交流会及び県外出身大学生向けバスツアー実施業務,jc-ab6088a2,,リンクなし（ナビ等。手で開く必要あり）
A,会議・セミナー等の運営,2026-10-05,,,,0,「令和8年度内定者交流会及び県外出身大学生向けバスツアー実施業務」企画提案に係る仕様書のとおり,jc-ab6088a2,,リンクなし（ナビ等。手で開く必要あり）
A,会議・セミナー等の運営,2026-10-05,,,,0,豊かな長寿社会創造カンファレンス開催事業業務委託に係る企画提案競技の実施について,jc-61762f98,,リンクなし（ナビ等。手で開く必要あり）
A,会議・セミナー等の運営,2026-10-05,,,,0,「宮崎ひなた暮らし」移住促進イベント開催業務委託企画提案競技の実施について,jc-a0ba87a6,https://www.pref.miyazaki.lg.jp/desaki/kense/chotatsu/tokyojimusyo/20241009093249.html,取得できず HTTP 404
A,会議・セミナー等の運営,2026-10-06,,,,0,「令和8年度東京都中小企業知的財産シンポジウム」に係る運営等業務委託,tokyo-kosha-keiyaku,,リンクなし（ナビ等。手で開く必要あり）
A,イベント企画運営,2026-10-06,,,,0,令和8年度「海外企業とのイノベーション創出支援事業」に係る東京展開セミナー運営業務委託(マレーシア),tokyo-kosha-keiyaku,,リンクなし（ナビ等。手で開く必要あり）
A,会議・セミナー等の運営,2026-10-06,,,,0,「令和8年度中小小売商業活性化フォーラム」の開催に係る運営業務委託,tokyo-kosha-keiyaku,,リンクなし（ナビ等。手で開く必要あり）
A,会議・セミナー等の運営,2026-10-06,,,,0,令和8年度 多摩イノベーション総合支援事業 新技術創出交流会 技術アピールシート集の印刷・製本および発送業務の委託について,tokyo-kosha-keiyaku,,リンクなし（ナビ等。手で開く必要あり）
A,イベント企画運営,2026-10-06,,,,0,令和8年度 伝統工芸品産業経営課題解決支援事業（職人ステップアップ事業）「普及啓発セミナー」「経営課題別特別講座」企画運営業務委託先選定実施について（総合評価方式）,tokyo-kosha-keiyaku,,リンクなし（ナビ等。手で開く必要あり）
A,イベント企画運営,2026-10-06,,,,0,海外進出サポート事業に係るセミナー運営等業務委託,tokyo-kosha-keiyaku,,リンクなし（ナビ等。手で開く必要あり）
A,会議・セミナー等の運営,2026-10-07,,,,0,令和8年度「BCP策定推進フォーラム」開催に係る業務委託,tokyo-kosha-keiyaku,,リンクなし（ナビ等。手で開く必要あり）
A,会議・セミナー等の運営,2026-10-08,,,,0,「令和8年度ベトナムにおける青森県レセプション運営等業務」に係る企画提案を募集します,jc-e50bb648,,リンクなし（ナビ等。手で開く必要あり）
A,会議・セミナー等の運営,2026-10-08,,,,0,岐阜県健康づくりフォーラム企画運営及び冊子制作等業務委託に関する一般競争入札公告,jc-7b6a4a8c,https://www.pref.gifu.lg.jp/bid/520631.html,取得できず HTTP 404
A,会議・セミナー等の運営,2026-10-09,,,,0,令和８年度賛助会員交流会の手配及び運営・管理業務委託,tcvb-keiyaku,,リンクなし（ナビ等。手で開く必要あり）
A,会議・セミナー等の運営,2026-10-09,,,,0,令和８年度観光活性化フォーラム運営業務委託,tcvb-keiyaku,,リンクなし（ナビ等。手で開く必要あり）
A,会議・セミナー等の運営,2026-10-09,,,,0,令和8年度東京都MICEシンポジウム等運営業務委託,tcvb-keiyaku,,リンクなし（ナビ等。手で開く必要あり）
A,会議・セミナー等の運営,2026-10-09,,,,0,令和８年度ユニークベニューショーケースイベント企画運営業務委託,tcvb-keiyaku,,リンクなし（ナビ等。手で開く必要あり）
A,イベント企画運営,2026-10-10,,,,0,令和8年度「海外企業とのイノベーション創出支援事業」に係る東京展開セミナー運営業務委託(シンガポール),tokyo-kosha-keiyaku,,リンクなし（ナビ等。手で開く必要あり）
A,イベント企画運営,2026-10-10,,,,0,令和8年度「海外企業とのイノベーション創出支援事業」に係る東京展開セミナー運営業務委託(インド),tokyo-kosha-keiyaku,,リンクなし（ナビ等。手で開く必要あり）
