公表日,契約番号,件名,営業種目,履行期間,契約方法
令和8年8月28日,08-00581,【電子】 東京都地域通訳案内士認定研修及びフォローアップ研修の企画運営業務委託,事務支援,契約確定の日の翌日から令和9年3月31日まで,希望制指名競争入札
令和8年8月28日,08-10471,【電子】 都立立川高等学校外12校 産業廃棄物収集運搬・処分委託,廃棄物処理,契約確定の日の翌日から令和8年12月28日まで,希望制指名競争入札
令和8年8月28日,08-10472,【電子】 都立八王子東高等学校外12校 産業廃棄物収集運搬・処分委託,廃棄物処理,契約確定の日の翌日から令和8年12月28日まで,希望制指名競争入札
令和8年8月28日,08-20735,【電子】 大江戸線ずい道照明設備保守点検委託,電気・暖冷房等設備保守,契約締結の日から令和9年2月26日まで,希望制指名競争入札
令和8年8月28日,08-20736,【電子】 鋳鋼クリップ外９点（馬込・志村・木場）の買入れ,電車両・軌道用品,令和9年1月15日,希望制指名競争入札
令和8年8月28日,08-20737,【電子】 平座金外２３点（馬込・志村・大島・木場・光が丘）の買入れ,電車両・軌道用品,令和9年1月15日,希望制指名競争入札
令和8年8月28日,08-20756,【電子】 大型スポットクーラー（渋谷ほか）の買入れ,産業用機械器具類,令和9年1月29日,希望制指名競争入札
令和8年8月28日,08-20757,【電子】 令和８年度運転席大型仕切板の買入れ,自動車・自転車,令和9年3月19日,希望制指名競争入札
令和8年8月28日,08-00025,【電子】 東京都水道局北営業所什器等運搬委託（その３）,運送等請負,契約確定の日の翌日から令和8年10月30日まで,希望制指名競争入札
令和8年8月27日,08-00339,【電子】 令和８年度全国各地との連携事業における都営地下鉄広告の掲出（その３）,広告代理,契約確定の日の翌日から令和8年11月20日まで,希望制指名競争入札
令和8年8月27日,08-00029,【電子】 電気自動車の買入れ,自動車・自転車,令和9年2月26日,希望制指名競争入札
令和8年8月27日,08-00571,【電子】 CNCロータリーテーブルの買入れ（東京都立城東職業能力開発センター江戸川校）,工作用機械器具,令和8年12月28日,希望制指名競争入札
令和8年8月27日,08-00572,【電子】 プログラマブルコントローラ外３点の買入れ（東京都立多摩職業能力開発センター府中校）,産業用機械器具類,令和9年2月26日,希望制指名競争入札
令和8年8月27日,08-00573,【電子】 パーソナルコンピュータの借入れ（東京都立城南職業能力開発センター大田校）,賃貸業務,令和9年3月1日から令和14年2月29日まで（地方自治法第234条の３の規定による長期継続契約）,希望制指名競争入札（長期継続契約）
令和8年8月27日,08-00579,【電子】 白鬚東共同利用工場汚染物除去及び産業廃棄物収集運搬・処分委託（単価契約）,廃棄物処理,契約確定の日の翌日から令和8年11月6日まで,希望制指名競争入札
令和8年8月27日,08-00317,【電子】 医薬品(アスベリン酸10％外138点)の買入れ（単価契約）,医薬品・診療材料・介護用品,令和8年10月1日から令和9年3月31日まで,希望制指名競争入札
令和8年8月27日,08-00318,【電子】 医薬品(ｱｾﾄｱﾐﾉﾌｪﾝ錠200g「ﾏﾙｲｼ」PTP外175点)の買入れ（単価契約）,医薬品・診療材料・介護用品,令和8年10月1日から令和9年3月31日まで,希望制指名競争入札
令和8年8月27日,08-00319,【電子】 医薬品(ｸﾗﾊﾞﾓｯｸｽ小児用配合ﾄﾞﾗｲｼﾛｯﾌﾟ0.505g外4点)の買入れ（単価契約）,医薬品・診療材料・介護用品,令和8年10月1日から令和9年3月31日まで,希望制指名競争入札
令和8年8月27日,08-00335,【電子】 令和８年度新島空港予備自家発電設備点検委託,電気・暖冷房等設備保守,契約確定の日の翌日から令和9年1月15日まで,希望制指名競争入札
令和8年8月27日,08-00338,【電子】 令和８年度 河川除草委託(神津島)その２,道路・公園等管理,契約確定の日の翌日から令和9年1月13日まで,希望制指名競争入札
令和8年8月27日,08-00344,【電子】 令和8年度大島支庁管内空港の維持管理及び管理運営体制に関する基礎調査委託,都市計画・交通等計画業務,契約確定の日の翌日から令和9年3月12日まで,希望制指名競争入札
令和8年8月27日,08-30176,【電子】 都立東大和高等学校（８）建物調査業務委託,都市計画・交通等計画業務,契約確定の日の翌日から令和9年3月26日まで,希望制指名競争入札
令和8年8月27日,08-30180,【電子】 都立新宿高等学校(８)プールの視線遮断対策工事に係る施工可能性調査業務委託,都市計画・交通等計画業務,契約確定の日の翌日から令和9年2月26日まで,希望制指名競争入札
令和8年8月27日,08-30182,【電子】 水耕栽培システム活用環境構築委託,情報処理業務,契約確定の日の翌日から令和9年3月31日まで,希望制指名競争入札
令和8年8月27日,08-30183,【電子】 食用菌培養装置等撤去作業委託,その他の業務委託等,契約確定の日の翌日から令和8年12月25日まで,希望制指名競争入札
令和8年8月27日,08-30184,【電子】 水耕栽培システムの借入れ,賃貸業務,令和9年1月4日から令和11年3月30日まで（地方自治法第234条の３の規定による長期継続契約）,希望制指名競争入札（長期継続契約）
令和8年8月27日,08-60072,【電子】 スクールカウンセラー人事管理システムサービスの利用契約,情報処理業務,令和8年10月1日から令和11年9月28日まで（地方自治法第234条の３の規定による長期継続契約）,希望制指名競争入札（長期継続契約）
令和8年8月27日,08-80023,【電子】 令和８年度都立学校・海外大学連携交流事業等運営業務委託,催事関係業務,契約確定の日の翌日から令和9年1月29日まで,希望制指名競争入札
令和8年8月27日,08-00493,【電子】 都立武蔵丘高等学校 物品運搬業務委託,運送等請負,契約確定の日の翌日から令和9年1月8日まで,希望制指名競争入札
令和8年8月27日,08-00758,【電子】 水道施設等破損修理願外４点の印刷,印刷,令和8年11月27日,希望制指名競争入札
令和8年8月27日,08-00759,【電子】 設計封筒２点外４点の印刷,印刷,令和8年11月27日,希望制指名競争入札
令和8年8月27日,08-00020,【電子】 電子漏水探知機の買入れ,理化学機械器具,令和8年11月30日,希望制指名競争入札
令和8年8月27日,08-00008,【電子】 液晶保護フィルムの買入れ,文房具事務用品・図書,令和8年11月10日,希望制指名競争入札
令和8年8月27日,08-00044,【電子】 遊離塩素用試薬２点の買入れ,工業薬品・防疫剤,令和8年11月16日,希望制指名競争入札
令和8年8月27日,08-00033,【電子】 令和８年度「東京ベイｅＳＧパートナー」出展ブース設営等業務委託（エコプロ）,催事関係業務,契約確定の日の翌日から令和9年1月15日まで,希望制指名競争入札
令和8年8月27日,08-00034,【電子】 令和８年度伝統と最先端テクノロジーが融合したモビリティのイベント運営業務委託（その３）,催事関係業務,契約確定の日の翌日から令和9年3月31日まで,希望制指名競争入札
令和8年8月26日,08-00201,【電子】 プラグインハイブリット自動車（普通乗用自動車）の買入れ,自動車・自転車,令和9年3月10日,希望制指名競争入札
令和8年8月26日,08-00203,【電子】 空き家等みどり転用支援事業制度等検討委託,都市計画・交通等計画業務,契約確定の日の翌日から令和9年3月12日まで,希望制指名競争入札
令和8年8月26日,08-00204,【電子】 現況交通調査委託,都市計画・交通等計画業務,契約確定の日の翌日から令和9年3月19日まで,希望制指名競争入札
令和8年8月26日,08-00205,【電子】 令和８年度 東京都の高規格道路整備に係る検討委託,都市計画・交通等計画業務,契約確定の日の翌日から令和9年3月19日まで,希望制指名競争入札
令和8年8月26日,08-00208,【電子】 令和８年度神田川景観基本軸等に係る検討調査委託,都市計画・交通等計画業務,契約確定の日の翌日から令和9年3月26日まで,希望制指名競争入札
令和8年8月26日,08-00209,【電子】 令和８年度多摩ニュータウンに関するデジタルコンテンツ制作業務委託,広告代理,契約確定の日の翌日から令和9年3月31日まで,希望制指名競争入札
令和8年8月26日,08-00132,【電子】 令和８年度都営住宅等居住者アンケート調査委託,市場・補償鑑定関係調査業務,契約確定の日の翌日から令和9年3月19日まで,希望制指名競争入札
令和8年8月26日,08-00133,【電子】 令和8年度都営住宅団地建替えに係る基本計画等策定業務委託（区部1団地）,都市計画・交通等計画業務,契約確定の日の翌日から令和10年2月25日まで,希望制指名競争入札
令和8年8月26日,08-00134,【電子】 東京とどまるマンション普及啓発業務委託,映像等製作,契約確定の日の翌日から令和9年2月15日まで,希望制指名競争入札
令和8年8月26日,08-00508,【電子】 都立駒場高等学校外７校 たて樋・側溝等清掃委託,管渠清掃,契約確定の日の翌日から令和9年3月5日まで,希望制指名競争入札
令和8年8月26日,08-00509,【電子】 都立鷺宮高等学校外５校 たて樋・側溝等清掃委託,管渠清掃,契約確定の日の翌日から令和9年3月5日まで,希望制指名競争入札
令和8年8月26日,08-20463,【電子】 什器の買入れ（第9回請求）,什器・家具,令和8年12月21日,希望制指名競争入札
令和8年8月26日,08-20464,【電子】 都立山崎高等学校 実験台の買入れ（初度調弁）②,什器・家具,令和9年2月26日,希望制指名競争入札
令和8年8月26日,08-20465,【電子】 都立田無特別支援学校 回転釜の買入れ（給食備品等更新）,家電・カメラ・厨房機器等,令和9年1月6日 なお、納入可能日は、給食を実施していない日とする。,希望制指名競争入札
令和8年8月26日,08-20466,【電子】 事務機器の買入れ（第9回請求）,事務機器・情報処理用機器,令和8年11月27日,希望制指名競争入札
令和8年8月26日,08-20721,【電子】 六角ボルト外７点（光が丘）の買入れ,電車両・軌道用品,令和9年1月15日,希望制指名競争入札
令和8年8月26日,08-20722,【電子】 Ｖバネ外６点（大島）の買入れ,電車両・軌道用品,令和9年2月26日,希望制指名競争入札
令和8年8月26日,08-00028,【電子】 令和８年度オゾン処理効率化に関する調査委託,土木・水系関係調査業務,契約締結の日の翌日から令和9年3月19日まで,希望制指名競争入札
令和8年8月26日,08-21011,【電子】 防護衣（自給式呼吸用保護具併用形密閉服Ⅱ型）３点の買入れ（集合）,警察・消防・防災用品,令和9年3月12日,一般競争入札
令和8年8月26日,08-21067,【電子】 夏服（男性消防吏員用・上衣長袖）外１点の買入れ,繊維・ゴム・皮革製品,令和9年3月5日,一般競争入札
令和8年8月26日,08-21068,【電子】 冬服（女性消防吏員用・上衣）外３点の買入れ（その２）,繊維・ゴム・皮革製品,令和9年3月5日,一般競争入札
令和8年8月26日,08-21069,【電子】 執務服（第１種男性用・上衣）外１点の買入れ,繊維・ゴム・皮革製品,令和9年3月5日,一般競争入札
令和8年8月26日,08-21070,【電子】 執務服（第２種男性用・上衣）外３点の買入れ（その３）,繊維・ゴム・皮革製品,令和9年3月5日,一般競争入札
令和8年8月26日,08-21071,【電子】 防寒衣（消防吏員用）の買入れ,繊維・ゴム・皮革製品,令和9年3月19日,一般競争入札
令和8年8月26日,08-21072,【電子】 業務用雨外とう（消防吏員用）の買入れ（集合）,繊維・ゴム・皮革製品,令和9年3月19日,一般競争入札
令和8年8月26日,08-21160,【電子】 東京消防庁消防学校第一校舎で使用する電気の需給（単価契約）,ライフライン,令和8年12月1日から令和9年11月30日まで（地方自治法第234条の３の規定による長期継続契約）,一般競争入札（長期継続契約）
令和8年8月26日,08-21161,【電子】 救急廃棄物収集運搬委託（単価契約）（その２）,廃棄物処理,契約確定の日の翌日から令和9年3月31日まで,一般競争入札
令和8年8月26日,08-21194,【電子】 ガソリンほか１点の買入れ（特別区１）（１０月分）（単価契約）（集合）,燃料・ガス・油脂,令和8年10月1日から令和8年10月31日まで,随意契約
令和8年8月26日,08-21195,【電子】 ガソリンほか１点の買入れ（特別区２）（１０月分）（単価契約）（集合）,燃料・ガス・油脂,令和8年10月1日から令和8年10月31日まで,随意契約
令和8年8月26日,08-21196,【電子】 ガソリンほか１点の買入れ（多摩地区１）（１０月分）（単価契約）（集合）,燃料・ガス・油脂,令和8年10月1日から令和8年10月31日まで,随意契約
令和8年8月26日,08-21197,【電子】 ガソリンほか１点の買入れ（多摩地区２）（１０月分）（単価契約）（集合）,燃料・ガス・油脂,令和8年10月1日から令和8年10月31日まで,随意契約
令和8年8月26日,08-21220,【電子】 送受器（船上局）ほか６点の買入れ（集合） ※本案件は、8月26日 15時39分付で取り下げました。,船舶・航空機,令和9年2月26日,希望制指名競争入札
令和8年8月26日,08-21222,【電子】 回転翼航空機（おおたか）機体整備,船舶・航空機,契約確定の日の翌日から令和9年3月19日まで,希望制指名競争入札
令和8年8月26日,08-21223,【電子】 低圧持続吸引器の買入れ（集合）,医療用機械器具,令和9年2月26日,希望制指名競争入札
令和8年8月26日,08-21229,【電子】 消火栓への転落防止板の買入れ,繊維・ゴム・皮革製品,令和9年3月26日,希望制指名競争入札
令和8年8月26日,08-21232,【電子】 手帳（特別区消防団員用）３点の印刷,印刷,令和8年12月18日,希望制指名競争入札
令和8年8月26日,08-21240,【電子】 マット（安全マット）ほか３点の買入れ（集合）,学校教材・運動用品・楽器,令和9年3月12日,希望制指名競争入札
令和8年8月26日,08-21255,【電子】 向島消防署ほか９か所の石綿含有率分析調査委託,環境関係業務,契約確定の日の翌日から令和9年2月26日まで,希望制指名競争入札
令和8年8月26日,08-21270,【電子】 地下貯蔵タンク等の点検及び清掃並びに計量機点検委託,その他の業務委託等,契約確定の日の翌日から令和9年3月12日まで,希望制指名競争入札
令和8年8月26日,08-21273,【電子】 アドレナリンほか２点の買入れ（集合）,医薬品・診療材料・介護用品,令和8年12月18日,希望制指名競争入札
令和8年8月26日,08-21279,【電子】 救急患者損失医療費補てん審査、修正及び入力業務委託（単価契約）,医事業務,契約確定の日の翌日から令和9年3月31日まで,希望制指名競争入札
令和8年8月25日,08-00303,【電子】 自然公園におけるユニバーサルツーリズム推進等実証委託,都市計画・交通等計画業務,契約確定の日の翌日から令和9年3月26日まで,希望制指名競争入札
令和8年8月25日,08-00305,【電子】 伊豆大島におけるキョン捕獲事業区再設計委託,環境関係業務,契約確定の日の翌日から令和9年3月26日まで,希望制指名競争入札
令和8年8月25日,08-00532,【電子】 令和８年度 東京都エコ農産物におけるイベント販売・調査に関する業務委託,催事関係業務,契約確定の日の翌日から令和9年3月31日まで,希望制指名競争入札
令和8年8月25日,08-00569,【電子】 令和８年度 第１回ナイトタイム観光全般に関するフォーラムの開催に係る業務委託,催事関係業務,契約確定の日の翌日から令和8年11月30日まで,希望制指名競争入札
令和8年8月25日,08-00466,【電子】 視力検査装置外23件の買入れ,医療用機械器具,令和9年1月29日,希望制指名競争入札
令和8年8月25日,08-00472,【電子】 パーソナルコンピュータ外16件の買入れ,事務機器・情報処理用機器,令和8年11月13日,希望制指名競争入札
令和8年8月25日,08-00475,【電子】 生徒机外9件の買入れ,什器・家具,令和9年1月7日,希望制指名競争入札
令和8年8月25日,08-00476,【電子】 グラウンド用白線外1点の買入れ（後期）（単価契約）,工業薬品・防疫剤,契約確定の日の翌日から令和9年3月4日まで,随意契約
令和8年8月25日,08-00477,【電子】 都立白鴎高校附属中学校外34校印刷機インク外6件の買入れ（後期）（単価契約）,事務機器・情報処理用機器,契約確定の日の翌日から令和9年3月2日まで,随意契約
令和8年8月25日,08-00478,【電子】 都立工芸高校外30校印刷機インク外6件の買入れ（後期）（単価契約）,事務機器・情報処理用機器,契約確定の日の翌日から令和9年3月2日まで,随意契約
令和8年8月25日,08-00479,【電子】 UVプリンター外6件の買入れ,産業用機械器具類,令和8年11月13日,希望制指名競争入札
令和8年8月25日,08-00480,【電子】 顕微鏡外25件の買入れ,学校教材・運動用品・楽器,令和8年11月20日,希望制指名競争入札
令和8年8月25日,08-04250,子宮頸がん検診受診促進を目的としたコンテンツの制作及び広報に係る企画・運営業務委託 ※訂正履歴あり,広告代理,契約確定の日の翌日から令和9年3月31日まで,特命随意契約(企画提案方式）
令和8年8月25日,08-09153,【電子】 令和８年度麻薬・覚醒剤・大麻乱用防止運動都民大会実施業務委託,催事関係業務,契約確定の日の翌日から令和9年1月29日まで,希望制指名競争入札
令和8年8月25日,08-03029,【電子】 予算関連業務に係るAIサポートアプリ運用支援等業務委託,情報処理業務,契約確定の日の翌日から令和9年3月31日まで,希望制指名競争入札
令和8年8月25日,08-01071,【電子】 横断歩道橋利用状況調査委託(一建) ※訂正履歴あり,市場・補償鑑定関係調査業務,契約確定の日の翌日から令和9年2月26日まで,希望制指名競争入札
令和8年8月25日,08-01072,【電子】 横断歩道橋利用状況調査委託(五建),市場・補償鑑定関係調査業務,契約確定の日の翌日から令和9年2月26日まで,希望制指名競争入札
令和8年8月25日,08-01073,【電子】 令和８年度道路施設オブジェクト作成委託,土木・水系関係調査業務,契約確定の日の翌日から令和9年1月22日まで,希望制指名競争入札
令和8年8月25日,08-01074,【電子】 道路排水施設基礎調査委託（１次調査・８道管１)(単価契約） ※訂正履歴あり,土木・水系関係調査業務,契約確定の日の翌日から令和9年2月26日まで,希望制指名競争入札
令和8年8月25日,08-01075,【電子】 令和８年度３次元道路空間データ取得解析委託,土木・水系関係調査業務,契約確定の日の翌日から令和9年2月26日まで,希望制指名競争入札
令和8年8月25日,08-01076,【電子】 令和８年度路面性状調査解析・３次元道路空間データ取得解析委託,土木・水系関係調査業務,契約確定の日の翌日から令和9年3月12日まで,希望制指名競争入札
令和8年8月25日,08-01077,【電子】 土砂災害警戒区域等に関する基礎・詳細調査委託（河川部管内３その１／単価契約）,土木・水系関係調査業務,契約確定の日の翌日から令和9年10月29日まで,希望制指名競争入札
令和8年8月25日,08-01078,【電子】 土砂災害警戒区域等に関する基礎・詳細調査委託（河川部管内３その２／単価契約）,土木・水系関係調査業務,契約確定の日の翌日から令和10年1月28日まで,希望制指名競争入札
令和8年8月25日,08-01079,【電子】 道路排水施設調査検討業務委託 ※訂正履歴あり,下水道管路調査業務,契約確定の日の翌日から令和9年2月26日まで,希望制指名競争入札
令和8年8月25日,08-01080,【電子】 令和８年度レインボーブリッジ橋梁点検委託 ※訂正履歴あり,土木・水系関係調査業務,契約確定の日の翌日から令和9年3月12日まで,希望制指名競争入札
令和8年8月25日,08-01081,【電子】 令和８年度岡田漁港海岸基本計画検討調査委託,土木・水系関係調査業務,契約確定の日の翌日から令和9年3月19日まで,希望制指名競争入札
令和8年8月25日,08-01082,【電子】 パーソナルコンピュータ一式の買入れ（東京都立中央・城北職業能力開発センター）,事務機器・情報処理用機器,令和9年3月26日,希望制指名競争入札
令和8年8月25日,08-01083,【電子】 パーソナルコンピュータの買入れ（東京都立多摩職業能力開発センター八王子校）,事務機器・情報処理用機器,令和9年3月19日,希望制指名競争入札
令和8年8月25日,08-03068,【電子】 東京都地域防災計画（風水害編）修正等業務委託 ※訂正履歴あり,都市計画・交通等計画業務,契約確定の日の翌日から令和10年3月15日まで,希望制指名競争入札
令和8年8月25日,08-03105,【電子】 令和８年度旧国立総合児童センター及びコスモス青山解体工事計画等支援業務委託,都市計画・交通等計画業務,契約確定の日の翌日から令和9年3月26日まで,希望制指名競争入札
令和8年8月25日,08-07064,【電子】 令和８年度都営和泉本町四丁目団地（仮称）建替事業に係る環境影響評価書案作成業務委託,環境関係業務,契約確定の日の翌日から令和10年2月10日まで,希望制指名競争入札
令和8年8月25日,08-07065,【電子】 令和８年度都営南田中団地建替事業に係る環境影響評価書案作成調査業務委託,環境関係業務,契約確定の日の翌日から令和10年2月10日まで,希望制指名競争入札
令和8年8月25日,08-07066,【電子】 東京都運輸事業者向け燃料費高騰緊急対策事業支援金申請受付等業務委託（その２）（単価契約）,事務支援,契約確定の日の翌日から令和9年3月31日まで,希望制指名競争入札
令和8年8月25日,08-07070,【電子】 令和８年度東京都民生・児童委員活動企業等協力推進事業実施業務委託(単価契約),事務支援,契約確定の日の翌日から令和9年3月31日まで,希望制指名競争入札(総合評価方式)
令和8年8月25日,08-07071,【電子】 「令和８年度出生関連手続のワンスオンリー・ワンストップ実現に向けた支援事業」 事務支援委託,事務支援,契約確定の日の翌日から令和9年3月31日まで,希望制指名競争入札
令和8年8月25日,08-07072,【電子】 令和８年度ナイトタイム観光推進エリアの創出事業における指定地域の伴走支援業務委託,企画立案支援,契約確定の日の翌日から令和10年3月31日まで,希望制指名競争入札(総合評価方式)
令和8年8月25日,08-07073,【電子】 デジタルデバイド解消に向けたデジタル活用きっかけづくり支援事業運営事務委託,事務支援,契約確定の日の翌日から令和9年3月31日まで,希望制指名競争入札
令和8年8月25日,08-00519,【電子】 令和８年度東京都衛星通信サービス導入業務委託,情報処理業務,契約確定の日の翌日から令和9年3月31日まで,希望制指名競争入札
令和8年8月25日,08-07030,【電子】 足立市場における造作支援委託,市場・補償鑑定関係調査業務,契約確定の日の翌日から令和9年3月31日まで,希望制指名競争入札
令和8年8月25日,08-07031,【電子】 「板橋市場プチマルシェ」運営等業務委託（令和８年度）,催事関係業務,契約確定の日の翌日から令和9年3月24日まで,希望制指名競争入札
令和8年8月25日,08-00750,【電子】 令和８年度低濃度ＰＣＢ廃棄物収集運搬処分委託,廃棄物処理,契約確定の日の翌日から令和9年3月5日まで,希望制指名競争入札
令和8年8月25日,08-00025,【電子】 ハロゲンランプ外60点の買入れ,理化学機械器具,令和9年1月15日,希望制指名競争入札
令和8年8月25日,08-00042,【電子】 ノーヒューズブレーカー外12点の買入れ,家電・カメラ・厨房機器等,令和9年2月5日,希望制指名競争入札
令和8年8月24日,08-05061,【電子】 「視覚情報のためのユニバーサルデザインの普及促進」シンポジウムに係る業務委託,映像等製作,契約確定の日の翌日から令和9年3月31日まで,希望制指名競争入札
令和8年8月24日,08-06087,【電子】 「東京都認知症のある人の行方不明対策情報サイト」の作成委託,情報処理業務,契約確定の日の翌日から令和9年3月31日まで,希望制指名競争入札(総合評価方式)
令和8年8月24日,08-08126,【電子】 令和８年度共生社会実現に向けた意識啓発促進のためのSNS 等を活用した動画配信委託（その２）,広告代理,契約確定の日の翌日から令和9年3月31日まで,希望制指名競争入札
令和8年8月24日,08-08130,【電子】 昭島生活実習所樹木伐採等業務委託,道路・公園等管理,契約確定の日の翌日から令和8年10月30日まで,希望制指名競争入札
令和8年8月24日,08-08134,【電子】 令和８年度心のサポーター養成研修実施委託,事務支援,契約確定の日の翌日から令和9年3月31日まで,希望制指名競争入札
令和8年8月24日,08-59213,【電子】 「日常で役立つ！感染症予防ハンドブック～あなたや大切な人を守るために～」の翻訳及びレイアウト編集委託,事務支援,契約確定の日の翌日から令和9年3月31日まで,希望制指名競争入札
令和8年8月24日,08-00148,【電子】 街路樹冬期剪定委託（8中野）その5単価契約,樹木・緑地等保護,契約確定の日の翌日から令和9年1月15日まで,希望制指名競争入札
令和8年8月24日,08-00149,【電子】 歩行者交通量等調査委託(8三-新宿副都心4号線外2路線),市場・補償鑑定関係調査業務,契約確定の日の翌日から令和8年12月16日まで,希望制指名競争入札
令和8年8月24日,08-00076,【電子】 河川緑地管理業務に係る現況調査及び図面等修正業務委託,都市計画・交通等計画業務,契約確定の日の翌日から令和9年2月26日まで,希望制指名競争入札
令和8年8月24日,08-02144,【電子】 街灯保守委託（単価契約）8父の2,電気・暖冷房等設備保守,契約確定の日の翌日から令和9年3月31日まで,随意契約
令和8年8月24日,08-02146,【電子】 山岳道路斜面特別点検調査委託（8小笠原）,土木・水系関係調査業務,契約確定の日の翌日から令和9年3月16日まで,希望制指名競争入札
令和8年8月24日,08-02149,【電子】 令和8年度媒島植生復元調査委託,環境関係業務,契約確定の日の翌日から令和9年3月19日まで,希望制指名競争入札
令和8年8月24日,08-00401,【電子】 除細動器（デフィブリレータ）ほか６点の買入れ,医療用機械器具,契約確定の日の翌日から令和9年3月19日まで,希望制指名競争入札
令和8年8月24日,08-00402,【電子】 震災時利用計画修正作業委託,都市計画・交通等計画業務,契約確定の日の翌日から令和8年11月30日まで,希望制指名競争入札
令和8年8月24日,08-00405,【電子】 令和８年度 路面補修工事における測量業務の検討の発注者支援委託,土木・水系関係調査業務,契約確定の日の翌日から令和9年3月19日まで,希望制指名競争入札
令和8年8月24日,08-00408,【電子】 公有財産（水上バス「さくら」）の売払い,不用品買受,仕様書のとおり,希望制指名競争入札
令和8年8月24日,08-00416,【電子】 人流データ分析ツールの借入れ その２,情報処理業務,契約確定の日の翌日から令和9年3月15日まで,希望制指名競争入札
令和8年8月24日,08-00098,【電子】 街路樹冬期剪定委託（8中央）その1,樹木・緑地等保護,契約確定の日の翌日から令和9年1月8日まで,希望制指名競争入札
令和8年8月24日,08-00100,【電子】 道路附属物現況調査委託（8一の1）,土木・水系関係調査業務,契約確定の日の翌日から令和9年2月26日まで,希望制指名競争入札
令和8年8月24日,08-00160,【電子】 宮前橋外1橋変状点検調査委託,土木・水系関係調査業務,契約確定の日の翌日から令和9年2月26日まで,希望制指名競争入札
令和8年8月24日,08-00150,【電子】 説明会会場設営等委託(8四-1),催事関係業務,契約確定の日の翌日から令和9年2月12日まで,希望制指名競争入札
令和8年8月24日,08-00155,【電子】 交通量調査委託（８北南－三鷹３・２・２）,市場・補償鑑定関係調査業務,契約確定の日の翌日から令和9年2月26日まで,希望制指名競争入札
令和8年8月24日,08-00116,【電子】 西部公園緑地事務所管内橋梁点検調査委託（R08）,土木・水系関係調査業務,契約確定の日の翌日から令和9年2月15日まで,希望制指名競争入札
令和8年8月24日,08-00120,【電子】 東京都西部公園緑地事務所新庁舎警備委託,警備・受付,令和8年10月1日から令和13年3月31日まで（地方自治法第234条の３の規定による長期継続契約）,希望制指名競争入札（長期継続契約）
令和8年8月24日,08-00121,【電子】 複写サービスに関する契約（カラー複合機）（単価契約）,事務支援,令和8年10月1日から令和11年3月31日まで（地方自治法第234条の３の規定による長期継続契約）,希望制指名競争入札（長期継続契約）
令和8年8月24日,08-00124,【電子】 監視艇「ちどり」の点検整備及び排気管新替,船舶・航空機,契約確定の日の翌日から令和8年12月15日まで,希望制指名競争入札
令和8年8月24日,08-00125,【電子】 街路樹診断委託８六の２（単価契約）（総額競争方式）,環境関係業務,契約確定の日の翌日から令和9年1月15日まで,希望制指名競争入札
令和8年8月24日,08-00126,【電子】 垳川護岸調査委託,土木・水系関係調査業務,契約確定の日の翌日から令和8年11月30日まで,希望制指名競争入札
令和8年8月24日,08-00127,【電子】 建物等調査委託【補助第86号線（赤羽西）】(単価契約),市場・補償鑑定関係調査業務,契約確定の日の翌日から令和9年2月1日まで,希望制指名競争入札
令和8年8月24日,08-00174,【電子】 緑地保護管理委託(８奥多摩周遊),樹木・緑地等保護,契約確定の日の翌日から令和8年12月4日まで,希望制指名競争入札
令和8年8月24日,08-00108,【電子】 街路樹剪定委託（８南西の１）,樹木・緑地等保護,契約確定の日の翌日から令和8年11月25日まで,希望制指名競争入札
令和8年8月24日,08-00109,【電子】 街路樹剪定委託（８南西の２）,樹木・緑地等保護,契約確定の日の翌日から令和9年1月6日まで,希望制指名競争入札
令和8年8月24日,08-00154,【電子】 交通量調査委託（8北北－国分寺3・2・8）,市場・補償鑑定関係調査業務,契約確定の日の翌日から令和9年2月15日まで,希望制指名競争入札
令和8年8月24日,08-00115,【電子】 土砂災害警戒区域等資料更新委託,土木・水系関係調査業務,契約確定の日の翌日から令和9年2月25日まで,希望制指名競争入札
令和8年8月24日,08-00183,【電子】 ８非木造建物等積算委託（第９・６・１号篠崎公園外）,市場・補償鑑定関係調査業務,契約確定の日の翌日から令和9年1月29日まで,希望制指名競争入札
令和8年8月24日,08-00185,【電子】 令和８年度東京港CNP推進協議会の運営及び計画更新に係る業務委託,環境関係業務,契約確定の日の翌日から令和9年3月31日まで,希望制指名競争入札
令和8年8月24日,08-00190,【電子】 令和８年度海の森公園イベント会場設営運営等委託,催事関係業務,契約確定の日の翌日から令和9年1月29日まで,希望制指名競争入札
令和8年8月24日,08-00190,【電子】 令和８年度新海面処分場護岸観測及び解析調査委託,土木・水系関係調査業務,契約確定の日の翌日から令和9年3月12日まで,希望制指名競争入札
令和8年8月24日,08-00198,【電子】 令和８年度東京港建設事務所庁有車の運行管理業務委託（その２）（単価契約）,その他の業務委託等,令和8年10月1日から令和9年3月31日まで,希望制指名競争入札
令和8年8月24日,08-00610,【電子】 令和８年度村山下貯水池記念行事（仮称）準備・運営等業務委託,催事関係業務,契約確定の日の翌日から令和9年1月29日まで,希望制指名競争入札
令和8年8月24日,08-00037,【電子】 練馬給水所外５か所既存建築物調査委託,土木・水系関係調査業務,契約確定の日の翌日から110日間,希望制指名競争入札
令和8年8月24日,08-00096,【電子】 令和８年度小河内貯水池係船施設補修等検討調査委託,土木・水系関係調査業務,契約確定の日の翌日から100日間,希望制指名競争入札
令和8年8月24日,08-00019,【電子】 軽貨物自動車（杉並４８０あ７５４８）の修理,自動車・自転車,令和8年11月20日,希望制指名競争入札
令和8年8月24日,08-00101,【電子】 令和８年度長沢浄水場沈殿池等清掃作業委託単価契約,浄化槽・貯水槽清掃,契約確定の日の翌日から令和9年3月31日まで,希望制指名競争入札
令和8年8月24日,08-00082,【電子】 オートサンプラーの買入れ,理化学機械器具,令和8年12月11日,希望制指名競争入札
令和8年8月24日,08-00083,【電子】 トナーカートリッジ１０点の買入れ,事務機器・情報処理用機器,令和8年12月25日,希望制指名競争入札
令和8年8月24日,08-00085,【電子】 エアコンプレッサ外１４点の買入れ,産業用機械器具類,令和8年10月16日,希望制指名競争入札
令和8年8月24日,08-00086,【電子】 ＡＣファンモータ外１４点の買入れ,産業用機械器具類,令和9年3月30日,希望制指名競争入札
令和8年8月24日,08-00063,【電子】 バルブ外６点の買入れ,産業用機械器具類,令和9年2月26日,希望制指名競争入札
令和8年8月24日,08-00064,【電子】 スピーカー外２２点の買入れ,家電・カメラ・厨房機器等,令和8年11月30日,希望制指名競争入札
令和8年8月24日,08-00065,【電子】 ドレンクリーナー外６６点の買入れ,荒物雑貨,令和8年12月15日,希望制指名競争入札
令和8年8月24日,08-00066,【電子】 プライバシーフィルム外１０点の買入れ,文房具事務用品・図書,令和8年12月15日,希望制指名競争入札
令和8年8月24日,08-00067,【電子】 大腸菌測定試薬外３１点の買入れ,工業薬品・防疫剤,令和8年12月15日,希望制指名競争入札
令和8年8月24日,08-00018,【電子】 東京都水道局研修・開発センターパンフレットの印刷,印刷,令和8年10月30日,希望制指名競争入札
令和8年8月24日,08-00067,【電子】 都営文花一丁目団地（第４期）埋蔵文化財試掘調査その２,環境関係業務,契約確定の日の翌日から50日間,希望制指名競争入札
令和8年8月24日,08-16000,「100年活躍ナビ」に係る周知促進イベントの企画・運営等業務委託,催事関係業務,契約確定の日の翌日から令和9年3月31日まで,特命随意契約(企画提案方式）
令和8年8月24日,08-13016,【電子】 高校生向け消費者教育・啓発ノートの印刷,印刷,令和８年１１月２７日（金曜日）,希望制指名競争入札
令和8年8月24日,08-15032,【電子】 令和８年度「東京都平和の日」の新聞広告掲載,広告代理,契約確定の日の翌日から令和9年3月18日まで,希望制指名競争入札
令和8年8月24日,08-16187,【電子】 令和８年度東京文化戦略2030の進捗確認に係る意識調査分析委託,市場・補償鑑定関係調査業務,契約確定の日の翌日から令和9年2月26日まで,希望制指名競争入札
令和8年8月24日,08-00031,【電子】 エコシステムプロモーション・情報発信業務委託,広告代理,契約確定の日の翌日から令和8年11月30日まで,希望制指名競争入札
令和8年8月21日,08-00093,【電子】 河川維持委託（その２）単価契約,道路・公園等管理,契約確定の日の翌日から令和9年3月31日まで,随意契約
令和8年8月19日,08-02044,【電子】 精神保健福祉相談業務システムの構築に係る設計等業務委託,情報処理業務,契約確定の日の翌日から令和9年3月31日まで,一般競争入札（総合評価方式）
令和8年8月19日,08-02045,【電子】 都立学校教育用ネットワークシステムにおけるライセンス（令和８年度セキュリティ強化分）の買入れ,事務機器・情報処理用機器,令和8年11月30日,一般競争入札
令和8年8月19日,08-06017,【電子】 令和８年度・９年度スタートアップエコシステムのプロモーション業務委託,広告代理,契約確定の日の翌日から令和9年8月31日まで,一般競争入札（総合評価方式）
令和8年8月19日,08-08025,【電子】 備蓄管理最適化に係る業務分析及びシステム導入方針策定等業務委託,企画立案支援,契約確定の日の翌日から令和9年3月31日まで,一般競争入札（総合評価方式）
令和8年8月19日,08-00185,【電子】 令和８年度防災都市づくりの意識啓発に係る広告掲出委託,広告代理,契約確定の日の翌日から令和9年2月26日まで,希望制指名競争入札
令和8年8月19日,08-00188,"【電子】 令和８年度東京都縮尺1／2,500地形図更新事業に関するアドバイザリー業務委託 ※本案件は、8月26日 10時13分付で取り下げました。",都市計画・交通等計画業務,契約確定の日の翌日から令和9年3月19日まで,希望制指名競争入札
令和8年8月19日,08-00194,【電子】 令和８年度空と地上を繋ぐモビリティハブの社会実装に関する調査業務委託,都市計画・交通等計画業務,契約確定の日の翌日から令和9年3月26日まで,希望制指名競争入札
令和8年8月19日,08-00197,【電子】 令和８年度多摩ニュータウンフォトコンテスト運営補助業務委託,催事関係業務,契約確定の日の翌日から令和9年3月17日まで,希望制指名競争入札
令和8年8月19日,08-04190,【電子】 東京都西多摩保健所外５か所で使用する電気の需給（単価契約） ※訂正履歴あり,ライフライン,令和8年12月1日から令和9年11月30日まで（地方自治法第234条の３の規定による長期継続契約）,一般競争入札（長期継続契約）
令和8年8月19日,08-20185,【電子】 セルフレジ等機器の借入れ,賃貸業務,令和9年3月1日から令和14年2月29日まで（地方自治法第234条の３の規定による長期継続契約）,一般競争入札（長期継続契約）
令和8年8月19日,08-20186,【電子】 自動電話交換システムの借入れ,賃貸業務,令和9年3月1日から令和14年2月29日まで（地方自治法第234条の３の規定による長期継続契約）,一般競争入札（長期継続契約）
令和8年8月19日,08-20190,【電子】 技能試験進行状況案内システムの借入れ,賃貸業務,令和9年3月1日から令和14年2月29日まで（地方自治法第234条の３の規定による長期継続契約）,一般競争入札（長期継続契約）
令和8年8月19日,08-21050,【電子】 ノズル（０．５ＭＰａ型ガンタイプ・流量切替式）の買入れ（集合）,警察・消防・防災用品,令和9年3月12日,一般競争入札
令和8年8月19日,08-21063,【電子】 短靴（男性用Ａ型）外１点の買入れ（その２）,繊維・ゴム・皮革製品,令和9年3月5日,一般競争入札
令和8年8月19日,08-21064,【電子】 略帽（アポロキャップ型）の買入れ,繊維・ゴム・皮革製品,令和9年3月5日,一般競争入札
令和8年8月19日,08-21065,【電子】 編上靴の買入れ（その２）,繊維・ゴム・皮革製品,令和9年3月5日,一般競争入札
令和8年8月19日,08-21066,【電子】 救急服（冬用・上衣）外４点の買入れ,繊維・ゴム・皮革製品,令和9年3月5日,一般競争入札
令和8年8月19日,08-21089,【電子】 東京消防庁町田消防署忠生出張所仮庁舎等の借入れ,賃貸業務,契約確定の日の翌日から令和13年5月31日まで,一般競争入札
令和8年8月19日,08-21103,【電子】 訓練用人形（特定行為訓練用Ⅱ型）の買入れ（集合）,医療用機械器具,令和9年3月19日,一般競争入札
令和8年8月19日,08-21105,【電子】 滅菌ガーゼ外４点の買入れ,医薬品・診療材料・介護用品,令和9年3月19日,一般競争入札
令和8年8月17日,08-00142,【電子】 街路樹冬期剪定委託（8中野）その3単価契約,樹木・緑地等保護,契約確定の日の翌日から令和9年1月15日まで,希望制指名競争入札
令和8年8月17日,08-00143,【電子】 街路樹冬期剪定委託（8中野）その4単価契約,樹木・緑地等保護,契約確定の日の翌日から令和9年1月15日まで,希望制指名競争入札
令和8年8月17日,08-00144,【電子】 管内消防設備点検委託,電気・暖冷房等設備保守,契約確定の日の翌日から令和9年3月5日まで,希望制指名競争入札
令和8年8月17日,08-00076,【電子】 中川護岸耐震補強工事（その206）その３に伴う家屋事後調査委託,市場・補償鑑定関係調査業務,契約確定の日の翌日から令和9年1月29日まで,希望制指名競争入札
令和8年8月17日,08-00077,【電子】 清澄排水機場外４か所天井走行クレーン等点検整備委託 その２,電気・暖冷房等設備保守,契約確定の日の翌日から令和9年2月19日まで,希望制指名競争入札
令和8年8月17日,08-00367,【電子】 大坂橋交差点大気浄化技術等検討委託（令和８・９年度）,環境関係業務,契約確定の日の翌日から令和10年3月31日まで,希望制指名競争入札
令和8年8月17日,08-00374,【電子】 令和８年度土地境界図等電子化業務委託（単価契約）,情報処理業務,契約確定の日の翌日から令和9年2月5日まで,希望制指名競争入札
令和8年8月17日,08-00375,【電子】 人流データ分析ツールの借入れ ※本案件は、8月20日 7時43分付で取り下げました。,賃貸業務,契約確定の日の翌日から令和9年3月19日まで,希望制指名競争入札
令和8年8月17日,08-00089,【電子】 街路樹冬期剪定委託（8港）その3,樹木・緑地等保護,契約確定の日の翌日から令和8年12月10日まで,希望制指名競争入札
令和8年8月17日,08-00091,【電子】 一般橋日常点検委託（千代田・港工区）,土木・水系関係調査業務,契約確定の日の翌日から令和9年2月26日まで,希望制指名競争入札
令和8年8月17日,08-00092,【電子】 一般橋日常点検委託（中央工区）,土木・水系関係調査業務,契約確定の日の翌日から令和9年2月26日まで,希望制指名競争入札
令和8年8月17日,08-00127,【電子】 街路樹診断委託8二建の5(単価契約),樹木・緑地等保護,契約確定の日の翌日から令和9年3月19日まで,希望制指名競争入札
令和8年8月17日,08-00128,【電子】 非木造建物等積算委託【放射第17号線(大森東)外】,市場・補償鑑定関係調査業務,契約確定の日の翌日から令和8年12月25日まで,希望制指名競争入札
令和8年8月17日,08-00130,【電子】 街路樹秋期剪定委託（8目黒工区）,樹木・緑地等保護,契約確定の日の翌日から令和9年1月8日まで,希望制指名競争入札
令和8年8月17日,08-00149,【電子】 環境現況調査委託その２（８北南－関戸橋）,環境関係業務,契約確定の日の翌日から令和9年10月29日まで,希望制指名競争入札
令和8年8月17日,08-00141,【電子】 非木造建物等積算委託 用地一の3【国分寺3・4・11（東元町）ほか1 路線】,市場・補償鑑定関係調査業務,契約確定の日の翌日から令和9年1月22日まで,希望制指名競争入札
令和8年8月17日,08-10156,【電子】 令和８年度都立公園橋梁定期点検調査委託,土木・水系関係調査業務,契約確定の日の翌日から令和9年2月12日まで,希望制指名競争入札
令和8年8月17日,08-00585,【電子】 令和８年度第１回廃棄水道メータの売却（多摩） ※本案件は、8月24日 13時58分付で取り下げました。,不用品買受,特記仕様書のとおり,希望制指名競争入札
令和8年8月17日,08-31329,【電子】 警視庁本部庁舎水再利用設備改修基本計画その２,都市計画・交通等計画業務,契約確定の日の翌日から令和9年3月12日まで,希望制指名競争入札
令和8年8月10日,08-20179,【電子】 端末装置15種の借入れ,賃貸業務,令和9年3月1日から令和14年2月29日まで（地方自治法第234条の３の規定による長期継続契約）,一般競争入札（長期継続契約）
令和8年8月10日,08-20182,【電子】 画像伝送システムの借入れ,賃貸業務,令和9年3月1日から令和14年2月29日まで（地方自治法第234条の３の規定による長期継続契約）,一般競争入札（長期継続契約）
令和8年8月10日,08-20183,【電子】 録音・録画装置（設置型）の買入れ,通信用機械器具類,令和９年２月26日,一般競争入札
令和8年8月10日,08-20995,【電子】 手袋（救助活動用）５点の買入れ（集合）,繊維・ゴム・皮革製品,令和9年3月12日,一般競争入札
令和8年8月10日,08-21001,【電子】 無線機（携帯無線機・４００MHz帯用）外３点の買入れ（集合）,通信用機械器具類,令和9年2月26日,一般競争入札
令和8年8月10日,08-21008,【電子】 防護衣２点の買入れ,警察・消防・防災用品,令和9年2月26日,一般競争入札
令和8年8月5日,08-21101,【電子】 救急患者損失医療費補てん審査、修正及び入力業務委託（単価契約） ※本案件は、8月19日 8時48分付で取り下げました。,医事業務,契約確定の日の翌日から令和9年3月31日まで,希望制指名競争入札
令和8年8月4日,08-00107,【電子】 東京都西部公園緑地事務所新庁舎警備委託 ※本案件は、8月20日 13時06分付で取り下げました。令和8年8月24日 に再公表する予定です。,警備・受付,令和8年10月1日から令和13年3月31日まで,希望制指名競争入札
令和8年8月3日,08-06016,【電子】 「SusHi Tech Tokyo」の広告検討及び実施業務委託,広告代理,契約確定の日の翌日から令和9年8月31日まで,一般競争入札（総合評価方式）
令和8年8月3日,08-08024,【電子】 海外ＩＲ支援事業に係る業務の企画・運営業務委託,事務支援,契約確定の日の翌日から令和9年3月31日まで,一般競争入札（総合評価方式）
令和8年8月3日,08-00068,【電子】 上平井水門外２か所耐震・耐水化事業紹介映像制作委託,映像等製作,契約確定の日の翌日から令和9年2月1日まで,希望制指名競争入札
令和8年8月3日,08-00169,【電子】 令和８年度移転資金貸付金収納等委託（単価契約）その４,事務支援,契約確定の日の翌日から令和9年3月31日まで,希望制指名競争入札
令和8年8月3日,08-00172,【電子】 令和８年度 東京における航空機能に関する調査委託（横田離着陸実態）,都市計画・交通等計画業務,契約確定の日の翌日から令和9年2月26日まで,希望制指名競争入札
令和8年8月3日,08-00173,【電子】 令和８年度歩行者を中心とした道路空間の活用推進調査委託,都市計画・交通等計画業務,契約確定の日の翌日から令和9年3月12日まで,希望制指名競争入札
令和8年8月3日,08-00175,【電子】 高齢者、障害者等の建築物等の利用状況等に関する調査委託（その２）,都市計画・交通等計画業務,契約確定の日の翌日から令和9年3月19日まで,希望制指名競争入札
令和8年8月3日,08-00176,【電子】 令和８年度再配達削減のための動画制作及び広告配信等業務委託,広告代理,契約確定の日の翌日から令和9年3月15日まで,希望制指名競争入札
令和8年8月3日,08-00180,【電子】 令和８年度スマートサービス普及体験イベント開催等委託,催事関係業務,契約確定の日の翌日から令和9年2月26日まで,希望制指名競争入札
令和8年8月3日,08-00183,【電子】 「都市づくりのグランドデザイン改定（仮称）」レイアウト業務委託,印刷,契約確定の日の翌日から令和9年3月12日まで,希望制指名競争入札(総合評価方式)
令和8年8月3日,08-00327,【電子】 三宅村厚木沢南支川第一沢砂防基本計画策定のための検討委託,土木・水系関係調査業務,契約確定の日の翌日から令和9年3月15日まで,希望制指名競争入札
令和8年8月3日,08-00329,【電子】 水辺のエリアマネジメントに向けた仕組み検討委託（隅田川築地地区）,都市計画・交通等計画業務,契約確定の日の翌日から令和9年3月19日まで,希望制指名競争入札
令和8年8月3日,08-00330,【電子】 建物等調査委託【補助第94号線（不忍通り）外】（単価契約）,市場・補償鑑定関係調査業務,契約確定の日の翌日から令和8年12月3日まで,希望制指名競争入札
令和8年8月3日,08-00336,【電子】 建物等調査及び非木造建物等積算委託【補助第26号線（千早）外】（単価契約）,市場・補償鑑定関係調査業務,契約確定の日の翌日から令和9年1月22日まで,希望制指名競争入札
令和8年8月3日,08-00338,【電子】 令和８年度 事故危険箇所に関する調査委託,都市計画・交通等計画業務,契約確定の日の翌日から令和9年6月30日まで,希望制指名競争入札
令和8年8月3日,08-00351,【電子】 東京都北多摩北部建設事務所（８）改修工事基本計画,都市計画・交通等計画業務,契約確定の日の翌日から令和9年3月17日まで,希望制指名競争入札
令和8年8月3日,08-00352,【電子】 令和８年度建設局業務継続マネジメント（BCM）支援業務委託,都市計画・交通等計画業務,契約確定の日の翌日から令和9年3月10日まで,希望制指名競争入札
令和8年8月3日,08-00087,【電子】 街路樹冬期剪定委託（8港）その1,樹木・緑地等保護,契約確定の日の翌日から令和8年11月30日まで,希望制指名競争入札
令和8年8月3日,08-00088,【電子】 街路樹冬期剪定委託（8港）その2,樹木・緑地等保護,契約確定の日の翌日から令和8年11月30日まで,希望制指名競争入札
令和8年8月3日,08-00125,【電子】 橋梁塗膜有害物質調査委託(二建),土木・水系関係調査業務,契約確定の日の翌日から令和9年1月29日まで,希望制指名競争入札
令和8年8月3日,08-00126,【電子】 日常点検(一般橋)調査委託(二建),土木・水系関係調査業務,契約確定の日の翌日から令和9年2月19日まで,希望制指名競争入札
令和8年8月3日,08-00129,【電子】 積算委託(補82・補133),市場・補償鑑定関係調査業務,契約確定の日の翌日から令和8年12月18日まで,希望制指名競争入札
令和8年8月3日,08-00104,【電子】 東京都西部公園緑地事務所新庁舎警備委託 ※本案件は、8月3日 15時34分付で取り下げました。,警備・受付,令和8年10月1日から令和13年3月31日まで,希望制指名競争入札
令和8年8月3日,08-00142,【電子】 街路樹診断委託（８西の１）単価契約 ※訂正履歴あり,環境関係業務,契約確定の日の翌日から令和9年2月26日まで,希望制指名競争入札
令和8年8月3日,08-00096,【電子】 建物等調査委託（用地－２）八王子３・３・10（単価契約）,市場・補償鑑定関係調査業務,契約確定の日の翌日から令和8年11月20日まで,希望制指名競争入札
令和8年8月3日,08-00123,【電子】 街路樹診断委託（８北北の１）単価契約,樹木・緑地等保護,契約確定の日の翌日から令和9年2月19日まで,希望制指名競争入札
令和8年8月3日,08-00127,【電子】 北多摩北部建設事務所管内河床清掃委託,道路・公園等管理,契約確定の日の翌日から令和9年2月22日まで,希望制指名競争入札
令和8年8月3日,08-00179,【電子】 令和８年度芝浦排水機場外２か所天井走行クレーン性能点検整備委託,電気・暖冷房等設備保守,契約確定の日の翌日から令和9年1月29日まで,希望制指名競争入札
令和8年8月3日,08-00052,【電子】 令和８年度 東京都第二市街地整備事務所庁舎植栽維持管理委託,樹木・緑地等保護,契約確定の日の翌日から令和9年3月12日まで,希望制指名競争入札
令和8年8月3日,08-20162,【電子】 電動スクーターの買入れ,自動車・自転車,令和９年２月26日,一般競争入札
令和8年8月3日,08-20173,【電子】 防寒服第一種外２種の買入れ,繊維・ゴム・皮革製品,仕様書による。,一般競争入札
令和8年8月3日,08-20177,【電子】 携帯電話等抑止装置外１種の借入れ,賃貸業務,令和9年2月1日から令和14年1月31日まで（地方自治法第234条の３の規定による長期継続契約）,一般競争入札（長期継続契約）
令和8年8月3日,08-20178,【電子】 特種用途自動車(交通事故処理車）の買入れ,自動車・自転車,令和９年３月19日,一般競争入札
令和8年8月3日,08-20180,【電子】 ＤＮＡ/ＲＮＡ抽出試薬外209種の買入れ単価契約 ※訂正履歴あり,理化学機械器具,令和8年10月1日から令和8年12月28日まで,一般競争入札
令和8年8月3日,08-00212,【電子】 令和８年度街路樹臨時調査委託,環境関係業務,契約確定の日の翌日から令和9年2月26日まで,希望制指名競争入札
令和8年8月3日,08-00227,【電子】 複写サービスに関する契約（港南庁舎）（単価契約）,事務支援,令和8年10月1日から令和11年9月30日まで（地方自治法第234条の３の規定による長期継続契約）,希望制指名競争入札（長期継続契約）
令和8年7月27日,08-02039,【電子】 OpenRoaming対応公衆Wi-Fi環境の構築及び運用業務委託（東京体育館）,通信施設保守,契約確定の日の翌日から令和9年3月31日まで,一般競争入札（総合評価方式）
令和8年7月27日,08-02040,【電子】 OpenRoaming対応公衆Wi-Fi環境の構築及び運用業務委託（武蔵野の森総合スポーツプラザ）,通信施設保守,契約確定の日の翌日から令和9年3月31日まで,一般競争入札（総合評価方式）
令和8年7月27日,08-00064,【電子】 事業概要及び測量説明会会場設営等委託（８五－補138）,催事関係業務,契約確定の日の翌日から令和9年1月20日まで,希望制指名競争入札
令和8年7月27日,08-00070,【電子】 自転車通行空間整備に関する交通量調査委託（８五－１）,市場・補償鑑定関係調査業務,契約確定の日の翌日から令和9年2月8日まで,希望制指名競争入札
令和8年7月27日,08-00156,【電子】 管球類の買入れ,家電・カメラ・厨房機器等,令和8年11月27日,希望制指名競争入札
令和8年7月27日,08-00157,【電子】 ロールフィルターの買入れ,産業用機械器具類,令和8年10月16日,希望制指名競争入札
令和8年7月27日,08-00160,【電子】 緑の質に関する調査委託,都市計画・交通等計画業務,契約確定の日の翌日から令和9年3月12日まで,希望制指名競争入札
令和8年7月27日,08-00164,【電子】 令和８年度東京都選定歴史的建造物魅力発信業務委託,広告代理,契約確定の日の翌日から令和9年3月19日まで,希望制指名競争入札
令和8年7月27日,08-00156,【電子】 令和８年度都立公園橋梁定期点検調査委託 ※本案件は、8月6日 17時00分付で取り下げました。,検査業務,契約確定の日の翌日から令和9年2月12日まで,希望制指名競争入札
令和8年7月24日,08-00019,【電子】 東京都水道局北営業所什器等運搬委託（その２） ※本案件は、8月21日 9時51分付で取り下げました。,運送等請負,契約確定の日の翌日から令和8年9月30日まで,希望制指名競争入札
令和8年7月21日,08-00144,【電子】 青山霊園再生事業物件調査委託（単価契約）,市場・補償鑑定関係調査業務,契約確定の日の翌日から令和9年1月15日まで,希望制指名競争入札
令和8年7月21日,08-00168,【電子】 令和８年度大井中央陸橋低濃度PCB廃棄物収集運搬・処分委託（その１）,廃棄物処理,契約確定の日の翌日から令和8年12月18日まで,希望制指名競争入札
令和8年7月21日,08-00169,【電子】 令和８年度第二航路海底トンネル電気防食長寿命化に伴う航行船舶実態等調査委託,都市計画・交通等計画業務,契約確定の日の翌日から令和9年3月19日まで,希望制指名競争入札
令和8年7月21日,08-31291,【電子】 警視庁有家族者待機寮三軒茶屋住宅改築基本計画,都市計画・交通等計画業務,契約確定の日の翌日から令和9年2月26日まで,希望制指名競争入札
令和8年7月21日,08-31300,【電子】 警視庁碑文谷警察署庁舎改築基本計画,都市計画・交通等計画業務,契約確定の日の翌日から令和9年3月12日まで,希望制指名競争入札
令和8年7月13日,08-04024,【電子】 ＬＥＤ照明器具の借入れ(都立葛飾野高等学校外７校) ※本案件は、8月25日 17時22分付で取り下げました。,賃貸業務,令和9年3月1日から令和18年3月31日まで（地方自治法第234条の３の規定による長期継続契約）,一般競争入札（長期継続契約）
令和8年7月13日,08-04025,【電子】 ＬＥＤ照明器具の借入れ(都立上野高等学校外６校) ※本案件は、8月25日 17時23分付で取り下げました。,賃貸業務,令和9年3月1日から令和18年3月31日まで（地方自治法第234条の３の規定による長期継続契約）,一般競争入札（長期継続契約）
令和8年7月13日,08-04026,【電子】 ＬＥＤ照明器具の借入れ(都立総合芸術高等学校外６校) ※本案件は、8月25日 17時24分付で取り下げました。,賃貸業務,令和9年3月1日から令和18年3月31日まで（地方自治法第234条の３の規定による長期継続契約）,一般競争入札（長期継続契約）
令和8年7月13日,08-04027,【電子】 ＬＥＤ照明器具の借入れ(都立三田高等学校外７校) ※本案件は、8月25日 17時25分付で取り下げました。,賃貸業務,令和9年3月1日から令和18年3月31日まで（地方自治法第234条の３の規定による長期継続契約）,一般競争入札（長期継続契約）
令和8年7月13日,08-04028,【電子】 ＬＥＤ照明器具の借入れ(都立桜町高等学校外４校) ※本案件は、8月25日 17時25分付で取り下げました。,賃貸業務,令和9年3月1日から令和13年3月31日まで（地方自治法第234条の３の規定による長期継続契約）,一般競争入札（長期継続契約）
令和8年7月13日,08-00050,【電子】 新中川護岸耐震補強工事（その22）外１件に伴う家屋事後調査委託,市場・補償鑑定関係調査業務,契約確定の日の翌日から令和8年11月13日まで,希望制指名競争入札
令和8年7月13日,08-00165,【電子】 令和８年度城南大橋（北）性能照査委託,土木・水系関係調査業務,契約確定の日の翌日から令和9年3月12日まで,希望制指名競争入札
令和8年7月13日,08-31267,【電子】 警視庁単身者待機寮碑文谷警察署富士見寮改築ほか基本計画,都市計画・交通等計画業務,契約確定の日の翌日から令和9年2月26日まで,希望制指名競争入札
令和8年7月13日,08-31271,【電子】 警視庁渋谷警察署大規模改修基本計画その２,都市計画・交通等計画業務,契約確定の日の翌日から令和9年5月31日まで,希望制指名競争入札
令和8年7月6日,08-00157,【電子】 令和８年度直営維持しゅんせつ工事警戒業務委託（その２）（単価契約）,その他の業務委託等,令和8年9月28日から令和9年3月31日まで,希望制指名競争入札
令和8年7月6日,08-00039,【電子】 都営文花一丁目団地（第４期）埋蔵文化財試掘調査,環境関係業務,契約確定の日の翌日から35日間,希望制指名競争入札
令和8年7月1日,08-00097,【電子】 都市の３Ｄデジタルマップ化に向けた基礎調査委託,航空写真・図面製作,契約確定の日の翌日から令和9年3月12日まで,希望制指名競争入札(総合評価方式)
