相性,理由,金額,金額_円,締切,締切種別,案件名,チャネル,URL,取得
S,会場装飾・設営の直接発注,"2,990,000円",2990000,,,「ふるさと祭り東京2020」和歌山県ブース等企画運営業務委託事業者プロポーザルの実施について,jc-a908361f,https://www.pref.wakayama.lg.jp/prefg/071700/kokunai/ibento/furusato/2020/d00202048.html,ok
S,海外展示会・出展支援（東京手仕事M&Oと同型）,,0,,,２０２７年国際園芸博覧会 一般廃棄物収集運搬業務委託の一般競争入札について,expo2027,,リンクなし（ナビ等。手で開く必要あり）
S,海外展示会・出展支援（東京手仕事M&Oと同型）,,0,,,2027年国際園芸博覧会協会 会場管理棟事務所内装整備委託業務の一般競争入札について,expo2027,,リンクなし（ナビ等。手で開く必要あり）
S,海外展示会・出展支援（東京手仕事M&Oと同型）,,0,,,"２０２７年国際園芸博覧会（ターミナル・北工区）で使用する電力 約4,656,000kWhの供給契約に関する一般競争入札について（2026年9月18日更新）",expo2027,,リンクなし（ナビ等。手で開く必要あり）
S,海外展示会・出展支援（東京手仕事M&Oと同型）,,0,,,2026年度 ２０２７年国際園芸博覧会 自家用電気工作物保安管理業務委託の一般競争入札について,expo2027,,リンクなし（ナビ等。手で開く必要あり）
S,海外展示会・出展支援（東京手仕事M&Oと同型）,,0,,,２０２７年国際園芸博覧会 協会警備隊資機材賃貸借契約の一般競争入札について,expo2027,,リンクなし（ナビ等。手で開く必要あり）
S,海外展示会・出展支援（東京手仕事M&Oと同型）,,0,,,２０２７年国際園芸博覧会 協会警備隊資機材賃貸借契約 その２の一般競争入札について,expo2027,,リンクなし（ナビ等。手で開く必要あり）
S,海外展示会・出展支援（東京手仕事M&Oと同型）,,0,,,２０２７年国際園芸博覧会 車両検査場等に係る賃貸借の一般競争入札について,expo2027,,リンクなし（ナビ等。手で開く必要あり）
S,海外展示会・出展支援（東京手仕事M&Oと同型）,,0,,,２０２７年国際園芸博覧会 外周フェンス侵入探知センサー設置等に係る業務委託の一般競争入札について,expo2027,,リンクなし（ナビ等。手で開く必要あり）
S,海外展示会・出展支援（東京手仕事M&Oと同型）,,0,,,２０２７年国際園芸博覧会 上川井瀬谷１号線ほか3か所道路改良工事に関する入札公告について,expo2027,,リンクなし（ナビ等。手で開く必要あり）
S,海外展示会・出展支援（東京手仕事M&Oと同型）,,0,,,２０２７年国際園芸博覧会 会場周辺警備業務について,expo2027,,リンクなし（ナビ等。手で開く必要あり）
S,工芸・地域産品の海外展開,,0,,,海外プロモーション用県産食材PR動画制作業務委託プロポーザル募集,jc-7b6a4a8c,https://www.pref.gifu.lg.jp/bid/515647.html,取得できず HTTP 404
S,会場装飾・設営の直接発注,,0,2026-10-05,不明,令和８年度総合防災訓練会場設営等業務委託について（公告）,jc-f3f16126,https://www.pref.okayama.jp/site/321/1060081.html,ok
A,展示・出展関連,,0,,,八王子市の個人邸宅における防犯砂利施工パートナー募集（業務委託）,chancenavi,,リンクなし（ナビ等。手で開く必要あり）
A,展示・出展関連,,0,,,「東京インターナショナル・ギフト・ショー春2027」 東京都中小企業振興公社パビリオン展示会運営業務委託,chancenavi,,リンクなし（ナビ等。手で開く必要あり）
A,海外向けプロモーション,,0,,,秋田県外国人材プロモーション事業業務委託に係る企画提案競技の実施について,jc-61762f98,,リンクなし（ナビ等。手で開く必要あり）
A,海外向けプロモーション,,0,,,秋田県外国人材プロモーション事業業務委託に係る質問及び回答について,jc-61762f98,,リンクなし（ナビ等。手で開く必要あり）
