検出日,経路,検索語,関連度,一致語,調達案件番号,案件名,発注機関,所在地,公開開始日,URL,リンク種別
2026-08-21,調達ポータル,海外展開/海外/国際,4,海外展開/海外/国際,0000000000000549103,Beyond 5Gなどの移動通信システムの社会実装・海外展開を加速するためのビジネス展開志向型の知財・国際標準化戦略に関する調査等の請負,総務省,東京都,令和07年10月16日,https://www.nyusatsu.geps.go.jp/OMP/Accepter/index.jsp?PRM=0000000000000549103,直リンク
2026-08-21,調達ポータル,出展/プロモーション/展示会,4,展示会/出展/プロモーション/運営,0000000000000608220,米国・テキサス州における日本産酒類のプロモーション及び展示会出展に係る運営業務委託,財務省,東京都,令和08年06月24日,https://www.nyusatsu.geps.go.jp/OMP/Accepter/index.jsp?PRM=0000000000000608220,直リンク
2026-08-21,調達ポータル,海外展開/海外,3,海外展開/海外,0000000000000550674,07-0049-0254 放送・配信コンテンツ産業の競争力強化や海外展開の推進等に関する調査の請負,総務省,東京都,令和07年10月28日,https://www.nyusatsu.geps.go.jp/OMP/Accepter/index.jsp?PRM=0000000000000550674,直リンク
2026-08-21,調達ポータル,海外展開/海外,3,海外展開/海外,0000000000000554975,マネージドネットワークサービス（MOFN）に係るオール光ネットワーク技術の海外展開に向けた調査研究の請負,総務省,東京都,令和07年11月25日,https://www.nyusatsu.geps.go.jp/OMP/Accepter/index.jsp?PRM=0000000000000554975,直リンク
2026-08-21,調達ポータル,海外展開/海外,3,海外展開/海外,0000000000000555877,オープンRAN市場における我が国のRU機器の海外展開に向けた調査請負,総務省,東京都,令和07年11月28日,https://www.nyusatsu.geps.go.jp/OMP/Accepter/index.jsp?PRM=0000000000000555877,直リンク
2026-08-21,調達ポータル,海外展開/海外,3,海外展開/海外,0000000000000570581,デジタル分野における我が国企業の海外展開に向けた官民連携の在り方及び地方企業・スタートアップ企業による海外展開の促進に関する調査研究,総務省,東京都,令和08年01月27日,https://www.nyusatsu.geps.go.jp/OMP/Accepter/index.jsp?PRM=0000000000000570581,直リンク
2026-08-21,調達ポータル,海外展開/海外,3,海外展開/海外,0000000000000570998,放送コンテンツの海外展開に向けた人材育成に係る調査研究の請負,総務省,東京都,令和08年01月28日,https://www.nyusatsu.geps.go.jp/OMP/Accepter/index.jsp?PRM=0000000000000570998,直リンク
2026-08-21,調達ポータル,海外展開/海外,3,海外展開/海外,0000000000000574160,07-0049-0351 放送・配信コンテンツ産業の競争力強化や海外展開の推進等に関する調査の請負,総務省,東京都,令和08年02月05日,https://www.nyusatsu.geps.go.jp/OMP/Accepter/index.jsp?PRM=0000000000000574160,直リンク
2026-08-21,調達ポータル,海外展開/海外,3,海外展開/海外,0000000000000598010,08-0049-0104 コーカサス地域及び中央アジアにおける医療ICTシステムの海外展開に向けた調査研究の請負,総務省,東京都,令和08年04月28日,https://www.nyusatsu.geps.go.jp/OMP/Accepter/index.jsp?PRM=0000000000000598010,直リンク
2026-08-21,調達ポータル,海外展開/海外,3,海外展開/海外,0000000000000604269,チリ共和国におけるAPNの海外展開に向けた実証実験に係る調査研究の請負,総務省,東京都,令和08年06月04日,https://www.nyusatsu.geps.go.jp/OMP/Accepter/index.jsp?PRM=0000000000000604269,直リンク
2026-08-21,調達ポータル,海外展開/海外,3,海外展開/海外,0000000000000608889,インドにおけるAPNの海外展開に向けたラボの設立及びフィールド実証を含む実証実験及び調査研究の請負,総務省,東京都,令和08年06月29日,https://www.nyusatsu.geps.go.jp/OMP/Accepter/index.jsp?PRM=0000000000000608889,直リンク
2026-08-21,調達ポータル,海外展開/海外,3,海外展開/海外,0000000000000611216,インフラシステム海外展開の在り方に係る調査業務,内閣官房,東京都,令和08年07月15日,https://www.nyusatsu.geps.go.jp/OMP/Accepter/index.jsp?PRM=0000000000000611216,直リンク
2026-08-21,調達ポータル,海外展開/海外,3,海外展開/海外,0000000000000614120,電波システム海外展開プロジェクトセミナー及び招聘（太平洋島嶼国及びアフリカ地域）,国土交通省,東京都,令和08年07月22日,https://www.nyusatsu.geps.go.jp/OMP/Accepter/index.jsp?PRM=0000000000000614120,直リンク
2026-08-21,調達ポータル,海外展開/海外,3,海外展開/海外,0000000000000614420,08-0049-0192 量子暗号通信の海外展開に向けた海外実証等の請負,総務省,東京都,令和08年07月27日,https://www.nyusatsu.geps.go.jp/OMP/Accepter/index.jsp?PRM=0000000000000614420,直リンク
2026-08-21,調達ポータル,海外展開/海外,3,海外展開/海外,,グリーン・脱炭素（ＧＸ）分野におけるインフラシステム海外展開促進のための調査研究業務,国土交通省,東京都,令和08年04月15日,https://www.p-portal.go.jp/pps-web-biz/UAA01/OAA0100?OAA0115,要検索（調達案件番号なし）
2026-08-21,調達ポータル,出展,3,パビリオン/出展,0000000000000571717,08-0049-0048 SET EXPO 2026における日本パビリオン出展を通じたブラジルTV3.0市場への我が国の放送・通信関連技術の展開促進に関する調査研究の請負,総務省,東京都,令和08年01月29日,https://www.nyusatsu.geps.go.jp/OMP/Accepter/index.jsp?PRM=0000000000000571717,直リンク
2026-08-21,調達ポータル,出展/出展/国際/国際,3,国際/出展/運営,,令和８年度２０２７年国際園芸博覧会政府出展の管理運営等に係る業務 一式,国土交通省,東京都,令和08年06月11日,https://www.p-portal.go.jp/pps-web-biz/UAA01/OAA0100?OAA0115,要検索（調達案件番号なし）
2026-08-21,調達ポータル,プロモーション/インバウンド,3,インバウンド/プロモーション,0000000000000604772,令和7年度（繰越）瀬戸内海国立公園インバウンド向けプロモーション計画素案作成業務,環境省,大阪府,令和08年06月03日,https://www.nyusatsu.geps.go.jp/OMP/Accepter/index.jsp?PRM=0000000000000604772,直リンク
2026-08-21,調達ポータル,プロモーション/観光,3,プロモーション/観光/運営,,『日米観光交流促進キャンペーン2026』に関するイベント運営・プロモーション等業務,国土交通省,東京都,令和08年07月15日,https://www.p-portal.go.jp/pps-web-biz/UAA01/OAA0100?OAA0115,要検索（調達案件番号なし）
2026-08-21,調達ポータル,海外/国際,2,海外/国際,0000000000000551639,07-0049-0264 量子中継技術の国際展開に向けた海外調査の請負,総務省,東京都,令和07年10月31日,https://www.nyusatsu.geps.go.jp/OMP/Accepter/index.jsp?PRM=0000000000000551639,直リンク
2026-08-21,調達ポータル,海外/国際,2,海外/国際,0000000000000611275,量子中継技術の国際展開に向けた海外実証等の請負,総務省,東京都,令和08年07月08日,https://www.nyusatsu.geps.go.jp/OMP/Accepter/index.jsp?PRM=0000000000000611275,直リンク
2026-08-21,調達ポータル,海外/国際,2,海外/国際,0000000000000616621,08-0049-0213 量子中継技術の国際展開に向けた海外実証等の請負（再度公告）,総務省,東京都,令和08年08月07日,https://www.nyusatsu.geps.go.jp/OMP/Accepter/index.jsp?PRM=0000000000000616621,直リンク
2026-08-21,調達ポータル,海外/プロモーション,2,海外/プロモーション,0000000000000617024,令和８年度 ウポポイ海外プロモーション業務,国土交通省,北海道,令和08年08月04日,https://www.nyusatsu.geps.go.jp/OMP/Accepter/index.jsp?PRM=0000000000000617024,直リンク
2026-08-21,調達ポータル,出展/国際,2,国際/出展,,令和７年度２０２７年国際園芸博覧会政府出展屋外展示制作に係る業務 一式,国土交通省,東京都,令和08年05月01日,https://www.p-portal.go.jp/pps-web-biz/UAA01/OAA0100?OAA0115,要検索（調達案件番号なし）
2026-08-21,調達ポータル,出展/国際,2,国際/出展,,令和７年度補正２０２７年国際園芸博覧会国際出展支援業務 一式,国土交通省,東京都,令和08年05月01日,https://www.p-portal.go.jp/pps-web-biz/UAA01/OAA0100?OAA0115,要検索（調達案件番号なし）
2026-08-21,調達ポータル,プロモーション/観光,2,プロモーション/観光,,観光コンテンツに係るプロモーション戦略・手法の体系化調査業務,国土交通省,東京都,令和08年07月10日,https://www.p-portal.go.jp/pps-web-biz/UAA01/OAA0100?OAA0115,要検索（調達案件番号なし）
2026-08-21,調達ポータル,観光,2,観光/運営,,第３回日土観光交流促進協議会の運営業務,国土交通省,東京都,令和08年08月19日,https://www.p-portal.go.jp/pps-web-biz/UAA01/OAA0100?OAA0115,要検索（調達案件番号なし）
2026-08-21,調達ポータル,情報発信/見本市/国際,2,国際/見本市,0000000000000573262,国際見本市等を通じた放送コンテンツの情報発信に関する調査,総務省,東京都,令和08年02月02日,https://www.nyusatsu.geps.go.jp/OMP/Accepter/index.jsp?PRM=0000000000000573262,直リンク
2026-08-21,調達ポータル,伝統/国際,2,国際/運営,0000000000000618339,関西国際空港における「伝統的酒造り」及び近畿産酒類のＰＲイベントの運営業務委託,財務省,大阪府,令和08年08月21日,https://www.nyusatsu.geps.go.jp/OMP/Accepter/index.jsp?PRM=0000000000000618339,直リンク
2026-08-21,調達ポータル,商談会,2,商談会/運営,0000000000000616267,令和8年度オンライン商談会運営に係る業務委託,財務省,東京都,令和08年08月03日,https://www.nyusatsu.geps.go.jp/OMP/Accepter/index.jsp?PRM=0000000000000616267,直リンク
2026-08-21,調達ポータル,国際,2,国際/催事,0000000000000594887,マレーシア及びオーストラリアにおける国際標準化活動促進ワークショップ開催事務の請負,総務省,東京都,令和08年04月10日,https://www.nyusatsu.geps.go.jp/OMP/Accepter/index.jsp?PRM=0000000000000594887,直リンク
2026-08-21,調達ポータル,国際,2,国際/運営,0000000000000612182,電気通信機器に係る国際ワークショップ運営事務及び基準・認証制度に関する国際調査業務の請負,総務省,東京都,令和08年07月15日,https://www.nyusatsu.geps.go.jp/OMP/Accepter/index.jsp?PRM=0000000000000612182,直リンク
2026-08-21,調達ポータル,国際,2,国際/催事,0000000000000613173,08-0049-0185 次世代移動通信等に関する国際連携推進に向けた国際ワークショップの開催事務の請負,総務省,東京都,令和08年07月17日,https://www.nyusatsu.geps.go.jp/OMP/Accepter/index.jsp?PRM=0000000000000613173,直リンク
2026-08-21,調達ポータル,国際,2,国際/運営,0000000000000613903,「昨今の国際関係・安全保障環境の変化を踏まえた今後の東アジア情勢への国際社会の対応」に関するセミナーの企画・運営等業務,内閣府,東京都,令和08年07月21日,https://www.nyusatsu.geps.go.jp/OMP/Accepter/index.jsp?PRM=0000000000000613903,直リンク
2026-08-21,調達ポータル,国際,2,国際/運営,0000000000000613963,【税込入札】国際平和と安全シンポジウム（ハイブリッド形式）の会議運営等業務委託,防衛省,東京都,令和08年07月21日,https://www.nyusatsu.geps.go.jp/OMP/Accepter/index.jsp?PRM=0000000000000613963,直リンク
2026-08-21,調達ポータル,国際,2,国際/催事,0000000000000614188,ブータン及びスリランカにおける国際標準化活動促進ワークショップ開催事務の請負,総務省,東京都,令和08年07月24日,https://www.nyusatsu.geps.go.jp/OMP/Accepter/index.jsp?PRM=0000000000000614188,直リンク
2026-08-21,調達ポータル,国際,2,国際/運営,0000000000000614626,「東シナ海及び南シナ海をめぐる国際情勢と日本の領土」等に関するセミナーの企画・運営等業務,内閣府,東京都,令和08年07月24日,https://www.nyusatsu.geps.go.jp/OMP/Accepter/index.jsp?PRM=0000000000000614626,直リンク
2026-08-21,調達ポータル,国際,2,国際/運営,0000000000000614755,国際消防防災フォーラムの実施に係る運営業務委託,総務省,東京都,令和08年08月06日,https://www.nyusatsu.geps.go.jp/OMP/Accepter/index.jsp?PRM=0000000000000614755,直リンク
2026-08-21,調達ポータル,国際,2,国際/運営,0000000000000617761,令和８年度安全保障国際シンポジウム及び国際安全保障コロキアム開催に 係る運営業務,防衛省,東京都,令和08年08月18日,https://www.nyusatsu.geps.go.jp/OMP/Accepter/index.jsp?PRM=0000000000000617761,直リンク
2026-08-21,調達ポータル,国際,2,国際/運営,0000000000000618172,シンポジウム「国際シンポジウム２０２７（仮称）」における設営及び運営等業務,財務省,東京都,令和08年08月21日,https://www.nyusatsu.geps.go.jp/OMP/Accepter/index.jsp?PRM=0000000000000618172,直リンク
2026-08-21,調達ポータル,海外/情報発信,1,海外,0000000000000342864,令和４年度大山隠岐国立公園海外向け情報発信強化業務,環境省,岡山県,令和04年09月22日,https://www.nyusatsu.geps.go.jp/OMP/Accepter/index.jsp?PRM=0000000000000342864,直リンク
2026-08-21,調達ポータル,海外/情報発信,1,海外,0000000000000346772,令和４年度大山隠岐国立公園海外向け情報発信強化業務【再度公告】,環境省,岡山県,令和04年10月26日,https://www.nyusatsu.geps.go.jp/OMP/Accepter/index.jsp?PRM=0000000000000346772,直リンク
2026-08-21,調達ポータル,海外,1,海外,0000000000000551372,07-0049-0256 量子暗号通信の社会実装加速化に向けた海外調査等の請負,総務省,東京都,令和07年10月30日,https://www.nyusatsu.geps.go.jp/OMP/Accepter/index.jsp?PRM=0000000000000551372,直リンク
2026-08-21,調達ポータル,海外,1,海外,0000000000000553525,07-0049-0273 放送コンテンツの海外市場規模に関する実態調査,総務省,東京都,令和07年11月14日,https://www.nyusatsu.geps.go.jp/OMP/Accepter/index.jsp?PRM=0000000000000553525,直リンク
2026-08-21,調達ポータル,海外,1,海外,0000000000000562335,令和８年度海外用携帯電話・データ通信機器の提供,総務省,東京都,令和08年01月15日,https://www.nyusatsu.geps.go.jp/OMP/Accepter/index.jsp?PRM=0000000000000562335,直リンク
2026-08-21,調達ポータル,海外,1,海外,0000000000000565131,海外郵政関連情報の収集等の請負,総務省,東京都,令和08年01月16日,https://www.nyusatsu.geps.go.jp/OMP/Accepter/index.jsp?PRM=0000000000000565131,直リンク
2026-08-21,調達ポータル,海外,1,海外,0000000000000566327,海外AIデータセンターへのオール光ネットワーク技術の展開に向けた調査研究の請負,総務省,東京都,令和08年01月16日,https://www.nyusatsu.geps.go.jp/OMP/Accepter/index.jsp?PRM=0000000000000566327,直リンク
2026-08-21,調達ポータル,海外,1,海外,0000000000000608873,海外における分散データセンター向け大容量・超低消費電力モジュール技術の展開・実証及び調査研究の請負,総務省,東京都,令和08年06月29日,https://www.nyusatsu.geps.go.jp/OMP/Accepter/index.jsp?PRM=0000000000000608873,直リンク
2026-08-21,調達ポータル,海外,1,海外,0000000000000612787,令和８年度石綿健康被害救済制度に関する海外動向等調査業務[総合評価落札方式],環境省,東京都,令和08年07月15日,https://www.nyusatsu.geps.go.jp/OMP/Accepter/index.jsp?PRM=0000000000000612787,直リンク
2026-08-21,調達ポータル,海外,1,海外,0000000000000613241,令和９年度海外赴任予定者への語学研修,国家公安委員会（警察庁）,東京都,令和08年07月21日,https://www.nyusatsu.geps.go.jp/OMP/Accepter/index.jsp?PRM=0000000000000613241,直リンク
2026-08-21,調達ポータル,海外,1,海外,0000000000000614694,令和８年度 海外の鉄道事故調査官向け研修教材開発 及び研修実施に係る支援業務委託,国土交通省,東京都,令和08年07月27日,https://www.nyusatsu.geps.go.jp/OMP/Accepter/index.jsp?PRM=0000000000000614694,直リンク
2026-08-21,調達ポータル,海外,1,海外,0000000000000616203,【近畿経済産業局】令和８年度大阪・関西万博を契機とした関西企業に対する海外連携フォローアップ調査,経済産業省,大阪府,令和08年08月03日,https://www.nyusatsu.geps.go.jp/OMP/Accepter/index.jsp?PRM=0000000000000616203,直リンク
2026-08-21,調達ポータル,海外,1,海外,0000000000000616359,【特許庁】令和８年度農林水産・食品分野における知財を活用した海外収益化支援モデル構築調査事業,経済産業省,東京都,令和08年08月10日,https://www.nyusatsu.geps.go.jp/OMP/Accepter/index.jsp?PRM=0000000000000616359,直リンク
2026-08-21,調達ポータル,海外,1,海外,0000000000000617099,動画配信サービス等における日本コンテンツの海外視聴実態に関する調査研究の請負,総務省,東京都,令和08年08月19日,https://www.nyusatsu.geps.go.jp/OMP/Accepter/index.jsp?PRM=0000000000000617099,直リンク
2026-08-21,調達ポータル,海外,1,海外,0000000000000617538,海外における渡航移植及び臓器移植制度等に関する調査業務一式,厚生労働省,東京都,令和08年08月14日,https://www.nyusatsu.geps.go.jp/OMP/Accepter/index.jsp?PRM=0000000000000617538,直リンク
2026-08-21,調達ポータル,海外,1,海外,0000000000000617732,海外公的年金等のオルタナティブ投資の運用状況等に関する調査業務一式,厚生労働省,東京都,令和08年08月20日,https://www.nyusatsu.geps.go.jp/OMP/Accepter/index.jsp?PRM=0000000000000617732,直リンク
2026-08-21,調達ポータル,海外,1,海外,0000000000000617894,令和８年度 海外向けグラフィック日本事情発信誌「にぽにか （niponica）」の制作・複製及び納入,外務省,東京都,令和08年08月17日,https://www.nyusatsu.geps.go.jp/OMP/Accepter/index.jsp?PRM=0000000000000617894,直リンク
2026-08-21,調達ポータル,海外,1,海外,0000000000000618017,【特許庁】令和８年度産業財産権制度各国比較調査研究等事業「海外庁における特許審査ハイウェイ（ＰＰＨ）申請出願の状況に関する調査研究」,経済産業省,東京都,令和08年08月20日,https://www.nyusatsu.geps.go.jp/OMP/Accepter/index.jsp?PRM=0000000000000618017,直リンク
2026-08-21,調達ポータル,海外,1,海外,0000000000000618862,【資エ庁】令和７年度補正廃炉・汚染水・処理水対策事業（海外における廃炉への取組事例に関する情報収集・調査・分析等）,経済産業省,東京都,令和08年08月21日,https://www.nyusatsu.geps.go.jp/OMP/Accepter/index.jsp?PRM=0000000000000618862,直リンク
2026-08-21,調達ポータル,海外,1,海外,0000000000000618942,海外地域（インド・南アフリカ）における酒類の規制調査業務の委託,財務省,東京都,令和08年08月21日,https://www.nyusatsu.geps.go.jp/OMP/Accepter/index.jsp?PRM=0000000000000618942,直リンク
2026-08-21,調達ポータル,海外,1,海外,,2026年度 Smart JAMPスマートシティ実現に向けた調査検討業務（海外ドナー案件獲得）（仮称）,国土交通省,東京都,令和07年12月19日,https://www.p-portal.go.jp/pps-web-biz/UAA01/OAA0100?OAA0115,要検索（調達案件番号なし）
2026-08-21,調達ポータル,出展,1,出展,0000000000000568974,「MWCバルセロナ2027」への日本ブース出展を通じた我が国ICT企業のグローバル展開促進に関する調査研究の請負,総務省,東京都,令和08年01月23日,https://www.nyusatsu.geps.go.jp/OMP/Accepter/index.jsp?PRM=0000000000000568974,直リンク
2026-08-21,調達ポータル,出展,1,出展,0000000000000580491,「AI for Good Global Summit 2026」への日本ブース出展を通じたAI分野のスタートアップのグローバル展開促進に関する調査研究の請負,総務省,東京都,令和08年02月19日,https://www.nyusatsu.geps.go.jp/OMP/Accepter/index.jsp?PRM=0000000000000580491,直リンク
2026-08-21,調達ポータル,出展,1,出展,0000000000000600396,インドにおける我が国ICT企業のグローバル展開促進（インド・モバイル・コングレス2026出展）に関する調査研究の請負,総務省,東京都,令和08年05月15日,https://www.nyusatsu.geps.go.jp/OMP/Accepter/index.jsp?PRM=0000000000000600396,直リンク
2026-08-21,調達ポータル,プロモーション,1,プロモーション,0000000000000352160,令和４年度旅行博覧会における中国四国地方の国立公園プロモーション業務,環境省,岡山県,令和04年12月06日,https://www.nyusatsu.geps.go.jp/OMP/Accepter/index.jsp?PRM=0000000000000352160,直リンク
2026-08-21,調達ポータル,プロモーション,1,プロモーション,0000000000000419662,国債広告（地方プロモーション）の企画・制作及び実施委託業務 一式,財務省,東京都,令和06年01月16日,https://www.nyusatsu.geps.go.jp/OMP/Accepter/index.jsp?PRM=0000000000000419662,直リンク
2026-08-21,調達ポータル,観光,1,観光,0000000000000403270,令和５年度大山隠岐国立公園におけるストーリー構築のための観光資源価値調査等業務,環境省,岡山県,令和05年08月23日,https://www.nyusatsu.geps.go.jp/OMP/Accepter/index.jsp?PRM=0000000000000403270,直リンク
2026-08-21,調達ポータル,観光,1,観光,0000000000000611500,【九州局】令和８年度地域資源を活用した観光魅力創出支援事業に係る役務請負,経済産業省,福岡県,令和08年07月17日,https://www.nyusatsu.geps.go.jp/OMP/Accepter/index.jsp?PRM=0000000000000611500,直リンク
2026-08-21,調達ポータル,観光,1,観光,0000000000000615784,令和８年度中小企業実態調査事業（中国地域における食×観光複合型高付加価値化ビジネスに関する調査事業）,経済産業省,広島県,令和08年07月31日,https://www.nyusatsu.geps.go.jp/OMP/Accepter/index.jsp?PRM=0000000000000615784,直リンク
2026-08-21,調達ポータル,観光,1,観光,0000000000000618197,令和８年度知床IP全体計画を活用した羅臼地区観光モデル事例創出支援業務,環境省,北海道,令和08年08月19日,https://www.nyusatsu.geps.go.jp/OMP/Accepter/index.jsp?PRM=0000000000000618197,直リンク
2026-08-21,調達ポータル,観光,1,観光,,AIとデジタル技術を掛け合わせた観光資源のコンテンツ化促進施策展開調査業務,国土交通省,東京都,令和08年07月23日,https://www.p-portal.go.jp/pps-web-biz/UAA01/OAA0100?OAA0115,要検索（調達案件番号なし）
2026-08-21,調達ポータル,文化,1,文化,0000000000000561332,令和8年度文化庁乗用自動車（ハイヤー）雇上げ 一式,文部科学省,東京都,令和08年01月06日,https://www.nyusatsu.geps.go.jp/OMP/Accepter/index.jsp?PRM=0000000000000561332,直リンク
2026-08-21,調達ポータル,文化,1,文化,0000000000000611979,令和８年度国指定文化財等管理台帳システムの構築及びデータ移行業務 一式,文部科学省,東京都,令和08年07月10日,https://www.nyusatsu.geps.go.jp/OMP/Accepter/index.jsp?PRM=0000000000000611979,直リンク
2026-08-21,調達ポータル,文化,1,文化,0000000000000614988,令和８年度中小企業実態調査委託費（福島浜通り地域等における映像・芸術文化プロジェクトの実施に向けた調査・検討事業）,経済産業省,東京都,令和08年07月28日,https://www.nyusatsu.geps.go.jp/OMP/Accepter/index.jsp?PRM=0000000000000614988,直リンク
2026-08-21,調達ポータル,文化,1,文化,0000000000000615275,令和８年度文化遺産オンラインに係るサービスデスクライセンス及びサポートサービス 一式,文部科学省,京都府,令和08年08月05日,https://www.nyusatsu.geps.go.jp/OMP/Accepter/index.jsp?PRM=0000000000000615275,直リンク
2026-08-21,調達ポータル,文化,1,文化,0000000000000616591,令和８年度文化財補助金システムサーバー更改に伴う システム改修及びデータ移行等業務 一式,文部科学省,京都府,令和08年08月06日,https://www.nyusatsu.geps.go.jp/OMP/Accepter/index.jsp?PRM=0000000000000616591,直リンク
2026-08-21,調達ポータル,文化,1,文化,0000000000000616869,令和８年度中小企業実態調査委託費（福島浜通り地域等における映像・芸術文化によるまちづくりの『共通ビジョン策定』に向けた調査・検討事業）,経済産業省,東京都,令和08年08月06日,https://www.nyusatsu.geps.go.jp/OMP/Accepter/index.jsp?PRM=0000000000000616869,直リンク
2026-08-21,調達ポータル,文化,1,文化,0000000000000618047,【規制庁】令和８年度組織文化の評価に係る事例調査,環境省,東京都,令和08年08月20日,https://www.nyusatsu.geps.go.jp/OMP/Accepter/index.jsp?PRM=0000000000000618047,直リンク
2026-08-21,調達ポータル,伝統,1,運営,0000000000000410256,「伝統的酒造りシンポジウムin四国」の開催に係る運営等業務,財務省,香川県,令和05年10月18日,https://www.nyusatsu.geps.go.jp/OMP/Accepter/index.jsp?PRM=0000000000000410256,直リンク
2026-08-21,調達ポータル,国際,1,国際,0000000000000529493,令和７年度国立京都国際会館非常用放送設備更新工事,財務省,大阪府,令和07年05月30日,https://www.nyusatsu.geps.go.jp/OMP/Accepter/index.jsp?PRM=0000000000000529493,直リンク
2026-08-21,調達ポータル,国際,1,国際,0000000000000545811,ワイヤレス分野の重点技術領域及び推進方策、並びに次世代モバイルネットワークの高度化に向けた国際連携の推進戦略に関する調査検討,総務省,東京都,令和07年09月18日,https://www.nyusatsu.geps.go.jp/OMP/Accepter/index.jsp?PRM=0000000000000545811,直リンク
2026-08-21,調達ポータル,国際,1,国際,0000000000000547428,情報通信・デジタル分野における国際標準化（ルール形成）活動の持続的推進を支える人材基盤の強化に資する講習カリキュラム及び教育プログラム等の整備並びにその実効的運用等に関する調査の~,総務省,東京都,令和07年10月03日,https://www.nyusatsu.geps.go.jp/OMP/Accepter/index.jsp?PRM=0000000000000547428,直リンク
2026-08-21,調達ポータル,国際,1,国際,0000000000000547486,07-0049-0230 令和７年度 国際データ取引市場創出事業の請負,総務省,東京都,令和07年10月03日,https://www.nyusatsu.geps.go.jp/OMP/Accepter/index.jsp?PRM=0000000000000547486,直リンク
2026-08-21,調達ポータル,国際,1,国際,0000000000000547565,情報通信・デジタル分野における国際標準化（ルール形成）活動の持続的推進を支える人材基盤の強化に資する標準化人材の役割・業務・知識・スキル等の体系的整備等に関する請負,総務省,東京都,令和07年10月03日,https://www.nyusatsu.geps.go.jp/OMP/Accepter/index.jsp?PRM=0000000000000547565,直リンク
2026-08-21,調達ポータル,国際,1,国際,0000000000000551376,07-0049-0257 世界の放送をめぐる現状・動向を踏まえた国際市場動向の調査,総務省,東京都,令和07年10月30日,https://www.nyusatsu.geps.go.jp/OMP/Accepter/index.jsp?PRM=0000000000000551376,直リンク
2026-08-21,調達ポータル,国際,1,国際,0000000000000551717,デジタルインフラ分野の国際競争力の強化に向けた安全保障分野における先端情報通信システム等の活用促進に関する調査研究,総務省,東京都,令和07年11月04日,https://www.nyusatsu.geps.go.jp/OMP/Accepter/index.jsp?PRM=0000000000000551717,直リンク
2026-08-21,調達ポータル,国際,1,国際,0000000000000551723,国際間接続ネットワーク分野におけるオール光ネットワーク技術の普及に向けた調査研究の請負,総務省,東京都,令和07年11月05日,https://www.nyusatsu.geps.go.jp/OMP/Accepter/index.jsp?PRM=0000000000000551723,直リンク
2026-08-21,調達ポータル,国際,1,国際,0000000000000552237,国際的AI ガバナンス枠組みの相互運用性に係る調査の請負,総務省,東京都,令和07年11月05日,https://www.nyusatsu.geps.go.jp/OMP/Accepter/index.jsp?PRM=0000000000000552237,直リンク
2026-08-21,調達ポータル,国際,1,国際,0000000000000558490,南西諸島周辺地域における新たな海底ケーブルに対する需要動向及びデジタル関連産業の国際競争力強化に関する調査研究,総務省,東京都,令和07年12月15日,https://www.nyusatsu.geps.go.jp/OMP/Accepter/index.jsp?PRM=0000000000000558490,直リンク
2026-08-21,調達ポータル,国際,1,国際,0000000000000558602,我が国における情報セキュリティ産業の高度化・国際競争力の強化に向けた米国の産学官連携に係るラウンドテーブル開催の請負,総務省,東京都,令和07年12月15日,https://www.nyusatsu.geps.go.jp/OMP/Accepter/index.jsp?PRM=0000000000000558602,直リンク
2026-08-21,調達ポータル,国際,1,国際,0000000000000562664,国内外におけるICT市場及び関連市場の動向分析と国内ICT産業の国際競争力評価に関する調査研究の請負,総務省,東京都,令和08年01月13日,https://www.nyusatsu.geps.go.jp/OMP/Accepter/index.jsp?PRM=0000000000000562664,直リンク
2026-08-21,調達ポータル,国際,1,国際,0000000000000566299,令和8年度「船舶航行の安全性・効率性向上のための無線システムの高度化に関する国際機関等との連絡調整事務」,総務省,東京都,令和08年01月20日,https://www.nyusatsu.geps.go.jp/OMP/Accepter/index.jsp?PRM=0000000000000566299,直リンク
2026-08-21,調達ポータル,国際,1,国際,0000000000000569180,国際戦略局長室の応接セット等の調達,総務省,東京都,令和08年01月28日,https://www.nyusatsu.geps.go.jp/OMP/Accepter/index.jsp?PRM=0000000000000569180,直リンク
2026-08-21,調達ポータル,国際,1,国際,0000000000000569288,国際電気通信連合（ITU）理事会におけるレセプション開催に係る事務請負,総務省,東京都,令和08年01月23日,https://www.nyusatsu.geps.go.jp/OMP/Accepter/index.jsp?PRM=0000000000000569288,直リンク
2026-08-21,調達ポータル,国際,1,国際,0000000000000569309,08-0049-0033 サイバーセキュリティに係る国際標準化動向調査の請負,総務省,東京都,令和08年01月23日,https://www.nyusatsu.geps.go.jp/OMP/Accepter/index.jsp?PRM=0000000000000569309,直リンク
2026-08-21,調達ポータル,国際,1,国際,0000000000000570078,陸上移動通信システムの国際協調に向けた国際機関等との連絡調整事務の請負,総務省,東京都,令和08年01月26日,https://www.nyusatsu.geps.go.jp/OMP/Accepter/index.jsp?PRM=0000000000000570078,直リンク
2026-08-21,調達ポータル,国際,1,国際,0000000000000570889,協調型自動運転の実現に向けたV2X通信技術の国際標準化のための国際機関等との連絡調整事務,総務省,東京都,令和08年01月26日,https://www.nyusatsu.geps.go.jp/OMP/Accepter/index.jsp?PRM=0000000000000570889,直リンク
2026-08-21,調達ポータル,国際,1,国際,0000000000000571197,令和８年度「WRC-27に関する航空無線通信の国際協調のための国際機関等との連絡調整事務」の請負,総務省,東京都,令和08年01月28日,https://www.nyusatsu.geps.go.jp/OMP/Accepter/index.jsp?PRM=0000000000000571197,直リンク
2026-08-21,調達ポータル,国際,1,国際,0000000000000572442,ワイヤレス分野全般に関する推進方策及び次世代モバイルネットワークの高度化に向けた国際連携の推進戦略に関する調査検討,総務省,東京都,令和08年02月09日,https://www.nyusatsu.geps.go.jp/OMP/Accepter/index.jsp?PRM=0000000000000572442,直リンク
2026-08-21,調達ポータル,国際,1,国際,0000000000000572695,令和８年度「ワイヤレス電力伝送システムによる無線通信の保護のための国際機関等との連絡調整事務」の請負,総務省,東京都,令和08年01月30日,https://www.nyusatsu.geps.go.jp/OMP/Accepter/index.jsp?PRM=0000000000000572695,直リンク
2026-08-21,調達ポータル,国際,1,国際,0000000000000572802,令和８年度「電波利用環境維持のための高周波利用設備等に関する国際機関等との連絡調整 事務」の請負,総務省,東京都,令和08年01月30日,https://www.nyusatsu.geps.go.jp/OMP/Accepter/index.jsp?PRM=0000000000000572802,直リンク
2026-08-21,調達ポータル,国際,1,国際,0000000000000572899,令和８年度「電波利用環境維持のための高周波利用設備等に関する国際機関等との連絡調整 事務」の請負,総務省,東京都,令和08年01月30日,https://www.nyusatsu.geps.go.jp/OMP/Accepter/index.jsp?PRM=0000000000000572899,直リンク
2026-08-21,調達ポータル,国際,1,国際,0000000000000573477,WRC-27に向けた移動通信システムの国際協調に係る国際機関等との連絡調整事務の請負,総務省,東京都,令和08年02月04日,https://www.nyusatsu.geps.go.jp/OMP/Accepter/index.jsp?PRM=0000000000000573477,直リンク
2026-08-21,調達ポータル,国際,1,国際,0000000000000579109,令和８年度「Society5.0時代における固定無線システムの大容量化のための国際機関等との連絡調整事務」の請負,総務省,東京都,令和08年02月06日,https://www.nyusatsu.geps.go.jp/OMP/Accepter/index.jsp?PRM=0000000000000579109,直リンク
2026-08-21,調達ポータル,国際,1,国際,0000000000000580395,07-0049-0356 令和８年度通信分野における情報セキュリティに関するISAC国際連携に係る調査の請負,総務省,東京都,令和08年02月20日,https://www.nyusatsu.geps.go.jp/OMP/Accepter/index.jsp?PRM=0000000000000580395,直リンク
2026-08-21,調達ポータル,国際,1,国際,0000000000000582824,08-0042-0054 地上デジタルテレビジョン放送高度化技術や新しい放送関連技術等の国際標準化のための国際機関等との連絡調整事務の請負,総務省,東京都,令和08年02月19日,https://www.nyusatsu.geps.go.jp/OMP/Accepter/index.jsp?PRM=0000000000000582824,直リンク
2026-08-21,調達ポータル,国際,1,国際,0000000000000582979,08-0049-0076 Beyond 5Gなどの移動通信システムに関する国際標準化活動の最新動向の把握及びその状況を踏まえた国内企業等の標準化戦略立案のための調査・分析の請負,総務省,東京都,令和08年02月13日,https://www.nyusatsu.geps.go.jp/OMP/Accepter/index.jsp?PRM=0000000000000582979,直リンク
2026-08-21,調達ポータル,国際,1,国際,0000000000000597383,08-0049-0098 日米国際間接続ネットワーク分野におけるAPN技術の普及に向けた調査研究の請負,総務省,東京都,令和08年04月24日,https://www.nyusatsu.geps.go.jp/OMP/Accepter/index.jsp?PRM=0000000000000597383,直リンク
2026-08-21,調達ポータル,国際,1,国際,0000000000000597467,情報通信分野の国際標準化機関における主要ポストの維持・獲得のための専門人材育成並びに標準化人材の民間企業等の次世代人材及び中小企業・スタートアップ企業・大学への裾野拡大に資する調査,総務省,東京都,令和08年04月23日,https://www.nyusatsu.geps.go.jp/OMP/Accepter/index.jsp?PRM=0000000000000597467,直リンク
2026-08-21,調達ポータル,国際,1,国際,0000000000000600533,日台国際間接続ネットワーク分野におけるAPN技術の普及に向けた調査研究の請負,総務省,東京都,令和08年06月04日,https://www.nyusatsu.geps.go.jp/OMP/Accepter/index.jsp?PRM=0000000000000600533,直リンク
2026-08-21,調達ポータル,国際,1,国際,0000000000000603701,サイバーセキュリティ能力構築支援に係る 情報通信産業の国際展開支援に関する調査,総務省,東京都,令和08年05月29日,https://www.nyusatsu.geps.go.jp/OMP/Accepter/index.jsp?PRM=0000000000000603701,直リンク
2026-08-21,調達ポータル,国際,1,国際,0000000000000604177,令和８年度国立京都国際会館宴会場さくら調光システム及び照明設備更新工事,財務省,大阪府,令和08年06月04日,https://www.nyusatsu.geps.go.jp/OMP/Accepter/index.jsp?PRM=0000000000000604177,直リンク
2026-08-21,調達ポータル,国際,1,国際,0000000000000604359,関西国際空港第１ターミナルビル税関旅具検査場（制限エリア） 電子申告ゲート移設・更新に伴う付帯工事,財務省,大阪府,令和08年06月02日,https://www.nyusatsu.geps.go.jp/OMP/Accepter/index.jsp?PRM=0000000000000604359,直リンク
2026-08-21,調達ポータル,国際,1,国際,0000000000000604362,08-0049-0124 日米国際間接続ネットワーク分野におけるAPN技術の普及に向けた調査研究の請負,総務省,東京都,令和08年06月03日,https://www.nyusatsu.geps.go.jp/OMP/Accepter/index.jsp?PRM=0000000000000604362,直リンク
2026-08-21,調達ポータル,国際,1,国際,0000000000000605791,08-0049-0135 令和８年度国際データ取引市場創出事業の請負,総務省,東京都,令和08年06月10日,https://www.nyusatsu.geps.go.jp/OMP/Accepter/index.jsp?PRM=0000000000000605791,直リンク
2026-08-21,調達ポータル,国際,1,国際,0000000000000606134,令和８年度「同報通信方式を用いた無線LAN技術のユースケース創出と認証プログラムの国際標準化事業」の請負,総務省,東京都,令和08年06月12日,https://www.nyusatsu.geps.go.jp/OMP/Accepter/index.jsp?PRM=0000000000000606134,直リンク
2026-08-21,調達ポータル,国際,1,国際,0000000000000606814,大阪国際空港幹線排水路補修工事,国土交通省,大阪府,令和08年06月12日,https://www.nyusatsu.geps.go.jp/OMP/Accepter/index.jsp?PRM=0000000000000606814,直リンク
2026-08-21,調達ポータル,国際,1,国際,0000000000000608920,【東京航空局】成田国際空港新管制塔50kVA無停電電源装置（製造・設置・調整）,国土交通省,東京都,令和08年07月06日,https://www.nyusatsu.geps.go.jp/OMP/Accepter/index.jsp?PRM=0000000000000608920,直リンク
2026-08-21,調達ポータル,国際,1,国際,0000000000000609861,情報通信・デジタル分野における国際標準化（ルール形成）活動の持続的推進を支える人材基盤の強化に資する、標準化人材の役割・業務・知識・スキル及び教育プログラム等の整備と実効的運用に～,総務省,東京都,令和08年06月30日,https://www.nyusatsu.geps.go.jp/OMP/Accepter/index.jsp?PRM=0000000000000609861,直リンク
2026-08-21,調達ポータル,国際,1,国際,0000000000000610811,国際情勢の変化を踏まえた今後の日本と北米及び欧州のデジタル連携強化に係る調査研究,総務省,東京都,令和08年07月07日,https://www.nyusatsu.geps.go.jp/OMP/Accepter/index.jsp?PRM=0000000000000610811,直リンク
2026-08-21,調達ポータル,国際,1,国際,0000000000000611046,関西国際空港統合スポット管理システム設置工事外5件実施設計,国土交通省,大阪府,令和08年07月06日,https://www.nyusatsu.geps.go.jp/OMP/Accepter/index.jsp?PRM=0000000000000611046,直リンク
2026-08-21,調達ポータル,国際,1,国際,0000000000000612229,大阪国際空港幹線排水路補修工事,国土交通省,大阪府,令和08年07月10日,https://www.nyusatsu.geps.go.jp/OMP/Accepter/index.jsp?PRM=0000000000000612229,直リンク
2026-08-21,調達ポータル,国際,1,国際,0000000000000612400,国際標準化プロセスにおけるＡＩ等の活用可能性及びスキルセット並びに民間主導の国際標準活動把握に係る調査・分析業務,内閣府,東京都,令和08年07月27日,https://www.nyusatsu.geps.go.jp/OMP/Accepter/index.jsp?PRM=0000000000000612400,直リンク
2026-08-21,調達ポータル,国際,1,国際,0000000000000612559,成田国際空港第１旅客ターミナルビル及び第２旅客ターミナルビルにおける共同キオスク案内等業務委託契約 一式,法務省,千葉県,令和08年07月16日,https://www.nyusatsu.geps.go.jp/OMP/Accepter/index.jsp?PRM=0000000000000612559,直リンク
2026-08-21,調達ポータル,国際,1,国際,0000000000000613400,令和８年度環境配慮型製品の国際展開促進に係る調査検討業務[総合評価落札方式],環境省,東京都,令和08年07月21日,https://www.nyusatsu.geps.go.jp/OMP/Accepter/index.jsp?PRM=0000000000000613400,直リンク
2026-08-21,調達ポータル,国際,1,国際,0000000000000613630,【東京航空局】令和8年度 東京国際空港旧整備場地区土壌汚染状況調査業務,国土交通省,東京都,令和08年07月17日,https://www.nyusatsu.geps.go.jp/OMP/Accepter/index.jsp?PRM=0000000000000613630,直リンク
2026-08-21,調達ポータル,国際,1,国際,0000000000000614087,【東京航空局】東京国際空港Ｇ誘導路中心線灯改良その他工事外４件実施設計,国土交通省,東京都,令和08年07月22日,https://www.nyusatsu.geps.go.jp/OMP/Accepter/index.jsp?PRM=0000000000000614087,直リンク
2026-08-21,調達ポータル,国際,1,国際,0000000000000614179,令和８年度 東京国際空港施工管理用カメラ定期点検,国土交通省,東京都,令和08年07月24日,https://www.nyusatsu.geps.go.jp/OMP/Accepter/index.jsp?PRM=0000000000000614179,直リンク
2026-08-21,調達ポータル,国際,1,国際,0000000000000614206,【東京航空局】東京国際空港幹線ダクト設置工事,国土交通省,東京都,令和08年07月23日,https://www.nyusatsu.geps.go.jp/OMP/Accepter/index.jsp?PRM=0000000000000614206,直リンク
2026-08-21,調達ポータル,国際,1,国際,0000000000000614425,08-0049-0193 国際機関、外国関係機関及び外国企業等との調整、技術実証等に資する電波法令の英語翻訳及び和英対訳用語集の調査の請負（令和８年度）,総務省,東京都,令和08年07月29日,https://www.nyusatsu.geps.go.jp/OMP/Accepter/index.jsp?PRM=0000000000000614425,直リンク
2026-08-21,調達ポータル,国際,1,国際,0000000000000614540,令和8年度国際データガバナンス推進のための調査研究,デジタル庁,東京都,令和08年07月28日,https://www.nyusatsu.geps.go.jp/OMP/Accepter/index.jsp?PRM=0000000000000614540,直リンク
2026-08-21,調達ポータル,国際,1,国際,0000000000000614649,防災分野の戦略的な国際展開に関する調査研究業務,外務省,東京都,令和08年07月27日,https://www.nyusatsu.geps.go.jp/OMP/Accepter/index.jsp?PRM=0000000000000614649,直リンク
2026-08-21,調達ポータル,国際,1,国際,0000000000000614875,【東京航空局】東京国際空港第２ターミナルビル駐機位置指示灯改良その他工事外２件実施設計,国土交通省,東京都,令和08年07月27日,https://www.nyusatsu.geps.go.jp/OMP/Accepter/index.jsp?PRM=0000000000000614875,直リンク
2026-08-21,調達ポータル,国際,1,国際,0000000000000614996,大阪国際空港第2TX局舎空気調和設備工事,国土交通省,大阪府,令和08年07月31日,https://www.nyusatsu.geps.go.jp/OMP/Accepter/index.jsp?PRM=0000000000000614996,直リンク
2026-08-21,調達ポータル,国際,1,国際,0000000000000615238,【東京航空局】東京国際空港公益共同溝付帯設備切替工事（再公告）,国土交通省,東京都,令和08年07月29日,https://www.nyusatsu.geps.go.jp/OMP/Accepter/index.jsp?PRM=0000000000000615238,直リンク
2026-08-21,調達ポータル,国際,1,国際,0000000000000615349,令和８年度「東南アジア青年の船」事業に関する国際航空便の手配等支援業務,内閣府,東京都,令和08年07月28日,https://www.nyusatsu.geps.go.jp/OMP/Accepter/index.jsp?PRM=0000000000000615349,直リンク
2026-08-21,調達ポータル,国際,1,国際,0000000000000615380,巡視船の外国寄港に伴う運航等支援業務（国際刑事）,国土交通省,兵庫県,令和08年07月29日,https://www.nyusatsu.geps.go.jp/OMP/Accepter/index.jsp?PRM=0000000000000615380,直リンク
2026-08-21,調達ポータル,国際,1,国際,0000000000000615505,【東京航空局】東京国際空港水道自動検針装置用信号中継盤その他更新工事,国土交通省,東京都,令和08年07月30日,https://www.nyusatsu.geps.go.jp/OMP/Accepter/index.jsp?PRM=0000000000000615505,直リンク
2026-08-21,調達ポータル,国際,1,国際,0000000000000615789,巡視船の外国寄港に伴う行事等支援業務（国際刑事）,国土交通省,兵庫県,令和08年08月05日,https://www.nyusatsu.geps.go.jp/OMP/Accepter/index.jsp?PRM=0000000000000615789,直リンク
2026-08-21,調達ポータル,国際,1,国際,0000000000000615969,【東京航空局】東京国際空港制限表面障害物調査,国土交通省,東京都,令和08年08月03日,https://www.nyusatsu.geps.go.jp/OMP/Accepter/index.jsp?PRM=0000000000000615969,直リンク
2026-08-21,調達ポータル,国際,1,国際,0000000000000615999,国際連携及びAI活用によるサイバー脅威インテリジェンス収集・分析基盤の高度化に向けた調査研究,総務省,東京都,令和08年08月17日,https://www.nyusatsu.geps.go.jp/OMP/Accepter/index.jsp?PRM=0000000000000615999,直リンク
2026-08-21,調達ポータル,国際,1,国際,0000000000000616335,東京国際空港用12500立級化学消防車2台アンダーミラー交換作業（東京航空局 東京空港事務所）,国土交通省,東京都,令和08年08月05日,https://www.nyusatsu.geps.go.jp/OMP/Accepter/index.jsp?PRM=0000000000000616335,直リンク
2026-08-21,調達ポータル,国際,1,国際,0000000000000616611,【東京航空局】東京国際空港照明共同溝詳細設計検討業務,国土交通省,東京都,令和08年08月05日,https://www.nyusatsu.geps.go.jp/OMP/Accepter/index.jsp?PRM=0000000000000616611,直リンク
2026-08-21,調達ポータル,国際,1,国際,0000000000000616612,【東京航空局】東京国際空港航空灯火・電力監視制御装置改良外4件実施設計,国土交通省,東京都,令和08年08月05日,https://www.nyusatsu.geps.go.jp/OMP/Accepter/index.jsp?PRM=0000000000000616612,直リンク
2026-08-21,調達ポータル,国際,1,国際,0000000000000616614,【東京航空局】東京国際空港ＦＣ－１キュービクル製造据付外4件実施設計,国土交通省,東京都,令和08年08月05日,https://www.nyusatsu.geps.go.jp/OMP/Accepter/index.jsp?PRM=0000000000000616614,直リンク
2026-08-21,調達ポータル,国際,1,国際,0000000000000616704,関西国際空港第2TAPS-EQ室空気調和設備工事,国土交通省,大阪府,令和08年08月07日,https://www.nyusatsu.geps.go.jp/OMP/Accepter/index.jsp?PRM=0000000000000616704,直リンク
2026-08-21,調達ポータル,国際,1,国際,0000000000000616928,令和8年度 東京国際空港擁壁定期点検調査（東京航空局 東京空港事務所）,国土交通省,東京都,令和08年08月17日,https://www.nyusatsu.geps.go.jp/OMP/Accepter/index.jsp?PRM=0000000000000616928,直リンク
2026-08-21,調達ポータル,国際,1,国際,0000000000000616997,令和８年度 東京国際空港地下道定期点検調査（東京航空局 東京空港事務所）,国土交通省,東京都,令和08年08月17日,https://www.nyusatsu.geps.go.jp/OMP/Accepter/index.jsp?PRM=0000000000000616997,直リンク
2026-08-21,調達ポータル,国際,1,国際,0000000000000617051,令和８年度 東京国際空港環境配慮状況調査（東京航空局 東京空港事務所）,国土交通省,東京都,令和08年08月17日,https://www.nyusatsu.geps.go.jp/OMP/Accepter/index.jsp?PRM=0000000000000617051,直リンク
2026-08-21,調達ポータル,国際,1,国際,0000000000000617946,08-0042-0100 情報通信分野における国際標準化活動促進関連活動に関する事務請負,総務省,東京都,令和08年08月21日,https://www.nyusatsu.geps.go.jp/OMP/Accepter/index.jsp?PRM=0000000000000617946,直リンク
2026-08-21,調達ポータル,国際,1,国際,0000000000000618170,シンポジウム「国際シンポジウム２０２７（仮称）」における企画支援業務,財務省,東京都,令和08年08月21日,https://www.nyusatsu.geps.go.jp/OMP/Accepter/index.jsp?PRM=0000000000000618170,直リンク
2026-08-21,調達ポータル,国際,1,国際,0000000000000618316,東京国際空港消防東庁舎屋上受水槽流入管洗浄作業（東京航空局 東京空港事務所）,国土交通省,東京都,令和08年08月19日,https://www.nyusatsu.geps.go.jp/OMP/Accepter/index.jsp?PRM=0000000000000618316,直リンク
2026-08-21,調達ポータル,国際,1,国際,0000000000000618325,東京国際空港消防東庁舎屋上受水槽流入管洗浄作業（東京航空局 東京空港事務所）,国土交通省,東京都,令和08年08月19日,https://www.nyusatsu.geps.go.jp/OMP/Accepter/index.jsp?PRM=0000000000000618325,直リンク
2026-08-21,調達ポータル,国際,1,国際,0000000000000618653,【東京航空局】東京国際空港非常用機器保管庫新築工事,国土交通省,東京都,令和08年08月20日,https://www.nyusatsu.geps.go.jp/OMP/Accepter/index.jsp?PRM=0000000000000618653,直リンク
2026-08-21,調達ポータル,国際,1,国際,0000000000000618658,国際緊急援助活動用等画像データ,防衛省,東京都,令和08年08月19日,https://www.nyusatsu.geps.go.jp/OMP/Accepter/index.jsp?PRM=0000000000000618658,直リンク
2026-08-21,調達ポータル,国際,1,国際,0000000000000618747,【本省】令和８年度内外一体の経済成長戦略構築にかかる国際経済調査事業（戦略的な高度外国人材受入れに向けた市場・実態調査）,経済産業省,東京都,令和08年08月20日,https://www.nyusatsu.geps.go.jp/OMP/Accepter/index.jsp?PRM=0000000000000618747,直リンク
2026-08-21,調達ポータル,国際,1,国際,,２０２７年国際園芸博覧会安全確保事業 一式,国土交通省,東京都,令和08年05月01日,https://www.p-portal.go.jp/pps-web-biz/UAA01/OAA0100?OAA0115,要検索（調達案件番号なし）
2026-08-21,調達ポータル,ブランド,1,ブランド,0000000000000616834,ハローワークのブランド価値向上に資するサービス環境整備事業,厚生労働省,東京都,令和08年08月14日,https://www.nyusatsu.geps.go.jp/OMP/Accepter/index.jsp?PRM=0000000000000616834,直リンク
2026-08-21,調達ポータル,情報発信,0,,0000000000000613257,著名人や著名なキャラクターを起用した都道府県警察採用に関する情報発信・広報事業,国家公安委員会（警察庁）,東京都,令和08年07月21日,https://www.nyusatsu.geps.go.jp/OMP/Accepter/index.jsp?PRM=0000000000000613257,直リンク
2026-08-21,調達ポータル,情報発信,0,,0000000000000616252,【東北地整 北上川ダム統管】御所ダム情報発信環境整備業務,国土交通省,岩手県,令和08年08月07日,https://www.nyusatsu.geps.go.jp/OMP/Accepter/index.jsp?PRM=0000000000000616252,直リンク
2026-08-21,調達ポータル,情報発信,0,,0000000000000616261,科学技術政策に係る国民の関心喚起と参画促進のための情報発信等の委託,内閣府,東京都,令和08年08月05日,https://www.nyusatsu.geps.go.jp/OMP/Accepter/index.jsp?PRM=0000000000000616261,直リンク
2026-08-21,調達ポータル,情報発信,0,,,通訳案内士の認知度向上に向けた情報発信業務,国土交通省,東京都,令和08年07月13日,https://www.p-portal.go.jp/pps-web-biz/UAA01/OAA0100?OAA0115,要検索（調達案件番号なし）
2026-08-21,調達ポータル,誘客,0,,0000000000000332713,令和４年度瀬戸内海国立公園誘客ツール冊子データ制作業務,環境省,岡山県,令和04年07月05日,https://www.nyusatsu.geps.go.jp/OMP/Accepter/index.jsp?PRM=0000000000000332713,直リンク
2026-08-21,調達ポータル,誘客,0,,,（企画競争の事前公示）令和８年度ウポポイへの誘客促進支援業務（豪州市場）,国土交通省,東京都,令和08年07月02日,https://www.p-portal.go.jp/pps-web-biz/UAA01/OAA0100?OAA0115,要検索（調達案件番号なし）
2026-08-21,調達ポータル,誘客,0,,,令和８年度ウポポイへの誘客促進支援業務（豪州市場）,国土交通省,東京都,令和08年07月28日,https://www.p-portal.go.jp/pps-web-biz/UAA01/OAA0100?OAA0115,要検索（調達案件番号なし）
2026-08-21,調達ポータル,ジャパン,0,,0000000000000611967,登記情報システム用印刷装置（令和８年度更新分）に係る消耗品（キヤノンマーケティングジャパン株式会社製トナー）の供給 一式,法務省,東京都,令和08年07月22日,https://www.nyusatsu.geps.go.jp/OMP/Accepter/index.jsp?PRM=0000000000000611967,直リンク
