検出日,発注機関,都道府県,分類,tier,関連度,一致語,案件名,URL,調達ページ,ドメイン
2026-08-21,山形県庁,山形,自治体本体（都道府県）,tier_a,6,伝統工芸/工芸/販路/県産品,【産業労働部県産品・貿易振興課】伝統工芸品等産業販路開拓等支援事業業務委託に係る企画提案の募集（参加申込期限：令和８年６月５日、企画提案期限：令和８年６月16日,https://www.pref.yamagata.jp/110010/2026dentouhanrokaitaku.html,https://www.pref.yamagata.jp/kensei/nyuusatsujouhou/nyuusatsujouhou/proposal/index.html,pref.yamagata.jp
2026-08-21,一般財団法人伝統的工芸品産業振興協会,,主戦場直結,tier_a,5,伝統的工芸/工芸/催事,（2026/07/03 9:30 締切り）「2026年度 伝統的工芸品月間全国大会関連催事」物流（一括搬入・搬出）業務の入札について,https://kyokai.kougeihin.jp/association_info/20260612/,https://kyokai.kougeihin.jp/association_cat/%E5%85%AC%E5%8B%9F%E5%85%AC%E5%91%8A/,kyokai.kougeihin.jp
2026-08-21,中国経済産業局,,地方支分部局,tier_a,5,パビリオン/国際/展示会/出展,半導体の国際展示会「SEMICON Japan 2026」に中四国パビリオンとして共同出展に参加する企業・団体を募集します,https://www.chugoku.meti.go.jp/r8fy/koubo/handoutai/260615.html,https://www.chugoku.meti.go.jp/koubo.html,chugoku.meti.go.jp
2026-08-21,山形県庁,山形,自治体本体（都道府県）,tier_a,5,伝統工芸/工芸/県産品,【産業労働部県産品・貿易振興課】伝統工芸品等産業後継者人材発掘業務委託に係る企画提案の募集（参加申込期限：令和8年5月14日、企画提案期限：令和8年5月25日）,https://www.pref.yamagata.jp/110010/2026kougei-intern.html,https://www.pref.yamagata.jp/kensei/nyuusatsujouhou/nyuusatsujouhou/proposal/index.html,pref.yamagata.jp
2026-08-21,（公財）東京都中小企業振興公社,東京,都道府県等中小企業支援センター,tier_a,5,伝統工芸/工芸/運営,令和8年度 伝統工芸品産業経営課題解決支援事業（職人ステップアップ事業）「普及啓発セミナー」「経営課題別特別講座」企画運営業務委託先選定実施について（総合評価方式）（令和8年5月11日 令和8年5月11日9:00～ 令和8年5月19日14:00）,http://www.tokyo-kosha.or.jp/kosha/keiyaku/,http://www.tokyo-kosha.or.jp/kosha/keiyaku/,tokyo-kosha.or.jp
2026-08-21,一般財団法人伝統的工芸品産業振興協会,,主戦場直結,tier_a,4,伝統工芸/工芸,（2026/07/09 締切り）「日本の伝統工芸士ナビ」掲載内容の収集及び登録用データ作成の公募について【企画競争】,https://kyokai.kougeihin.jp/association_info/20260626/,https://kyokai.kougeihin.jp/association_cat/%E5%85%AC%E5%8B%9F%E5%85%AC%E5%91%8A/,kyokai.kougeihin.jp
2026-08-21,一般財団法人伝統的工芸品産業振興協会,,主戦場直結,tier_a,4,伝統的工芸/工芸,（2026/06/16 12:00 締切り）令和8年度「伝統的工芸品公募作品展」作品管理・展示・輸送等業務委託【企画公募】,https://kyokai.kougeihin.jp/association_info/20260602/,https://kyokai.kougeihin.jp/association_cat/%E5%85%AC%E5%8B%9F%E5%85%AC%E5%91%8A/,kyokai.kougeihin.jp
2026-08-21,一般財団法人伝統的工芸品産業振興協会,,主戦場直結,tier_a,4,伝統的工芸/工芸,（2026/06/30 9:30 締切り）「第43回伝統的工芸品月間国民会議全国大会」設営業務等の公募について【企画競争】,https://kyokai.kougeihin.jp/association_info/20260601-2/,https://kyokai.kougeihin.jp/association_cat/%E5%85%AC%E5%8B%9F%E5%85%AC%E5%91%8A/,kyokai.kougeihin.jp
2026-08-21,一般財団法人伝統的工芸品産業振興協会,,主戦場直結,tier_a,4,伝統的工芸/工芸,（2026/06/01 17:00 締切り）令和8年度 学生等に対する伝統的工芸品教育事業「次世代開拓サポート」 事務局業務の公募について【企画競争】,https://kyokai.kougeihin.jp/association_info/20260518/,https://kyokai.kougeihin.jp/association_cat/%E5%85%AC%E5%8B%9F%E5%85%AC%E5%91%8A/,kyokai.kougeihin.jp
2026-08-21,一般財団法人伝統的工芸品産業振興協会,,主戦場直結,tier_a,4,伝統的工芸/工芸,（2026/05/22 17:00 締切り）令和8年度 伝統的工芸品産地実勢調査 調査業務委託事業者の公募について【企画競争】,https://kyokai.kougeihin.jp/association_info/20260420/,https://kyokai.kougeihin.jp/association_cat/%E5%85%AC%E5%8B%9F%E5%85%AC%E5%91%8A/,kyokai.kougeihin.jp
2026-08-21,一般財団法人伝統的工芸品産業振興協会,,主戦場直結,tier_a,4,伝統工芸/工芸,（2026/05/22 18:00 締切り）「伝統工芸 青山スクエア」展示台配置レイアウト及び新設に伴う公募について【企画競争】,https://kyokai.kougeihin.jp/association_info/20260428/,https://kyokai.kougeihin.jp/association_cat/%E5%85%AC%E5%8B%9F%E5%85%AC%E5%91%8A/,kyokai.kougeihin.jp
2026-08-21,一般財団法人伝統的工芸品産業振興協会,,主戦場直結,tier_a,4,伝統的工芸/工芸,令和8年度「伝統的工芸品公募作品展」作品募集のお知らせ,https://kyokai.kougeihin.jp/association_info/20260703/,https://kyokai.kougeihin.jp/association_cat/%E5%85%AC%E5%8B%9F%E5%85%AC%E5%91%8A/,kyokai.kougeihin.jp
2026-08-21,山形県庁,山形,自治体本体（都道府県）,tier_a,4,輸出/販路/商談会/バイヤー,【農林水産部農産物販路開拓・輸出推進課】「おいしい山形・食材王国みやぎビジネス商談会」遠隔地バイヤー招へい等業務委託にかかる企画提案の募集（参加申込期限：令和8年6月19日、企画提案期限：令和8年6月26日）,https://www.pref.yamagata.jp/140031/shokubiji/20260529mybusiness.html,https://www.pref.yamagata.jp/kensei/nyuusatsujouhou/nyuusatsujouhou/proposal/index.html,pref.yamagata.jp
2026-08-21,（公財）東京都中小企業振興公社,東京,都道府県等中小企業支援センター,tier_a,4,パビリオン/展示会/運営,令和8年度 東京都中小企業振興公社パビリオン展示会運営業務委託(産業交流展2026)（令和8年6月3日 令和8年6月3日9:00～ 令和8年6月11日14:00）,http://www.tokyo-kosha.or.jp/kosha/keiyaku/,http://www.tokyo-kosha.or.jp/kosha/keiyaku/,tokyo-kosha.or.jp
2026-08-21,（公財）東京都中小企業振興公社,東京,都道府県等中小企業支援センター,tier_a,4,パビリオン/展示会/運営,令和8年度 東京都中小企業振興公社パビリオン展示会運営業務委託(CEATEC2026 ／ スマートファクトリーJapan2026)（令和8年5月7日 令和8年5月7日9:00～ 令和8年5月15日14:00）,http://www.tokyo-kosha.or.jp/kosha/keiyaku/,http://www.tokyo-kosha.or.jp/kosha/keiyaku/,tokyo-kosha.or.jp
2026-08-21,宮城県庁,宮城,自治体本体（都道府県）,tier_a,3,工芸/販路,令和8年度宮城県県産工芸品欧州販路開拓支援業務の企画提案を募集します,https://www.pref.miyagi.jp/soshiki/kokusaibiz/r8kougeihin/kikakuteian.html,https://www.pref.miyagi.jp/life/8/40/,pref.miyagi.jp
2026-08-21,山形県庁,山形,自治体本体（都道府県）,tier_a,3,プロモーション/観光/文化,【観光文化スポーツ部観光プロモーション課】韓国市場における二次交通を活用した県内広域周遊促進事業業務委託に係る企画提案の募集について（参加申込期限:令和8年8月26日（水曜日）、企画提案書提出期限:令和8年8月28日（金曜日）,https://www.pref.yamagata.jp/110017/20260731.html,https://www.pref.yamagata.jp/kensei/nyuusatsujouhou/nyuusatsujouhou/proposal/index.html,pref.yamagata.jp
2026-08-21,山形県庁,山形,自治体本体（都道府県）,tier_a,3,プロモーション/観光/文化,【観光文化スポーツ部観光交流拡大課】令和8年度山形県最上・庄内エリア山岳魅力発信プロモーション業務に係る企画提案の募集（参加申込期限:令和8年3月30日（月曜日）、企画提案期限:令和8年4月13日（月曜日）,https://www.pref.yamagata.jp/110017/r8sangaku.html,https://www.pref.yamagata.jp/kensei/nyuusatsujouhou/nyuusatsujouhou/proposal/index.html,pref.yamagata.jp
2026-08-21,山形県庁,山形,自治体本体（都道府県）,tier_a,3,国際/文化/運営,【みらい企画創造部多文化共生・国際交流推進課】令和８年度「山形県外国人材採用支援デスク」運営業務委託に関する企画提案の募集（参加申込期限：令和８年３月３、企画提案書提出期限：令和８年３月10日）,https://www.pref.yamagata.jp/020040/deskpropo.html,https://www.pref.yamagata.jp/kensei/nyuusatsujouhou/nyuusatsujouhou/proposal/index.html,pref.yamagata.jp
2026-08-21,（公財）三重県産業支援センター,三重,都道府県等中小企業支援センター,tier_a,3,海外展開/海外,令和８年度中小企業等海外展開支援事業費補助金（海外出願支援事業）を交付決定しました,http://www.miesc.or.jp/support/contents/1586/,http://www.miesc.or.jp/#jmp_compe,miesc.or.jp
2026-08-21,独立行政法人日本貿易振興機構（JETRO）,,国の外郭団体,tier_a,2,海外/運営,海外赴帰任サポートデスク運営並びに海外赴帰任における航空券の調達及び附帯サービスの提供,https://www.jetro.go.jp/procurement/bid/hra/09e0811590343b4c.html,https://www.jetro.go.jp/procurement/,jetro.go.jp
2026-08-21,内閣府沖縄総合事務局,,地方支分部局,tier_a,2,観光/運営,沖縄地区広域連携観光戦略会議開催にかかる運営等委託事業,https://www.ogb.go.jp/-/media/Files/OGB/Soumu/choutatu/futan2/03R5/080626-koukoku-kaigiunei.pdf,https://www.ogb.go.jp/soumu/soumu_tyouta,ogb.go.jp
2026-08-21,内閣府沖縄総合事務局,,地方支分部局,tier_a,2,観光/運営,沖縄地区広域連携観光戦略会議運営にかかる運営等委託事業,https://www.ogb.go.jp/-/media/Files/OGB/Soumu/choutatu/futan2/03R5/080715-koubokekka-kaigiunei.pdf,https://www.ogb.go.jp/soumu/soumu_tyouta,ogb.go.jp
2026-08-21,さいたま市,埼玉,自治体本体（政令市）,tier_a,2,インバウンド,【最優秀提案者を決定しました】さいたま市インバウンド促進業務 企画提案の募集について,https://www.city.saitama.lg.jp/005/001/017/012/p130442.html,https://www.city.saitama.lg.jp/005/001/017/index.html,city.saitama.lg.jp
2026-08-21,堺市,大阪,自治体本体（政令市）,tier_a,2,文化/運営,（令和8年8月17日公表）堺市立中学校地域クラブ活動管理運営業務（文化部）に係る一般競争入札を実施（学校保健体育課）,https://www.city.sakai.lg.jp/kosodate/kyoiku/boshu/nyusatsu/bunkabu.html,https://www.city.sakai.lg.jp/boshu/index.html,city.sakai.lg.jp
2026-08-21,和歌山県庁,和歌山,自治体本体（都道府県）,tier_a,2,ブランド/運営,【5/19審査結果追記しました】令和8年度和歌山県産ブランド和牛取扱飲食店応援イベントフェア企画運営業務委託に係る公募型プロポーザルの実施について,https://www.pref.wakayama.lg.jp/prefg/070400/d00222043.html,https://www.pref.wakayama.lg.jp/whatsnew/nyusatsu.html,pref.wakayama.lg.jp
2026-08-21,和歌山県庁,和歌山,自治体本体（都道府県）,tier_a,2,国際/輸出,令和7年度「和歌山県産青果物に関する輸出コスト構造分析と国際比較調査」業務委託に係る公募型プロポーザルの実施について【公募終了】,https://www.pref.wakayama.lg.jp/prefg/071700/kaigai/d00220438.html,https://www.pref.wakayama.lg.jp/whatsnew/nyusatsu.html,pref.wakayama.lg.jp
2026-08-21,和歌山県庁,和歌山,自治体本体（都道府県）,tier_a,2,ブランド/運営,【審査結果掲載しました】令和7年度和歌山県産ブランド和牛取扱飲食店応援イベントフェア企画運営業務委託に係る公募型プロポーザルの実施について,https://www.pref.wakayama.lg.jp/prefg/070400/d00219923.html,https://www.pref.wakayama.lg.jp/whatsnew/nyusatsu.html,pref.wakayama.lg.jp
2026-08-21,和歌山県庁,和歌山,自治体本体（都道府県）,tier_a,2,インバウンド,「令和3年度インバウンド下見旅行等包括的手配業務委託」に係る条件付き一般競争入札の実施について,https://www.pref.wakayama.lg.jp/prefg/062500/d00206739.html,https://www.pref.wakayama.lg.jp/whatsnew/nyusatsu.html,pref.wakayama.lg.jp
2026-08-21,和歌山県庁,和歌山,自治体本体（都道府県）,tier_a,2,県産品/運営,令和3年度県産品ポータルサイト企画・構築及び管理運営業務委託に係る公募型プロポーザル審査会における審査結果について,https://www.pref.wakayama.lg.jp/prefg/071700/d00206710.html,https://www.pref.wakayama.lg.jp/whatsnew/nyusatsu.html,pref.wakayama.lg.jp
2026-08-21,和歌山県庁,和歌山,自治体本体（都道府県）,tier_a,2,ブランド/運営,【5/19審査結果追記しました】令和8年度和歌山県産ブランド和牛取扱飲食店応援イベントフェア企画運営業務委託に係る公募型プロポーザルの実施について（令和8年5月19日）,https://www.pref.wakayama.lg.jp/whatsnew/nyusatsu.html,https://www.pref.wakayama.lg.jp/whatsnew/nyusatsu.html,pref.wakayama.lg.jp
2026-08-21,和歌山県庁,和歌山,自治体本体（都道府県）,tier_a,2,国際/輸出,令和7年度「和歌山県産青果物に関する輸出コスト構造分析と国際比較調査」業務委託に係る公募型プロポーザルの実施について【公募終了】（令和7年8月27日）,https://www.pref.wakayama.lg.jp/whatsnew/nyusatsu.html,https://www.pref.wakayama.lg.jp/whatsnew/nyusatsu.html,pref.wakayama.lg.jp
2026-08-21,和歌山県庁,和歌山,自治体本体（都道府県）,tier_a,2,ブランド/運営,【審査結果掲載しました】令和7年度和歌山県産ブランド和牛取扱飲食店応援イベントフェア企画運営業務委託に係る公募型プロポーザルの実施について（令和7年5月15日）,https://www.pref.wakayama.lg.jp/whatsnew/nyusatsu.html,https://www.pref.wakayama.lg.jp/whatsnew/nyusatsu.html,pref.wakayama.lg.jp
2026-08-21,和歌山県庁,和歌山,自治体本体（都道府県）,tier_a,2,インバウンド,「令和3年度インバウンド下見旅行等包括的手配業務委託」に係る条件付き一般競争入札の実施について（令和3年2月25日）,https://www.pref.wakayama.lg.jp/whatsnew/nyusatsu.html,https://www.pref.wakayama.lg.jp/whatsnew/nyusatsu.html,pref.wakayama.lg.jp
2026-08-21,和歌山県庁,和歌山,自治体本体（都道府県）,tier_a,2,県産品/運営,令和3年度県産品ポータルサイト企画・構築及び管理運営業務委託に係る公募型プロポーザル審査会における審査結果について（令和3年2月22日）,https://www.pref.wakayama.lg.jp/whatsnew/nyusatsu.html,https://www.pref.wakayama.lg.jp/whatsnew/nyusatsu.html,pref.wakayama.lg.jp
2026-08-21,山形県庁,山形,自治体本体（都道府県）,tier_a,2,国際/文化,【みらい企画創造部多文化共生・国際交流推進課】令和8年度「山形県国際協力活動推進事業（渡航手配・交流等企画）」業務委託に関する企画提案の募集（参加申込期限：令和8年6月9日、企画提案書提出期限：令和8年6月19日）,https://www.pref.yamagata.jp/020040/20260514.html,https://www.pref.yamagata.jp/kensei/nyuusatsujouhou/nyuusatsujouhou/proposal/index.html,pref.yamagata.jp
2026-08-21,山形県庁,山形,自治体本体（都道府県）,tier_a,2,国際/文化,【みらい企画創造部多文化共生・国際交流推進課】「“世界はとなり”やまがたフェス2026（仮称）」開催業務委託に関する企画提案の募集（参加申込期限：令和８年５月１４日、企画提案書提出期限：令和８年５月２１日）,https://www.pref.yamagata.jp/020040/tabunka_fes/20260421.html,https://www.pref.yamagata.jp/kensei/nyuusatsujouhou/nyuusatsujouhou/proposal/index.html,pref.yamagata.jp
2026-08-21,山形県庁,山形,自治体本体（都道府県）,tier_a,2,輸出/販路,【農産物販路開拓・輸出推進課】令和８年度マレーシアにおける実需連動型伴走支援事業業務委託公募型プロポーザル方式による企画提案の募集,https://www.pref.yamagata.jp/140031/2025zitsuzyurenndougatabannsousiennzigyou.html,https://www.pref.yamagata.jp/kensei/nyuusatsujouhou/nyuusatsujouhou/proposal/index.html,pref.yamagata.jp
2026-08-21,静岡県庁,静岡,自治体本体（都道府県）,tier_a,2,観光/文化,入札・業務委託・プロポーザル等（スポーツ・文化観光部）,https://www.pref.shizuoka.jp/kensei/nyusatsukobai/nyusatsusports/index.html,https://www.pref.shizuoka.jp/kensei/nyusatsukobai/index.html,pref.shizuoka.jp
2026-08-21,（公財）にいがた産業創造機構,新潟,都道府県等中小企業支援センター,tier_a,2,県産品/バイヤー,更新 2025年12月03日 【審査結果】令和７年度：バイヤー向け県産品紹介WEBサイト制作業務委託 公募型プロポーザル 最優秀提案者を決定しました。,https://www.nico.or.jp/nyusatsu/83944/,https://www.nico.or.jp/newslist_1/?c=nyusatsu,nico.or.jp
2026-08-21,（公財）にいがた産業創造機構,新潟,都道府県等中小企業支援センター,tier_a,2,県産品/バイヤー,受付終了 2025年11月12日 令和７年度：バイヤー向け県産品紹介ＷＥＢサイト制作業務委託に係るプロポーザル参加者募集に関する質問について 受付終了しました。,https://www.nico.or.jp/mokuteki/sinjigyo/83756/,https://www.nico.or.jp/newslist_1/?c=nyusatsu,nico.or.jp
2026-08-21,（公財）にいがた産業創造機構,新潟,都道府県等中小企業支援センター,tier_a,2,県産品/バイヤー,受付終了 2025年11月04日 令和７年度：バイヤー向け県産品紹介ＷＥＢサイト制作業務委託 プロポーザル参加者募集,https://www.nico.or.jp/mokuteki/sinjigyo/83596/,https://www.nico.or.jp/newslist_1/?c=nyusatsu,nico.or.jp
2026-08-21,（公財）にいがた産業創造機構,新潟,都道府県等中小企業支援センター,tier_a,2,物産/運営,受付終了 2023年06月29日 新たな新潟県首都圏情報発信拠点の「物産販売店舗等運営事業者」を募集します 質問に対する回答を掲載しました。（６月29日）,https://www.nico.or.jp/nyusatsu/65611/,https://www.nico.or.jp/newslist_1/?c=nyusatsu,nico.or.jp
2026-08-21,（公財）にいがた産業創造機構,新潟,都道府県等中小企業支援センター,tier_a,2,物産/運営,受付終了 2023年06月07日 新たな新潟県首都圏情報発信拠点の「物産販売店舗等運営事業者」「飲食店舗運営事業者」「実施設計・施工工事事業者」の公募を開始します 公募を開始します。,https://www.nico.or.jp/nyusatsu/65757/,https://www.nico.or.jp/newslist_1/?c=nyusatsu,nico.or.jp
2026-08-21,（公財）東京都中小企業振興公社,東京,都道府県等中小企業支援センター,tier_a,2,プロモーション/運営,創業支援拠点（丸の内）・（多摩）の設置・運営事業 生成 AI を活用した映像コンテンツ制作及び鉄道・エリア連動型デジタルプロモーション業務委託（令和8年8月18日 令和8年8月18日9:00～ 令和8年8月26日14:00）,http://www.tokyo-kosha.or.jp/kosha/keiyaku/,http://www.tokyo-kosha.or.jp/kosha/keiyaku/,tokyo-kosha.or.jp
2026-08-21,（公財）東京都中小企業振興公社,東京,都道府県等中小企業支援センター,tier_a,2,商談会/運営,令和8年度中小企業ニューマーケット開拓支援事業 新技術・新工法展示商談会運営業務委託（令和8年7月23日 令和8年7月23日9:00～ 令和8年7月31日14:00）,http://www.tokyo-kosha.or.jp/kosha/keiyaku/,http://www.tokyo-kosha.or.jp/kosha/keiyaku/,tokyo-kosha.or.jp
2026-08-21,（公財）東京都中小企業振興公社,東京,都道府県等中小企業支援センター,tier_a,2,海外/運営,令和8年度「海外企業とのイノベーション創出支援事業」に係る東京展開セミナー運営業務委託(マレーシア)（令和8年7月16日 令和8年7月16日9:00～ 令和8年7月27日14:00）,http://www.tokyo-kosha.or.jp/kosha/keiyaku/,http://www.tokyo-kosha.or.jp/kosha/keiyaku/,tokyo-kosha.or.jp
2026-08-21,（公財）東京都中小企業振興公社,東京,都道府県等中小企業支援センター,tier_a,2,海外/運営,令和8年度「海外ビジネス・チャレンジ塾(外国人編)」実施に係る企画・運営等業務委託（令和8年6月1日 令和8年6月1日9:00～ 令和8年6月10日14:00）,http://www.tokyo-kosha.or.jp/kosha/keiyaku/,http://www.tokyo-kosha.or.jp/kosha/keiyaku/,tokyo-kosha.or.jp
2026-08-21,（公財）東京都中小企業振興公社,東京,都道府県等中小企業支援センター,tier_a,2,海外/運営,令和8年度「海外ビジネス・チャレンジ塾」(入門者編/経験者編)実施に係る企画・運営等業務委託（令和8年6月1日 令和8年6月1日9:00～ 令和8年6月10日14:00）,http://www.tokyo-kosha.or.jp/kosha/keiyaku/,http://www.tokyo-kosha.or.jp/kosha/keiyaku/,tokyo-kosha.or.jp
2026-08-21,（公財）石川県産業創出支援機構,石川,都道府県等中小企業支援センター,tier_a,2,工芸,中国・重慶で開催する北陸3県工芸品フェアへの出品事業者を募集（石川県 締切：R8.8.28）,https://www.isico.or.jp/support/dgnet/d41196846.html,https://www.isico.or.jp/support/,isico.or.jp
2026-08-21,（公財）石川県産業創出支援機構,石川,都道府県等中小企業支援センター,tier_a,2,工芸,中国・重慶で開催する北陸3県工芸品フェアへの出品事業者を募集（石川県 締切：R8.8.28）（申込締切：令和8年8月28日(金曜日) 正午）,https://www.isico.or.jp/support/,https://www.isico.or.jp/support/,isico.or.jp
2026-08-21,一般財団法人自治体国際化協会（CLAIR）,,国の外郭団体,tier_a,1,国際,令和８年度国際協力推進セミナー（7月29日）参加者の募集を開始します！,https://www.clair.or.jp/j/cooperation/ngo/729.html,https://www.clair.or.jp/index-news.html,clair.or.jp
2026-08-21,一般財団法人自治体国際化協会（CLAIR）,,国の外郭団体,tier_a,1,文化,『令和８年度豪州多文化主義政策交流プログラム』への参加者の募集を開始しました。,https://www.clair.or.jp/j/multiculture/jiam/page.html,https://www.clair.or.jp/index-news.html,clair.or.jp
2026-08-21,一般財団法人自治体国際化協会（CLAIR）,,国の外郭団体,tier_a,1,国際,令和6年度国際協力推進セミナー（7月30日）参加者の募集を開始します！,https://www.clair.or.jp/j/cooperation/ngo/730.html,https://www.clair.or.jp/index-news.html,clair.or.jp
2026-08-21,一般財団法人自治体国際化協会（CLAIR）,,国の外郭団体,tier_a,1,国際,令和５年度国際協力推進セミナー（9月7日）参加者の募集を開始します！,https://www.clair.or.jp/j/cooperation/ngo/post-3.html,https://www.clair.or.jp/index-news.html,clair.or.jp
2026-08-21,一般財団法人自治体国際化協会（CLAIR）,,国の外郭団体,tier_a,1,国際,2月19日~2月20日開催（地域国際化協会国内研修）参加者募集!【対象：地域国際化協会、国際交流協会、自治体等の職員】,https://www.clair.or.jp/index-news.html,https://www.clair.or.jp/index-news.html,clair.or.jp
2026-08-21,独立行政法人国際交流基金,,国の外郭団体,tier_a,1,国際,令和8（2026）年度顕彰事業（国際交流基金賞及び国際交流基金地球市民賞）広報業務委託契約,https://www.jpf.go.jp/j/about/bid/result_p/2026/re_p_260807_1.html,https://www.jpf.go.jp/j/about/bid/,jpf.go.jp
2026-08-21,独立行政法人日本貿易振興機構（JETRO）,,国の外郭団体,tier_a,1,運営,「アジア経済研究所一般庶務運営業務」（2025年12月15日付公示）の入札公告の修正について,https://www.jetro.go.jp/procurement/notice/20251215.html,https://www.jetro.go.jp/procurement/,jetro.go.jp
2026-08-21,独立行政法人日本貿易振興機構（JETRO）,,国の外郭団体,tier_a,1,運営,「福岡スタートアップSingapore Challengeプログラム運営支援」（2025年7月30日付公示）の入札公告の修正について,https://www.jetro.go.jp/procurement/notice/20250822.html,https://www.jetro.go.jp/procurement/,jetro.go.jp
2026-08-21,さいたま市,埼玉,自治体本体（政令市）,tier_a,1,デザイン,【最優秀提案者を決定しました】さいたま市若者のライフデザイン形成支援業務 企画提案の募集について,https://www.city.saitama.lg.jp/005/001/017/001/p130140.html,https://www.city.saitama.lg.jp/005/001/017/index.html,city.saitama.lg.jp
2026-08-21,さいたま市,埼玉,自治体本体（政令市）,tier_a,1,運営,【受付終了】さいたま市大宮区役所区民生活部総務課所管大宮区役所キッチンカー（フードトラック）設置・運営事業者公募,https://www.city.saitama.lg.jp/005/001/017/001/p127234.html,https://www.city.saitama.lg.jp/005/001/017/index.html,city.saitama.lg.jp
2026-08-21,さいたま市,埼玉,自治体本体（政令市）,tier_a,1,運営,【受付終了】さいたま市役所本庁舎広告付き地図案内板設置・運営事業者を募集します！,https://www.city.saitama.lg.jp/005/001/017/001/p124208.html,https://www.city.saitama.lg.jp/005/001/017/index.html,city.saitama.lg.jp
2026-08-21,さいたま市,埼玉,自治体本体（政令市）,tier_a,1,運営,【受付終了】令和8年度さいたま市役所本庁舎のキッチンカー設置・運営事業者を募集します！,https://www.city.saitama.lg.jp/005/001/017/001/p112541.html,https://www.city.saitama.lg.jp/005/001/017/index.html,city.saitama.lg.jp
2026-08-21,さいたま市,埼玉,自治体本体（政令市）,tier_a,1,催事,【参加受付は終了しました】鉄道ふれあいフェア開催事業業務 企画提案の募集について,https://www.city.saitama.lg.jp/005/001/017/012/p132111.html,https://www.city.saitama.lg.jp/005/001/017/index.html,city.saitama.lg.jp
2026-08-21,さいたま市,埼玉,自治体本体（政令市）,tier_a,1,運営,【最優秀提案者が決定しました】さいたま市放課後子ども居場所事業運営業務 企画提案の募集について（追加分）,https://www.city.saitama.lg.jp/005/001/017/012/p131033.html,https://www.city.saitama.lg.jp/005/001/017/index.html,city.saitama.lg.jp
2026-08-21,さいたま市,埼玉,自治体本体（政令市）,tier_a,1,運営,【最優秀提案者が決定しました】さいたま市放課後子ども居場所事業運営業務 企画提案の募集について,https://www.city.saitama.lg.jp/005/001/017/012/p124043.html,https://www.city.saitama.lg.jp/005/001/017/index.html,city.saitama.lg.jp
2026-08-21,さいたま市,埼玉,自治体本体（政令市）,tier_a,1,運営,【最優秀提案者が決定しました】さいたま市地域クラブ活動運営支援業務 企画提案の募集について,https://www.city.saitama.lg.jp/005/001/017/012/p127435.html,https://www.city.saitama.lg.jp/005/001/017/index.html,city.saitama.lg.jp
2026-08-21,さいたま市,埼玉,自治体本体（政令市）,tier_a,1,運営,【最優秀提案者を決定しました】さいたま市立病院入院セットレンタル運営 企画提案書の募集（公募型プロポーザル）について,https://www.city.saitama.lg.jp/005/001/017/012/p125377.html,https://www.city.saitama.lg.jp/005/001/017/index.html,city.saitama.lg.jp
2026-08-21,さいたま市,埼玉,自治体本体（政令市）,tier_a,1,運営,【最優秀提案者が決定しました】さいたま市チャレンジスクール運営支援業務 企画提案書の募集について,https://www.city.saitama.lg.jp/005/001/017/012/p126908.html,https://www.city.saitama.lg.jp/005/001/017/index.html,city.saitama.lg.jp
2026-08-21,さいたま市,埼玉,自治体本体（政令市）,tier_a,1,文化,【質問に対する回答を追加しました】さいたま市大宮盆栽美術館 ライトアップ及び盆栽文化啓発業務 企画提案の募集について,https://www.city.saitama.lg.jp/005/001/017/012/p122018.html,https://www.city.saitama.lg.jp/005/001/017/index.html,city.saitama.lg.jp
2026-08-21,さいたま市,埼玉,自治体本体（政令市）,tier_a,1,運営,【受託候補者を特定しました】さいたま市障害者生活支援センター運営業務 企画提案の募集結果について,https://www.city.saitama.lg.jp/005/001/017/012/p077980.html,https://www.city.saitama.lg.jp/005/001/017/index.html,city.saitama.lg.jp
2026-08-21,堺市,大阪,自治体本体（政令市）,tier_a,1,運営,（令和8年8月17日公表）「堺市統一地方選挙に係る広報啓発事業企画・運営業務」に係る総合評価一般競争入札を実施(選挙管理委員会事務局),https://www.city.sakai.lg.jp/shisei/senkyo/oshirase/R8_koho_keihatsu.html,https://www.city.sakai.lg.jp/boshu/index.html,city.sakai.lg.jp
2026-08-21,堺市,大阪,自治体本体（政令市）,tier_a,1,運営,（令和8年7月8日公表）地域包括支援センター運営法人を募集します,https://www.city.sakai.lg.jp/kenko/fukushikaigo/koreishafukushi/jigyo/koubo/R8koubo.html,https://www.city.sakai.lg.jp/boshu/index.html,city.sakai.lg.jp
2026-08-21,仙台市,宮城,自治体本体（政令市）,tier_a,1,運営,【受託候補者を決定しました】「杜の都ネイチャーポジティブセンター事務局企画運営等業務」に係る公募型プロポーザルを実施します,https://www.city.sendai.jp/kankyochose/jigyosha/morinomiyakonpc2026.html,https://www.city.sendai.jp/boshu/index.html,city.sendai.jp
2026-08-21,仙台市,宮城,自治体本体（政令市）,tier_a,1,運営,【受託候補者を決定しました】「杜の都ネイチャーポジティブセンター事務局企画運営等業務」に係る公募型プロポーザルを実施します（2026年7月22日）,https://www.city.sendai.jp/boshu/index.html,https://www.city.sendai.jp/boshu/index.html,city.sendai.jp
2026-08-21,熊本市,熊本,自治体本体（政令市）,tier_a,1,観光,【入札関係】老朽化等に伴う観光案内サイン撤去業務委託,https://www.city.kumamoto.jp/kiji00372522/index.html,http://www.city.kumamoto.jp/list04195.html,city.kumamoto.jp
2026-08-21,熊本市,熊本,自治体本体（政令市）,tier_a,1,文化,【入札関係】ふれあい文化センタートイレ洋式化一部改修業務委託に係る条件付一般競争入札について,https://www.city.kumamoto.jp/kiji00371949/index.html,http://www.city.kumamoto.jp/list04195.html,city.kumamoto.jp
2026-08-21,川崎市,神奈川,自治体本体（政令市）,tier_a,1,文化,川崎市振り仮名センター会計年度任用職員の募集（市民文化局市民生活部戸籍住民サービス課）市政情報新着,https://www.city.kawasaki.jp/170/page/0000189360.html,https://www.city.kawasaki.jp/main/collect/curr.html,city.kawasaki.jp
2026-08-21,川崎市,神奈川,自治体本体（政令市）,tier_a,1,文化,会計年度任用職員（川崎市マイナンバーカードセンター）の募集（市民文化局戸籍住民サービス課）市政情報新着,https://www.city.kawasaki.jp/170/page/0000189292.html,https://www.city.kawasaki.jp/main/collect/curr.html,city.kawasaki.jp
2026-08-21,川崎市,神奈川,自治体本体（政令市）,tier_a,1,運営,会計年度任用職員（保育園保育士）の募集（こども未来局保育・子育て推進部 運営管理・子育て支援担当）市政情報新着,https://www.city.kawasaki.jp/170/page/0000186017.html,https://www.city.kawasaki.jp/main/collect/curr.html,city.kawasaki.jp
2026-08-21,川崎市,神奈川,自治体本体（政令市）,tier_a,1,運営,かわさき区子育てフェスタ2026運営ボランティアを募集します！川崎区新着,https://www.city.kawasaki.jp/kawasaki/page/0000180514.html,https://www.city.kawasaki.jp/main/collect/curr.html,city.kawasaki.jp
2026-08-21,川崎市,神奈川,自治体本体（政令市）,tier_a,1,文化,令和8年度教育文化会館市民自主企画事業「川崎と沖縄のつながりを知ろう」参加者募集川崎区,https://www.city.kawasaki.jp/kawasaki/page/0000188167.html,https://www.city.kawasaki.jp/main/collect/curr.html,city.kawasaki.jp
2026-08-21,福岡市,福岡,自治体本体（政令市）,tier_a,1,観光,「令和８年度観光と市民生活調和促進のためのスマート観光推進及びマナー啓発事業業務委託」に関する提案競技の選定結果について 2026年8月21日,https://www.city.fukuoka.lg.jp/keizai/kankou-s/business/kanko_smart_manners_2026_kekka.html,https://www.city.fukuoka.lg.jp/business/keiyaku-kobo/index.html,city.fukuoka.lg.jp
2026-08-21,京都庁,京都,自治体本体（都道府県）,tier_a,1,運営,カナダ・ケベック州友好提携10周年記念事業運営業務に係る一般競争入札を実施します,https://www.pref.kyoto.jp/hisho/kokusai/news/quebec_10th_anniversary.html,https://www.pref.kyoto.jp/shinchaku/nyusatsu/index.html,pref.kyoto.jp
2026-08-21,京都庁,京都,自治体本体（都道府県）,tier_a,1,運営,令和8年度京の都恋プロジェクトイベント企画・運営等業務に係る公募型プロポーザルについて,https://www.pref.kyoto.jp/shoshi/news/r7_miyakoi_propo.html,https://www.pref.kyoto.jp/shinchaku/nyusatsu/index.html,pref.kyoto.jp
2026-08-21,京都庁,京都,自治体本体（都道府県）,tier_a,1,運営,カナダ・ケベック州友好提携10周年記念事業運営業務に係る一般競争入札を実施します（8月7日公告）,https://www.pref.kyoto.jp/shinchaku/nyusatsu/index.html,https://www.pref.kyoto.jp/shinchaku/nyusatsu/index.html,pref.kyoto.jp
2026-08-21,京都庁,京都,自治体本体（都道府県）,tier_a,1,運営,令和8年度京の都恋プロジェクトイベント企画・運営等業務に係る公募型プロポーザルについて（5月21日公告）,https://www.pref.kyoto.jp/shinchaku/nyusatsu/index.html,https://www.pref.kyoto.jp/shinchaku/nyusatsu/index.html,pref.kyoto.jp
2026-08-21,佐賀県庁,佐賀,自治体本体（都道府県）,tier_a,1,運営,「集まれ！ eスポーツパーク！」企画運営業務委託に係る企画コンペを実施します,https://www.pref.saga.lg.jp/kiji003120493/index.html,https://www.pref.saga.lg.jp/list00631.html,pref.saga.lg.jp
2026-08-21,佐賀県庁,佐賀,自治体本体（都道府県）,tier_a,1,運営,令和8年度オンライン日本語講座運営業務の委託先を決定しました,https://www.pref.saga.lg.jp/kiji003113983/index.html,https://www.pref.saga.lg.jp/list00631.html,pref.saga.lg.jp
2026-08-21,佐賀県庁,佐賀,自治体本体（都道府県）,tier_a,1,デザイン,令和8年度「SAGA未来デザイン事業」業務委託に係る公募型プロポーザルを実施します,https://www.pref.saga.lg.jp/kiji00398214/index.html,https://www.pref.saga.lg.jp/list00631.html,pref.saga.lg.jp
2026-08-21,佐賀県庁,佐賀,自治体本体（都道府県）,tier_a,1,運営,令和8年度「佐賀県外国人材雇用サポート事業」企画・運営業務委託に関する企画提案を募集します,https://www.pref.saga.lg.jp/kiji003118112/index.html,https://www.pref.saga.lg.jp/list00631.html,pref.saga.lg.jp
2026-08-21,佐賀県庁,佐賀,自治体本体（都道府県）,tier_a,1,運営,【質問に対する回答】令和7年度「1Day合同オープンカンパニー」企画・運営業務委託に係る質問書への回答について,https://www.pref.saga.lg.jp/kiji003114881/index.html,https://www.pref.saga.lg.jp/list00631.html,pref.saga.lg.jp
2026-08-21,兵庫県庁,兵庫,自治体本体（都道府県）,tier_a,1,ブランド,令和8年度東播磨「農」のブランド化推進事業（東播磨の持続可能な「農」の創造）の事業実施主体の募集,https://web.pref.hyogo.lg.jp/ehk08/r8jizokunou.html,https://web.pref.hyogo.lg.jp/kobo_boshu/index.html,web.pref.hyogo.lg.jp
2026-08-21,兵庫県庁,兵庫,自治体本体（都道府県）,tier_a,1,ブランド,令和8年度東播磨「農」のブランド化推進事業（東播磨の持続可能な「農」の創造）の事業実施主体の募集 （食・農林水産）（8月21日）,https://web.pref.hyogo.lg.jp/kobo_boshu/index.html,https://web.pref.hyogo.lg.jp/kobo_boshu/index.html,web.pref.hyogo.lg.jp
2026-08-21,和歌山県庁,和歌山,自治体本体（都道府県）,tier_a,1,プロモーション,令和8年度和歌山県関係人口創出・拡大プロモーション動画制作業務委託プロポーザルに係る公募について,https://www.pref.wakayama.lg.jp/prefg/022200/d00222715.html,https://www.pref.wakayama.lg.jp/whatsnew/nyusatsu.html,pref.wakayama.lg.jp
2026-08-21,和歌山県庁,和歌山,自治体本体（都道府県）,tier_a,1,プロモーション,【審査結果を掲載しました】令和8年度紀伊半島移住プロモーション事業業務委託に係る公募型プロポーザルの実施について,https://www.pref.wakayama.lg.jp/prefg/022200/d00222347.html,https://www.pref.wakayama.lg.jp/whatsnew/nyusatsu.html,pref.wakayama.lg.jp
2026-08-21,和歌山県庁,和歌山,自治体本体（都道府県）,tier_a,1,運営,令和8年度和歌山県広域物資輸送拠点開設運営マニュアル策定等支援業務に係るプロポーザルの実施について,https://www.pref.wakayama.lg.jp/prefg/011900/d00222597.html,https://www.pref.wakayama.lg.jp/whatsnew/nyusatsu.html,pref.wakayama.lg.jp
2026-08-21,和歌山県庁,和歌山,自治体本体（都道府県）,tier_a,1,プロモーション,【審査結果を掲載しました】令和8年度和歌山県関係人口創出プラットフォーム「わかやまFUNBASE」プロモーション業務委託に係る公募型プロポーザルの実施について,https://www.pref.wakayama.lg.jp/prefg/022200/d00222191.html,https://www.pref.wakayama.lg.jp/whatsnew/nyusatsu.html,pref.wakayama.lg.jp
2026-08-21,和歌山県庁,和歌山,自治体本体（都道府県）,tier_a,1,運営,【審査結果掲載】「令和8年度生成AI実践講習企画運営業務」業務委託に係る公募型プロポーザルの実施について,https://www.pref.wakayama.lg.jp/prefg/061000/d00221861.html,https://www.pref.wakayama.lg.jp/whatsnew/nyusatsu.html,pref.wakayama.lg.jp
2026-08-21,和歌山県庁,和歌山,自治体本体（都道府県）,tier_a,1,運営,令和8年度「出会いの場の創出事業」企画・運営業務委託プロポーザルについて,https://www.pref.wakayama.lg.jp/prefg/040200/d00222070.html,https://www.pref.wakayama.lg.jp/whatsnew/nyusatsu.html,pref.wakayama.lg.jp
2026-08-21,和歌山県庁,和歌山,自治体本体（都道府県）,tier_a,1,運営,【審査結果掲載しました。】令和8年度デジタルリテラシー・デジタルスキル標準習得講習企画運営業務に係る公募型プロポーザルの実施について,https://www.pref.wakayama.lg.jp/prefg/061000/d00221848.html,https://www.pref.wakayama.lg.jp/whatsnew/nyusatsu.html,pref.wakayama.lg.jp
2026-08-21,和歌山県庁,和歌山,自治体本体（都道府県）,tier_a,1,運営,【審査結果掲載しました。】令和8年度RPA・アプリ開発講習企画運営業務に係る公募型プロポーザルの実施について,https://www.pref.wakayama.lg.jp/prefg/061000/d00221873.html,https://www.pref.wakayama.lg.jp/whatsnew/nyusatsu.html,pref.wakayama.lg.jp
2026-08-21,和歌山県庁,和歌山,自治体本体（都道府県）,tier_a,1,デザイン,【審査結果を掲載しました】令和8年度デザイン経営価値共創支援業務に係る公募型プロポーザルの実施について,https://www.pref.wakayama.lg.jp/prefg/061000/d00221740.html,https://www.pref.wakayama.lg.jp/whatsnew/nyusatsu.html,pref.wakayama.lg.jp
2026-08-21,和歌山県庁,和歌山,自治体本体（都道府県）,tier_a,1,運営,【審査結果掲載しました。】令和8年度生成AIを活用した新規事業立案力講習企画運営業務に係る公募型プロポーザルの実施,https://www.pref.wakayama.lg.jp/prefg/061000/d00221691.html,https://www.pref.wakayama.lg.jp/whatsnew/nyusatsu.html,pref.wakayama.lg.jp
2026-08-21,和歌山県庁,和歌山,自治体本体（都道府県）,tier_a,1,運営,令和8年度アントレプレナーシップ教育プログラム運営業務に係る公募型プロポーザルの実施について,https://www.pref.wakayama.lg.jp/prefg/061000/d00221722.html,https://www.pref.wakayama.lg.jp/whatsnew/nyusatsu.html,pref.wakayama.lg.jp
2026-08-21,和歌山県庁,和歌山,自治体本体（都道府県）,tier_a,1,運営,【審査結果を掲載しました】令和8年度WAKAYAMA外国人材雇用サポートデスク運営業務に係る公募型プロポーザルの実施について,https://www.pref.wakayama.lg.jp/prefg/060600/d00221508.html,https://www.pref.wakayama.lg.jp/whatsnew/nyusatsu.html,pref.wakayama.lg.jp
2026-08-21,和歌山県庁,和歌山,自治体本体（都道府県）,tier_a,1,デザイン,【審査結果を掲載しました】令和7年度和歌山県ワーケーションチラシデザイン業務委託に係る企画提案コンペティションの実施について,https://www.pref.wakayama.lg.jp/prefg/022200/d00221201.html,https://www.pref.wakayama.lg.jp/whatsnew/nyusatsu.html,pref.wakayama.lg.jp
2026-08-21,和歌山県庁,和歌山,自治体本体（都道府県）,tier_a,1,運営,令和7年度「わかやま交流フェア」企画運営業務委託に係る公募型プロポーザルの選定結果について,https://www.pref.wakayama.lg.jp/prefg/022200/d00221002.html,https://www.pref.wakayama.lg.jp/whatsnew/nyusatsu.html,pref.wakayama.lg.jp
2026-08-21,和歌山県庁,和歌山,自治体本体（都道府県）,tier_a,1,運営,令和7年度「わかやま交流フェア」企画運営業務委託に係る公募型プロポーザルの実施について,https://www.pref.wakayama.lg.jp/prefg/022200/d00220831.html,https://www.pref.wakayama.lg.jp/whatsnew/nyusatsu.html,pref.wakayama.lg.jp
2026-08-21,和歌山県庁,和歌山,自治体本体（都道府県）,tier_a,1,プロモーション,【審査結果を掲載しました】「和歌山県総合計画」本編冊子・プロモーション動画制作業務公募型プロポーザルの実施について,https://www.pref.wakayama.lg.jp/prefg/020100/d00220538.html,https://www.pref.wakayama.lg.jp/whatsnew/nyusatsu.html,pref.wakayama.lg.jp
2026-08-21,和歌山県庁,和歌山,自治体本体（都道府県）,tier_a,1,運営,【審査結果の公表】「次世代デジタルビルダーズ・ワークショップ」運営業務委託に係る公募型プロポーザルの実施について,https://www.pref.wakayama.lg.jp/prefg/020400/04/proposal2.html,https://www.pref.wakayama.lg.jp/whatsnew/nyusatsu.html,pref.wakayama.lg.jp
2026-08-21,和歌山県庁,和歌山,自治体本体（都道府県）,tier_a,1,プロモーション,令和7年度紀伊半島移住プロモーション事業業務委託に係る公募型プロポーザルの実施について,https://www.pref.wakayama.lg.jp/prefg/022200/d00220290.html,https://www.pref.wakayama.lg.jp/whatsnew/nyusatsu.html,pref.wakayama.lg.jp
2026-08-21,和歌山県庁,和歌山,自治体本体（都道府県）,tier_a,1,運営,【審査結果を掲載しました】人と繋がる関係人口創出プラットフォーム「わかやまFUNBASE」構築運営業務委託に係る公募型プロポーザルの実施について,https://www.pref.wakayama.lg.jp/prefg/022200/d00220041.html,https://www.pref.wakayama.lg.jp/whatsnew/nyusatsu.html,pref.wakayama.lg.jp
2026-08-21,和歌山県庁,和歌山,自治体本体（都道府県）,tier_a,1,運営,令和7年度デジタルリテラシー・デジタルスキル標準習得講習企画運営業務に係る公募型プロポーザルの実施,https://www.pref.wakayama.lg.jp/prefg/061000/d00216979.html,https://www.pref.wakayama.lg.jp/whatsnew/nyusatsu.html,pref.wakayama.lg.jp
2026-08-21,和歌山県庁,和歌山,自治体本体（都道府県）,tier_a,1,運営,令和7年度ローカル・ゼブラ企業成長ネットワーク運営業務プロポーザルに係る選定結果について,https://www.pref.wakayama.lg.jp/prefg/061000/d00219283.html,https://www.pref.wakayama.lg.jp/whatsnew/nyusatsu.html,pref.wakayama.lg.jp
2026-08-21,和歌山県庁,和歌山,自治体本体（都道府県）,tier_a,1,プロモーション,「令和7年度わかやま移住プロモーション事業」業務委託プロポーザルの選定結果について,https://www.pref.wakayama.lg.jp/prefg/022200/d00219801.html,https://www.pref.wakayama.lg.jp/whatsnew/nyusatsu.html,pref.wakayama.lg.jp
2026-08-21,和歌山県庁,和歌山,自治体本体（都道府県）,tier_a,1,プロモーション,令和7年度わかやま移住プロモーション事業業務委託プロポーザルに係る公募について,https://www.pref.wakayama.lg.jp/prefg/022200/d00219246.html,https://www.pref.wakayama.lg.jp/whatsnew/nyusatsu.html,pref.wakayama.lg.jp
2026-08-21,和歌山県庁,和歌山,自治体本体（都道府県）,tier_a,1,運営,【審査結果を掲載しました】「わかやま移住定住支援センター運営事業」業務委託プロポーザルに係る公募について,https://www.pref.wakayama.lg.jp/prefg/022200/d00218753.html,https://www.pref.wakayama.lg.jp/whatsnew/nyusatsu.html,pref.wakayama.lg.jp
2026-08-21,和歌山県庁,和歌山,自治体本体（都道府県）,tier_a,1,文化,【審査結果】和歌山県文化振興事業（令和7年度～令和9年度）の募集について,https://www.pref.wakayama.lg.jp/prefg/022100/prop/shiteikanri.html,https://www.pref.wakayama.lg.jp/whatsnew/nyusatsu.html,pref.wakayama.lg.jp
2026-08-21,和歌山県庁,和歌山,自治体本体（都道府県）,tier_a,1,運営,令和6年度デジタル技術講習（産業用ロボット）企画運営業務委託に係る企画コンペティションの実施,https://www.pref.wakayama.lg.jp/prefg/061000/d00216982.html,https://www.pref.wakayama.lg.jp/whatsnew/nyusatsu.html,pref.wakayama.lg.jp
2026-08-21,和歌山県庁,和歌山,自治体本体（都道府県）,tier_a,1,運営,【審査結果掲載しました】令和6年度わかやま洋上風力検討会運営業務に係る公募型プロポーザルの実施について,https://www.pref.wakayama.lg.jp/prefg/063100/d00217344.html,https://www.pref.wakayama.lg.jp/whatsnew/nyusatsu.html,pref.wakayama.lg.jp
2026-08-21,和歌山県庁,和歌山,自治体本体（都道府県）,tier_a,1,運営,和歌山県新総合計画策定に係る「2040年の和歌山を語る会（熟議）」運営業務公募型プロポーザルの実施について,https://www.pref.wakayama.lg.jp/prefg/020100/d00217520.html,https://www.pref.wakayama.lg.jp/whatsnew/nyusatsu.html,pref.wakayama.lg.jp
2026-08-21,和歌山県庁,和歌山,自治体本体（都道府県）,tier_a,1,運営,令和6年度「eスポーツわかやま推進プロジェクト」運営業務委託に係る公募型プロポーザル審査会の選定結果について,https://www.pref.wakayama.lg.jp/prefg/020400/03/esport_proposal.html,https://www.pref.wakayama.lg.jp/whatsnew/nyusatsu.html,pref.wakayama.lg.jp
2026-08-21,和歌山県庁,和歌山,自治体本体（都道府県）,tier_a,1,運営,【審査結果掲載しました】「令和6年度和歌山県デジタル人材育成研修企画・運営業務」公募型プロポーザル,https://www.pref.wakayama.lg.jp/prefg/0101001/documents/d00216128.html,https://www.pref.wakayama.lg.jp/whatsnew/nyusatsu.html,pref.wakayama.lg.jp
2026-08-21,和歌山県庁,和歌山,自治体本体（都道府県）,tier_a,1,デザイン,令和6年度デザイン経営価値共創支援業務委託に係る公募型プロポーザルに係る選定結果について,https://www.pref.wakayama.lg.jp/prefg/061000/d00209770.html,https://www.pref.wakayama.lg.jp/whatsnew/nyusatsu.html,pref.wakayama.lg.jp
2026-08-21,和歌山県庁,和歌山,自治体本体（都道府県）,tier_a,1,運営,令和6年度和歌山県デジタルマーケティング講習企画運営業務に係る企画提案コンペティションの結果について,https://www.pref.wakayama.lg.jp/prefg/061000/d00210130.html,https://www.pref.wakayama.lg.jp/whatsnew/nyusatsu.html,pref.wakayama.lg.jp
2026-08-21,和歌山県庁,和歌山,自治体本体（都道府県）,tier_a,1,プロモーション,令和5年度和歌山県移住プロモーション動画等制作業務委託プロポーザルの実施結果について,https://www.pref.wakayama.lg.jp/prefg/022200/d00214390.html,https://www.pref.wakayama.lg.jp/whatsnew/nyusatsu.html,pref.wakayama.lg.jp
2026-08-21,和歌山県庁,和歌山,自治体本体（都道府県）,tier_a,1,プロモーション,令和5年度和歌山県移住プロモーション動画等制作業務委託プロポーザルに係る公募について,https://www.pref.wakayama.lg.jp/prefg/022200/d00214171.html,https://www.pref.wakayama.lg.jp/whatsnew/nyusatsu.html,pref.wakayama.lg.jp
2026-08-21,和歌山県庁,和歌山,自治体本体（都道府県）,tier_a,1,運営,「和歌山県デジタル人材育成研修企画・運営業務」公募型プロポーザル,https://www.pref.wakayama.lg.jp/prefg/0101001/documents/d00212701.html,https://www.pref.wakayama.lg.jp/whatsnew/nyusatsu.html,pref.wakayama.lg.jp
2026-08-21,和歌山県庁,和歌山,自治体本体（都道府県）,tier_a,1,運営,令和5年度DXオンライン入門講習企画運営業務委託にかかる公募型プロポーザルの実施について,https://www.pref.wakayama.lg.jp/prefg/061000/d00209768.html,https://www.pref.wakayama.lg.jp/whatsnew/nyusatsu.html,pref.wakayama.lg.jp
2026-08-21,和歌山県庁,和歌山,自治体本体（都道府県）,tier_a,1,プロモーション,「令和5年度わかやま移住プロモーション事業」業務委託プロポーザルの実施結果について,https://www.pref.wakayama.lg.jp/prefg/022200/d00212941.html,https://www.pref.wakayama.lg.jp/whatsnew/nyusatsu.html,pref.wakayama.lg.jp
2026-08-21,和歌山県庁,和歌山,自治体本体（都道府県）,tier_a,1,運営,「ふるさと祭り東京2023」和歌山県ブース等企画運営業務委託事業者プロポーザルの実施について,https://www.pref.wakayama.lg.jp/prefg/071700/kokunai/d00210955.html,https://www.pref.wakayama.lg.jp/whatsnew/nyusatsu.html,pref.wakayama.lg.jp
2026-08-21,和歌山県庁,和歌山,自治体本体（都道府県）,tier_a,1,プロモーション,「令和4年度わかやま移住プロモーション事業」業務委託プロポーザルの実施結果について,https://www.pref.wakayama.lg.jp/prefg/022200/d00210050.html,https://www.pref.wakayama.lg.jp/whatsnew/nyusatsu.html,pref.wakayama.lg.jp
2026-08-21,和歌山県庁,和歌山,自治体本体（都道府県）,tier_a,1,プロモーション,和歌山県移住・地域おこし協力隊プロモーション動画等制作業務プロポーザルの実施結果について,https://www.pref.wakayama.lg.jp/prefg/022200/d00210061.html,https://www.pref.wakayama.lg.jp/whatsnew/nyusatsu.html,pref.wakayama.lg.jp
2026-08-21,和歌山県庁,和歌山,自治体本体（都道府県）,tier_a,1,プロモーション,【3月4日 質問に対する回答を掲載】「令和4年度わかやま移住プロモーション事業」業務委託プロポーザルに係る公募について,https://www.pref.wakayama.lg.jp/prefg/022200/d00209767.html,https://www.pref.wakayama.lg.jp/whatsnew/nyusatsu.html,pref.wakayama.lg.jp
2026-08-21,和歌山県庁,和歌山,自治体本体（都道府県）,tier_a,1,プロモーション,和歌山県移住・地域おこし協力隊プロモーション動画等制作業務プロポーザルに係る公募について,https://www.pref.wakayama.lg.jp/prefg/022200/d00209743.html,https://www.pref.wakayama.lg.jp/whatsnew/nyusatsu.html,pref.wakayama.lg.jp
2026-08-21,和歌山県庁,和歌山,自治体本体（都道府県）,tier_a,1,運営,「わかやま移住定住支援センター運営事業」業務委託プロポーザルに係る公募について（説明会資料の追加）,https://www.pref.wakayama.lg.jp/prefg/022200/d00209640.html,https://www.pref.wakayama.lg.jp/whatsnew/nyusatsu.html,pref.wakayama.lg.jp
2026-08-21,和歌山県庁,和歌山,自治体本体（都道府県）,tier_a,1,運営,令和3年度和歌山県企業誘致・転職なき移住フォーラムin東京運営業務委託にかかる（条件付き）一般競争入札の実施について,https://www.pref.wakayama.lg.jp/prefg/062200/d00208676.html,https://www.pref.wakayama.lg.jp/whatsnew/nyusatsu.html,pref.wakayama.lg.jp
2026-08-21,和歌山県庁,和歌山,自治体本体（都道府県）,tier_a,1,運営,「ダイエット＆ビューティーフェア2021」和歌山県ブース等企画運営業務委託事業者プロポーザルの実施について,https://www.pref.wakayama.lg.jp/prefg/071700/d00203930.html,https://www.pref.wakayama.lg.jp/whatsnew/nyusatsu.html,pref.wakayama.lg.jp
2026-08-21,和歌山県庁,和歌山,自治体本体（都道府県）,tier_a,1,運営,令和3年度販促ツール活用促進セミナー企画運営業務委託に係る公募型プロポーザルの結果について,https://www.pref.wakayama.lg.jp/prefg/061000/d00206686.html,https://www.pref.wakayama.lg.jp/whatsnew/nyusatsu.html,pref.wakayama.lg.jp
2026-08-21,和歌山県庁,和歌山,自治体本体（都道府県）,tier_a,1,運営,令和3年度システム導入促進講座企画運営業務委託に係る公募型プロポーザルの結果について,https://www.pref.wakayama.lg.jp/prefg/061000/d00206685.html,https://www.pref.wakayama.lg.jp/whatsnew/nyusatsu.html,pref.wakayama.lg.jp
2026-08-21,和歌山県庁,和歌山,自治体本体（都道府県）,tier_a,1,運営,『高野山・熊野を愛する100人の会』運営等委託業務に係るプロポーザルの実施について,https://www.pref.wakayama.lg.jp/prefg/062400/d00206771.html,https://www.pref.wakayama.lg.jp/whatsnew/nyusatsu.html,pref.wakayama.lg.jp
2026-08-21,和歌山県庁,和歌山,自治体本体（都道府県）,tier_a,1,観光,「消費拡大に向けた着地型周遊観光促進データマーケティング支援業務委託」に係るプロポーザルの実施について,https://www.pref.wakayama.lg.jp/prefg/062500/d00205162.html,https://www.pref.wakayama.lg.jp/whatsnew/nyusatsu.html,pref.wakayama.lg.jp
2026-08-21,和歌山県庁,和歌山,自治体本体（都道府県）,tier_a,1,運営,県民リフレッシュプラン販売促進事務局運営等業務にかかるプロポーザルの実施について,https://www.pref.wakayama.lg.jp/prefg/062400/d00204436.html,https://www.pref.wakayama.lg.jp/whatsnew/nyusatsu.html,pref.wakayama.lg.jp
2026-08-21,和歌山県庁,和歌山,自治体本体（都道府県）,tier_a,1,運営,「ふるさと祭り東京2020」和歌山県ブース等企画運営業務委託事業者プロポーザルの実施について,https://www.pref.wakayama.lg.jp/prefg/071700/kokunai/ibento/furusato/2020/d00202048.html,https://www.pref.wakayama.lg.jp/whatsnew/nyusatsu.html,pref.wakayama.lg.jp
2026-08-21,和歌山県庁,和歌山,自治体本体（都道府県）,tier_a,1,運営,「ふるさと祭り東京2019」和歌山県ブース等企画運営業務委託事業者コンペティションの審査結果について,https://www.pref.wakayama.lg.jp/prefg/071700/kokunai/ibento/furusato/2019/d00156107.html,https://www.pref.wakayama.lg.jp/whatsnew/nyusatsu.html,pref.wakayama.lg.jp
2026-08-21,和歌山県庁,和歌山,自治体本体（都道府県）,tier_a,1,プロモーション,平成30年度「紀伊半島移住プロモーション事業」業務委託に係る企画提案募集について,https://www.pref.wakayama.lg.jp/prefg/022200/d00155677.html,https://www.pref.wakayama.lg.jp/whatsnew/nyusatsu.html,pref.wakayama.lg.jp
2026-08-21,和歌山県庁,和歌山,自治体本体（都道府県）,tier_a,1,観光,建設工事及び建設工事に係る委託業務の発注予定（県土整備部、農林水産部、商工観光労働部、教育委員会、警察本部）,https://www.pref.wakayama.lg.jp/prefg/081100/bid/hattyu.html,https://www.pref.wakayama.lg.jp/whatsnew/nyusatsu.html,pref.wakayama.lg.jp
2026-08-21,和歌山県庁,和歌山,自治体本体（都道府県）,tier_a,1,プロモーション,令和8年度和歌山県関係人口創出・拡大プロモーション動画制作業務委託プロポーザルに係る公募について（令和8年8月17日）,https://www.pref.wakayama.lg.jp/whatsnew/nyusatsu.html,https://www.pref.wakayama.lg.jp/whatsnew/nyusatsu.html,pref.wakayama.lg.jp
2026-08-21,和歌山県庁,和歌山,自治体本体（都道府県）,tier_a,1,プロモーション,【審査結果を掲載しました】令和8年度紀伊半島移住プロモーション事業業務委託に係る公募型プロポーザルの実施について（令和8年7月28日）,https://www.pref.wakayama.lg.jp/whatsnew/nyusatsu.html,https://www.pref.wakayama.lg.jp/whatsnew/nyusatsu.html,pref.wakayama.lg.jp
2026-08-21,和歌山県庁,和歌山,自治体本体（都道府県）,tier_a,1,運営,令和8年度和歌山県広域物資輸送拠点開設運営マニュアル策定等支援業務に係るプロポーザルの実施について（令和8年7月27日）,https://www.pref.wakayama.lg.jp/whatsnew/nyusatsu.html,https://www.pref.wakayama.lg.jp/whatsnew/nyusatsu.html,pref.wakayama.lg.jp
2026-08-21,和歌山県庁,和歌山,自治体本体（都道府県）,tier_a,1,プロモーション,【審査結果を掲載しました】令和8年度和歌山県関係人口創出プラットフォーム「わかやまFUNBASE」プロモーション業務委託に係る公募型プロポーザルの実施について（令和8年6月18日）,https://www.pref.wakayama.lg.jp/whatsnew/nyusatsu.html,https://www.pref.wakayama.lg.jp/whatsnew/nyusatsu.html,pref.wakayama.lg.jp
2026-08-21,和歌山県庁,和歌山,自治体本体（都道府県）,tier_a,1,運営,【審査結果掲載】「令和8年度生成AI実践講習企画運営業務」業務委託に係る公募型プロポーザルの実施について（令和8年5月11日）,https://www.pref.wakayama.lg.jp/whatsnew/nyusatsu.html,https://www.pref.wakayama.lg.jp/whatsnew/nyusatsu.html,pref.wakayama.lg.jp
2026-08-21,和歌山県庁,和歌山,自治体本体（都道府県）,tier_a,1,運営,令和8年度「出会いの場の創出事業」企画・運営業務委託プロポーザルについて（令和8年4月9日）,https://www.pref.wakayama.lg.jp/whatsnew/nyusatsu.html,https://www.pref.wakayama.lg.jp/whatsnew/nyusatsu.html,pref.wakayama.lg.jp
2026-08-21,和歌山県庁,和歌山,自治体本体（都道府県）,tier_a,1,運営,【審査結果掲載しました。】令和8年度デジタルリテラシー・デジタルスキル標準習得講習企画運営業務に係る公募型プロポーザルの実施について（令和8年3月31日）,https://www.pref.wakayama.lg.jp/whatsnew/nyusatsu.html,https://www.pref.wakayama.lg.jp/whatsnew/nyusatsu.html,pref.wakayama.lg.jp
2026-08-21,和歌山県庁,和歌山,自治体本体（都道府県）,tier_a,1,運営,【審査結果掲載しました。】令和8年度RPA・アプリ開発講習企画運営業務に係る公募型プロポーザルの実施について（令和8年3月31日）,https://www.pref.wakayama.lg.jp/whatsnew/nyusatsu.html,https://www.pref.wakayama.lg.jp/whatsnew/nyusatsu.html,pref.wakayama.lg.jp
2026-08-21,和歌山県庁,和歌山,自治体本体（都道府県）,tier_a,1,デザイン,【審査結果を掲載しました】令和8年度デザイン経営価値共創支援業務に係る公募型プロポーザルの実施について（令和8年3月30日）,https://www.pref.wakayama.lg.jp/whatsnew/nyusatsu.html,https://www.pref.wakayama.lg.jp/whatsnew/nyusatsu.html,pref.wakayama.lg.jp
2026-08-21,和歌山県庁,和歌山,自治体本体（都道府県）,tier_a,1,運営,【審査結果掲載しました。】令和8年度生成AIを活用した新規事業立案力講習企画運営業務に係る公募型プロポーザルの実施（令和8年3月24日）,https://www.pref.wakayama.lg.jp/whatsnew/nyusatsu.html,https://www.pref.wakayama.lg.jp/whatsnew/nyusatsu.html,pref.wakayama.lg.jp
2026-08-21,和歌山県庁,和歌山,自治体本体（都道府県）,tier_a,1,運営,令和8年度アントレプレナーシップ教育プログラム運営業務に係る公募型プロポーザルの実施について（令和8年2月17日）,https://www.pref.wakayama.lg.jp/whatsnew/nyusatsu.html,https://www.pref.wakayama.lg.jp/whatsnew/nyusatsu.html,pref.wakayama.lg.jp
2026-08-21,和歌山県庁,和歌山,自治体本体（都道府県）,tier_a,1,運営,【審査結果を掲載しました】令和8年度WAKAYAMA外国人材雇用サポートデスク運営業務に係る公募型プロポーザルの実施について（令和8年2月12日）,https://www.pref.wakayama.lg.jp/whatsnew/nyusatsu.html,https://www.pref.wakayama.lg.jp/whatsnew/nyusatsu.html,pref.wakayama.lg.jp
2026-08-21,和歌山県庁,和歌山,自治体本体（都道府県）,tier_a,1,デザイン,【審査結果を掲載しました】令和7年度和歌山県ワーケーションチラシデザイン業務委託に係る企画提案コンペティションの実施について（令和7年12月25日）,https://www.pref.wakayama.lg.jp/whatsnew/nyusatsu.html,https://www.pref.wakayama.lg.jp/whatsnew/nyusatsu.html,pref.wakayama.lg.jp
2026-08-21,和歌山県庁,和歌山,自治体本体（都道府県）,tier_a,1,運営,令和7年度「わかやま交流フェア」企画運営業務委託に係る公募型プロポーザルの選定結果について（令和7年10月9日）,https://www.pref.wakayama.lg.jp/whatsnew/nyusatsu.html,https://www.pref.wakayama.lg.jp/whatsnew/nyusatsu.html,pref.wakayama.lg.jp
2026-08-21,和歌山県庁,和歌山,自治体本体（都道府県）,tier_a,1,運営,令和7年度「わかやま交流フェア」企画運営業務委託に係る公募型プロポーザルの実施について（令和7年9月11日）,https://www.pref.wakayama.lg.jp/whatsnew/nyusatsu.html,https://www.pref.wakayama.lg.jp/whatsnew/nyusatsu.html,pref.wakayama.lg.jp
2026-08-21,和歌山県庁,和歌山,自治体本体（都道府県）,tier_a,1,プロモーション,【審査結果を掲載しました】「和歌山県総合計画」本編冊子・プロモーション動画制作業務公募型プロポーザルの実施について（令和7年9月1日）,https://www.pref.wakayama.lg.jp/whatsnew/nyusatsu.html,https://www.pref.wakayama.lg.jp/whatsnew/nyusatsu.html,pref.wakayama.lg.jp
2026-08-21,和歌山県庁,和歌山,自治体本体（都道府県）,tier_a,1,運営,【審査結果の公表】「次世代デジタルビルダーズ・ワークショップ」運営業務委託に係る公募型プロポーザルの実施について（令和7年8月4日）,https://www.pref.wakayama.lg.jp/whatsnew/nyusatsu.html,https://www.pref.wakayama.lg.jp/whatsnew/nyusatsu.html,pref.wakayama.lg.jp
2026-08-21,和歌山県庁,和歌山,自治体本体（都道府県）,tier_a,1,プロモーション,令和7年度紀伊半島移住プロモーション事業業務委託に係る公募型プロポーザルの実施について（令和7年6月17日）,https://www.pref.wakayama.lg.jp/whatsnew/nyusatsu.html,https://www.pref.wakayama.lg.jp/whatsnew/nyusatsu.html,pref.wakayama.lg.jp
2026-08-21,和歌山県庁,和歌山,自治体本体（都道府県）,tier_a,1,運営,【審査結果を掲載しました】人と繋がる関係人口創出プラットフォーム「わかやまFUNBASE」構築運営業務委託に係る公募型プロポーザルの実施について（令和7年5月28日）,https://www.pref.wakayama.lg.jp/whatsnew/nyusatsu.html,https://www.pref.wakayama.lg.jp/whatsnew/nyusatsu.html,pref.wakayama.lg.jp
2026-08-21,和歌山県庁,和歌山,自治体本体（都道府県）,tier_a,1,運営,令和7年度デジタルリテラシー・デジタルスキル標準習得講習企画運営業務に係る公募型プロポーザルの実施（令和7年5月1日）,https://www.pref.wakayama.lg.jp/whatsnew/nyusatsu.html,https://www.pref.wakayama.lg.jp/whatsnew/nyusatsu.html,pref.wakayama.lg.jp
2026-08-21,和歌山県庁,和歌山,自治体本体（都道府県）,tier_a,1,運営,令和7年度ローカル・ゼブラ企業成長ネットワーク運営業務プロポーザルに係る選定結果について（令和7年4月22日）,https://www.pref.wakayama.lg.jp/whatsnew/nyusatsu.html,https://www.pref.wakayama.lg.jp/whatsnew/nyusatsu.html,pref.wakayama.lg.jp
2026-08-21,和歌山県庁,和歌山,自治体本体（都道府県）,tier_a,1,プロモーション,「令和7年度わかやま移住プロモーション事業」業務委託プロポーザルの選定結果について（令和7年3月21日）,https://www.pref.wakayama.lg.jp/whatsnew/nyusatsu.html,https://www.pref.wakayama.lg.jp/whatsnew/nyusatsu.html,pref.wakayama.lg.jp
2026-08-21,和歌山県庁,和歌山,自治体本体（都道府県）,tier_a,1,プロモーション,令和7年度わかやま移住プロモーション事業業務委託プロポーザルに係る公募について（令和7年2月28日）,https://www.pref.wakayama.lg.jp/whatsnew/nyusatsu.html,https://www.pref.wakayama.lg.jp/whatsnew/nyusatsu.html,pref.wakayama.lg.jp
2026-08-21,和歌山県庁,和歌山,自治体本体（都道府県）,tier_a,1,運営,【審査結果を掲載しました】「わかやま移住定住支援センター運営事業」業務委託プロポーザルに係る公募について（令和7年1月28日）,https://www.pref.wakayama.lg.jp/whatsnew/nyusatsu.html,https://www.pref.wakayama.lg.jp/whatsnew/nyusatsu.html,pref.wakayama.lg.jp
2026-08-21,和歌山県庁,和歌山,自治体本体（都道府県）,tier_a,1,文化,【審査結果】和歌山県文化振興事業（令和7年度～令和9年度）の募集について（令和7年1月22日）,https://www.pref.wakayama.lg.jp/whatsnew/nyusatsu.html,https://www.pref.wakayama.lg.jp/whatsnew/nyusatsu.html,pref.wakayama.lg.jp
2026-08-21,和歌山県庁,和歌山,自治体本体（都道府県）,tier_a,1,運営,令和6年度デジタル技術講習（産業用ロボット）企画運営業務委託に係る企画コンペティションの実施（令和6年7月16日）,https://www.pref.wakayama.lg.jp/whatsnew/nyusatsu.html,https://www.pref.wakayama.lg.jp/whatsnew/nyusatsu.html,pref.wakayama.lg.jp
2026-08-21,和歌山県庁,和歌山,自治体本体（都道府県）,tier_a,1,運営,【審査結果掲載しました】令和6年度わかやま洋上風力検討会運営業務に係る公募型プロポーザルの実施について（令和6年7月12日）,https://www.pref.wakayama.lg.jp/whatsnew/nyusatsu.html,https://www.pref.wakayama.lg.jp/whatsnew/nyusatsu.html,pref.wakayama.lg.jp
2026-08-21,和歌山県庁,和歌山,自治体本体（都道府県）,tier_a,1,運営,和歌山県新総合計画策定に係る「2040年の和歌山を語る会（熟議）」運営業務公募型プロポーザルの実施について（令和6年7月5日）,https://www.pref.wakayama.lg.jp/whatsnew/nyusatsu.html,https://www.pref.wakayama.lg.jp/whatsnew/nyusatsu.html,pref.wakayama.lg.jp
2026-08-21,和歌山県庁,和歌山,自治体本体（都道府県）,tier_a,1,運営,令和6年度「eスポーツわかやま推進プロジェクト」運営業務委託に係る公募型プロポーザル審査会の選定結果について（令和6年5月24日）,https://www.pref.wakayama.lg.jp/whatsnew/nyusatsu.html,https://www.pref.wakayama.lg.jp/whatsnew/nyusatsu.html,pref.wakayama.lg.jp
2026-08-21,和歌山県庁,和歌山,自治体本体（都道府県）,tier_a,1,運営,【審査結果掲載しました】「令和6年度和歌山県デジタル人材育成研修企画・運営業務」公募型プロポーザル（令和6年3月29日）,https://www.pref.wakayama.lg.jp/whatsnew/nyusatsu.html,https://www.pref.wakayama.lg.jp/whatsnew/nyusatsu.html,pref.wakayama.lg.jp
2026-08-21,和歌山県庁,和歌山,自治体本体（都道府県）,tier_a,1,デザイン,令和6年度デザイン経営価値共創支援業務委託に係る公募型プロポーザルに係る選定結果について（令和6年3月29日）,https://www.pref.wakayama.lg.jp/whatsnew/nyusatsu.html,https://www.pref.wakayama.lg.jp/whatsnew/nyusatsu.html,pref.wakayama.lg.jp
2026-08-21,和歌山県庁,和歌山,自治体本体（都道府県）,tier_a,1,運営,令和6年度和歌山県デジタルマーケティング講習企画運営業務に係る企画提案コンペティションの結果について（令和6年3月27日）,https://www.pref.wakayama.lg.jp/whatsnew/nyusatsu.html,https://www.pref.wakayama.lg.jp/whatsnew/nyusatsu.html,pref.wakayama.lg.jp
2026-08-21,和歌山県庁,和歌山,自治体本体（都道府県）,tier_a,1,プロモーション,令和5年度和歌山県移住プロモーション動画等制作業務委託プロポーザルの実施結果について（令和5年10月3日）,https://www.pref.wakayama.lg.jp/whatsnew/nyusatsu.html,https://www.pref.wakayama.lg.jp/whatsnew/nyusatsu.html,pref.wakayama.lg.jp
2026-08-21,和歌山県庁,和歌山,自治体本体（都道府県）,tier_a,1,プロモーション,令和5年度和歌山県移住プロモーション動画等制作業務委託プロポーザルに係る公募について（令和5年9月19日）,https://www.pref.wakayama.lg.jp/whatsnew/nyusatsu.html,https://www.pref.wakayama.lg.jp/whatsnew/nyusatsu.html,pref.wakayama.lg.jp
2026-08-21,和歌山県庁,和歌山,自治体本体（都道府県）,tier_a,1,運営,「和歌山県デジタル人材育成研修企画・運営業務」公募型プロポーザル（令和5年4月24日）,https://www.pref.wakayama.lg.jp/whatsnew/nyusatsu.html,https://www.pref.wakayama.lg.jp/whatsnew/nyusatsu.html,pref.wakayama.lg.jp
2026-08-21,和歌山県庁,和歌山,自治体本体（都道府県）,tier_a,1,運営,令和5年度DXオンライン入門講習企画運営業務委託にかかる公募型プロポーザルの実施について（令和5年3月30日）,https://www.pref.wakayama.lg.jp/whatsnew/nyusatsu.html,https://www.pref.wakayama.lg.jp/whatsnew/nyusatsu.html,pref.wakayama.lg.jp
2026-08-21,和歌山県庁,和歌山,自治体本体（都道府県）,tier_a,1,プロモーション,「令和5年度わかやま移住プロモーション事業」業務委託プロポーザルの実施結果について（令和5年3月22日）,https://www.pref.wakayama.lg.jp/whatsnew/nyusatsu.html,https://www.pref.wakayama.lg.jp/whatsnew/nyusatsu.html,pref.wakayama.lg.jp
2026-08-21,和歌山県庁,和歌山,自治体本体（都道府県）,tier_a,1,運営,「ふるさと祭り東京2023」和歌山県ブース等企画運営業務委託事業者プロポーザルの実施について（令和4年9月7日）,https://www.pref.wakayama.lg.jp/whatsnew/nyusatsu.html,https://www.pref.wakayama.lg.jp/whatsnew/nyusatsu.html,pref.wakayama.lg.jp
2026-08-21,和歌山県庁,和歌山,自治体本体（都道府県）,tier_a,1,プロモーション,「令和4年度わかやま移住プロモーション事業」業務委託プロポーザルの実施結果について（令和4年3月24日）,https://www.pref.wakayama.lg.jp/whatsnew/nyusatsu.html,https://www.pref.wakayama.lg.jp/whatsnew/nyusatsu.html,pref.wakayama.lg.jp
2026-08-21,和歌山県庁,和歌山,自治体本体（都道府県）,tier_a,1,プロモーション,和歌山県移住・地域おこし協力隊プロモーション動画等制作業務プロポーザルの実施結果について（令和4年3月24日）,https://www.pref.wakayama.lg.jp/whatsnew/nyusatsu.html,https://www.pref.wakayama.lg.jp/whatsnew/nyusatsu.html,pref.wakayama.lg.jp
2026-08-21,和歌山県庁,和歌山,自治体本体（都道府県）,tier_a,1,プロモーション,【3月4日 質問に対する回答を掲載】「令和4年度わかやま移住プロモーション事業」業務委託プロポーザルに係る公募について（令和4年3月4日）,https://www.pref.wakayama.lg.jp/whatsnew/nyusatsu.html,https://www.pref.wakayama.lg.jp/whatsnew/nyusatsu.html,pref.wakayama.lg.jp
2026-08-21,和歌山県庁,和歌山,自治体本体（都道府県）,tier_a,1,プロモーション,和歌山県移住・地域おこし協力隊プロモーション動画等制作業務プロポーザルに係る公募について（令和4年2月24日）,https://www.pref.wakayama.lg.jp/whatsnew/nyusatsu.html,https://www.pref.wakayama.lg.jp/whatsnew/nyusatsu.html,pref.wakayama.lg.jp
2026-08-21,和歌山県庁,和歌山,自治体本体（都道府県）,tier_a,1,運営,「わかやま移住定住支援センター運営事業」業務委託プロポーザルに係る公募について（説明会資料の追加）（令和4年2月22日）,https://www.pref.wakayama.lg.jp/whatsnew/nyusatsu.html,https://www.pref.wakayama.lg.jp/whatsnew/nyusatsu.html,pref.wakayama.lg.jp
2026-08-21,和歌山県庁,和歌山,自治体本体（都道府県）,tier_a,1,運営,令和3年度和歌山県企業誘致・転職なき移住フォーラムin東京運営業務委託にかかる（条件付き）一般競争入札の実施について（令和3年10月11日）,https://www.pref.wakayama.lg.jp/whatsnew/nyusatsu.html,https://www.pref.wakayama.lg.jp/whatsnew/nyusatsu.html,pref.wakayama.lg.jp
2026-08-21,和歌山県庁,和歌山,自治体本体（都道府県）,tier_a,1,運営,「ダイエット＆ビューティーフェア2021」和歌山県ブース等企画運営業務委託事業者プロポーザルの実施について（令和3年6月9日）,https://www.pref.wakayama.lg.jp/whatsnew/nyusatsu.html,https://www.pref.wakayama.lg.jp/whatsnew/nyusatsu.html,pref.wakayama.lg.jp
2026-08-21,和歌山県庁,和歌山,自治体本体（都道府県）,tier_a,1,運営,令和3年度販促ツール活用促進セミナー企画運営業務委託に係る公募型プロポーザルの結果について（令和3年4月7日）,https://www.pref.wakayama.lg.jp/whatsnew/nyusatsu.html,https://www.pref.wakayama.lg.jp/whatsnew/nyusatsu.html,pref.wakayama.lg.jp
2026-08-21,和歌山県庁,和歌山,自治体本体（都道府県）,tier_a,1,運営,令和3年度システム導入促進講座企画運営業務委託に係る公募型プロポーザルの結果について（令和3年4月7日）,https://www.pref.wakayama.lg.jp/whatsnew/nyusatsu.html,https://www.pref.wakayama.lg.jp/whatsnew/nyusatsu.html,pref.wakayama.lg.jp
2026-08-21,和歌山県庁,和歌山,自治体本体（都道府県）,tier_a,1,運営,『高野山・熊野を愛する100人の会』運営等委託業務に係るプロポーザルの実施について（令和3年2月26日）,https://www.pref.wakayama.lg.jp/whatsnew/nyusatsu.html,https://www.pref.wakayama.lg.jp/whatsnew/nyusatsu.html,pref.wakayama.lg.jp
2026-08-21,和歌山県庁,和歌山,自治体本体（都道府県）,tier_a,1,観光,「消費拡大に向けた着地型周遊観光促進データマーケティング支援業務委託」に係るプロポーザルの実施について（令和2年9月3日）,https://www.pref.wakayama.lg.jp/whatsnew/nyusatsu.html,https://www.pref.wakayama.lg.jp/whatsnew/nyusatsu.html,pref.wakayama.lg.jp
2026-08-21,和歌山県庁,和歌山,自治体本体（都道府県）,tier_a,1,運営,県民リフレッシュプラン販売促進事務局運営等業務にかかるプロポーザルの実施について（令和2年6月3日）,https://www.pref.wakayama.lg.jp/whatsnew/nyusatsu.html,https://www.pref.wakayama.lg.jp/whatsnew/nyusatsu.html,pref.wakayama.lg.jp
2026-08-21,和歌山県庁,和歌山,自治体本体（都道府県）,tier_a,1,運営,「ふるさと祭り東京2020」和歌山県ブース等企画運営業務委託事業者プロポーザルの実施について（令和1年7月23日）,https://www.pref.wakayama.lg.jp/whatsnew/nyusatsu.html,https://www.pref.wakayama.lg.jp/whatsnew/nyusatsu.html,pref.wakayama.lg.jp
2026-08-21,和歌山県庁,和歌山,自治体本体（都道府県）,tier_a,1,運営,「ふるさと祭り東京2019」和歌山県ブース等企画運営業務委託事業者コンペティションの審査結果について（平成30年9月5日）,https://www.pref.wakayama.lg.jp/whatsnew/nyusatsu.html,https://www.pref.wakayama.lg.jp/whatsnew/nyusatsu.html,pref.wakayama.lg.jp
2026-08-21,和歌山県庁,和歌山,自治体本体（都道府県）,tier_a,1,プロモーション,平成30年度「紀伊半島移住プロモーション事業」業務委託に係る企画提案募集について（平成30年7月17日）,https://www.pref.wakayama.lg.jp/whatsnew/nyusatsu.html,https://www.pref.wakayama.lg.jp/whatsnew/nyusatsu.html,pref.wakayama.lg.jp
2026-08-21,宮城県庁,宮城,自治体本体（都道府県）,tier_a,1,運営,「令和8年度出張型ワークショップ運営業務」の企画提案募集について,https://www.pref.miyagi.jp/soshiki/oksgsin-e/2026workshop.html,https://www.pref.miyagi.jp/life/8/40/,pref.miyagi.jp
2026-08-21,宮城県庁,宮城,自治体本体（都道府県）,tier_a,1,運営,半導体「業界研究」オープンセミナー企画運営業務の企画提案を募集します,https://www.pref.miyagi.jp/soshiki/semicon/openseminar.html,https://www.pref.miyagi.jp/life/8/40/,pref.miyagi.jp
2026-08-21,宮城県庁,宮城,自治体本体（都道府県）,tier_a,1,海外,令和8年度宮城県産食品の海外新市場開拓業務の企画提案を募集します,https://www.pref.miyagi.jp/soshiki/kokusaibiz/mexico.html,https://www.pref.miyagi.jp/life/8/40/,pref.miyagi.jp
2026-08-21,宮城県庁,宮城,自治体本体（都道府県）,tier_a,1,運営,【選定結果公表】「令和7年度仙南圏域移住及び二地域居住体験ツアー運営業務」の企画提案募集について,https://www.pref.miyagi.jp/soshiki/oksgsin-e/r7-sennankenikiijuuoyobinichiikikyojuutaikentour.html,https://www.pref.miyagi.jp/life/8/40/,pref.miyagi.jp
2026-08-21,宮城県庁,宮城,自治体本体（都道府県）,tier_a,1,輸出,令和7年度宮城県産青果物の輸出拡大促進業務の企画提案を募集します（選定結果を公表しました）,https://www.pref.miyagi.jp/soshiki/kokusaibiz/r7seikabutu.html,https://www.pref.miyagi.jp/life/8/40/,pref.miyagi.jp
2026-08-21,宮城県庁,宮城,自治体本体（都道府県）,tier_a,1,運営,人口減少・少子化等地域対策強化事業「令和6年度仙南地域における新たな関係人口創出プログラムの企画・運営業務」の企画提案を募集します,https://www.pref.miyagi.jp/soshiki/oksgsin-e/r6-kankeijinnkousousyutupuroguramu.html,https://www.pref.miyagi.jp/life/8/40/,pref.miyagi.jp
2026-08-21,宮城県庁,宮城,自治体本体（都道府県）,tier_a,1,運営,人口減少・少子化等地域対策強化事業「仙南地域における新たな関係人口創出プログラムの企画・運営業務」の企画提案を募集します,https://www.pref.miyagi.jp/soshiki/oksgsin-e/r5-kankeijinkousousyutupuroguramu.html,https://www.pref.miyagi.jp/life/8/40/,pref.miyagi.jp
2026-08-21,山形県庁,山形,自治体本体（都道府県）,tier_a,1,運営,令和８年度やまがた農業ビジネス塾運営業務委託に係る企画提案の募集,https://www.pref.yamagata.jp/144014/daigaku/yamagataagriculturalbusinessschool.html,https://www.pref.yamagata.jp/kensei/nyuusatsujouhou/nyuusatsujouhou/proposal/index.html,pref.yamagata.jp
2026-08-21,山形県庁,山形,自治体本体（都道府県）,tier_a,1,県産品,【産業労働部県産品・貿易振興課】ポータルサイトを活用した山形県産品情報発信業務委託に係る企画提案の募集について（参加表明書期限：令和8年4月24日、企画提案書期限：令和8年5月7日,https://www.pref.yamagata.jp/110010/sangyo/sangyoushinkou/proposal/2026_portalsite.html,https://www.pref.yamagata.jp/kensei/nyuusatsujouhou/nyuusatsujouhou/proposal/index.html,pref.yamagata.jp
2026-08-21,山形県庁,山形,自治体本体（都道府県）,tier_a,1,催事,【環境エネルギー部環境企画課】令和8年度省エネ住宅普及啓発セミナー開催事業業務委託に係る企画提案の募集（参加申込期限3月23日、企画提出期限3月30日）,https://www.pref.yamagata.jp/050015/2026shoene_seminar.html,https://www.pref.yamagata.jp/kensei/nyuusatsujouhou/nyuusatsujouhou/proposal/index.html,pref.yamagata.jp
2026-08-21,山形県庁,山形,自治体本体（都道府県）,tier_a,1,デザイン,【しあわせ子育て応援部しあわせ子育て政策課】若手社会人ライフデザイン形成支援・男性家事育児参画促進事業業務委託に係る企画提案の募集（参加申込期限5月30日、企画提案提出期限6月13日））,https://www.pref.yamagata.jp/010003/kenfuku/kosodate/lifedesign_kajiikujishare2025.html,https://www.pref.yamagata.jp/kensei/nyuusatsujouhou/nyuusatsujouhou/proposal/index.html,pref.yamagata.jp
2026-08-21,山形県庁,山形,自治体本体（都道府県）,tier_a,1,運営,【県土整備部都市計画課】第77回都市計画全国大会企画運営等業務委託に係る公募型プロポーザルについて（参加申込期限：５月１日、企画提案提出期限：５月15日）,https://www.pref.yamagata.jp/180019/toshikei/250501_puropo.html,https://www.pref.yamagata.jp/kensei/nyuusatsujouhou/nyuusatsujouhou/proposal/index.html,pref.yamagata.jp
2026-08-21,徳島県庁,徳島,自治体本体（都道府県）,tier_a,1,文化,条件付き一般競争入札「徳島県文化の森総所蔵資料デジタル化業務」の入札結果について,https://www.pref.tokushima.lg.jp/ippannokata/nyusatsu/itaku/7315611/,https://pref.tokushima.lg.jp/ippannokata/nyusatsu/,pref.tokushima.lg.jp
2026-08-21,滋賀県庁,滋賀,自治体本体（都道府県）,tier_a,1,運営,公募型プロポーザルの公告（G3オールレディース競走イベント企画運営業務）,https://www.pref.shiga.lg.jp/zigyousya/nyusatsubaikyaku/itaku/352044.html,https://www.pref.shiga.lg.jp/zigyousya/nyusatsubaikyaku/,pref.shiga.lg.jp
2026-08-21,滋賀県庁,滋賀,自治体本体（都道府県）,tier_a,1,運営,公募型プロポーザルの公告（開設74周年G1びわこ大賞イベント等企画運営業務）,https://www.pref.shiga.lg.jp/zigyousya/nyusatsubaikyaku/itaku/351956.html,https://www.pref.shiga.lg.jp/zigyousya/nyusatsubaikyaku/,pref.shiga.lg.jp
2026-08-21,福岡県庁,福岡,自治体本体（都道府県）,tier_a,1,運営,【企画提案公募】新福岡県立美術館のレストラン・カフェ・ミュージアムショップの運営事業者を募集します,https://www.pref.fukuoka.lg.jp/bid-info/shinkenbi-rcm.html,https://www.pref.fukuoka.lg.jp/bid/,pref.fukuoka.lg.jp
2026-08-21,福岡県庁,福岡,自治体本体（都道府県）,tier_a,1,観光,「日韓相互誘客ＦＡＭツアー事業」業務委託にかかる企画提案公募について【日韓海峡沿岸広域観光協議会】,https://www.pref.fukuoka.lg.jp/bid-info/japan-korea-strait8.html,https://www.pref.fukuoka.lg.jp/bid/,pref.fukuoka.lg.jp
2026-08-21,高知県庁,高知,自治体本体（都道府県）,tier_a,1,文化,よさこい高知文化祭２０２６文化芸術体感型シンポジウム実施事業委託業務に関する質疑と回答について,https://www.pref.kochi.lg.jp/doc/2025080800041/,https://www.pref.kochi.lg.jp/category/bunya/shigoto_sangyo/nyusatsujoho/,pref.kochi.lg.jp
2026-08-21,鳥取県庁,鳥取,自治体本体（都道府県）,tier_a,1,運営,【調達公告】鳥取県立厚生病院における売店等運営事業者の公募,https://www.pref.tottori.lg.jp/item/1414142.htm#itemid1414142,https://www.pref.tottori.lg.jp/,pref.tottori.lg.jp
2026-08-21,鳥取県庁,鳥取,自治体本体（都道府県）,tier_a,1,デザイン,PCデザイン科（イラストレーター＆フォトショップ）（東部）（在職者対象）【受講生募集】産業人材育成センター倉吉校,https://www.pref.tottori.lg.jp/273831.htm,https://www.pref.tottori.lg.jp/,pref.tottori.lg.jp
2026-08-21,（公財）堺市産業振興センター,,都道府県等中小企業支援センター,tier_a,1,出展,2026.8.12 募集 第12回ものづくりワールド名古屋 機械要素技術展 共同出展企業の募集について NEW,https://www.sakai-ipc.jp/apply/%e7%ac%ac12%e5%9b%9e%e3%82%82%e3%81%ae%e3%81%a5%e3%81%8f%e3%82%8a%e3%83%af%e3%83%bc%e3%83%ab%e3%83%89%e5%90%8d%e5%8f%a4%e5%b1%8b%e3%80%80%e6%a9%9f%e6%a2%b0%e8%a6%81%e7%b4%a0%e6%8a%80%e8%a1%93%e5%b1%95/,https://www.sakai-ipc.jp/#navLinkPopup02,sakai-ipc.jp
2026-08-21,（公財）三重県産業支援センター,三重,都道府県等中小企業支援センター,tier_a,1,海外,令和８年度海外ビジネス展開支援補助金を交付決定しました。,http://www.miesc.or.jp/support/contents/1584/,http://www.miesc.or.jp/#jmp_compe,miesc.or.jp
2026-08-21,（公財）三重県産業支援センター,三重,都道府県等中小企業支援センター,tier_a,1,輸出,【参加者募集】食品輸出の「心構え」・商談スキルアップセミナーを開催します！,http://www.miesc.or.jp/support/contents/1579/,http://www.miesc.or.jp/#jmp_compe,miesc.or.jp
2026-08-21,（公財）さいたま市産業創造財団,埼玉,都道府県等中小企業支援センター,tier_a,1,デザイン,【募集】ブランディングデザインプログラム2026 参加企業募集,https://www.sozo-saitama.or.jp/topic/branding-design/,http://www.sozo-saitama.or.jp/#yushi,sozo-saitama.or.jp
2026-08-21,（公財）さいたま市産業創造財団,埼玉,都道府県等中小企業支援センター,tier_a,1,海外,【募集終了】「グローバル顧客価値向上補助金」のご案内 ～海外現地調査支援～,https://www.sozo-saitama.or.jp/topic/globalfs/,http://www.sozo-saitama.or.jp/#yushi,sozo-saitama.or.jp
2026-08-21,（公財）いわて産業振興センター,岩手,都道府県等中小企業支援センター,tier_a,1,文化,【公募】令和8年度岩手県文化芸術コーディネーター業務に係る受託希望者の公募について（県北広域振興圏（二戸地域））,https://www.pref.iwate.jp/kensei/nyuusatsu/1010807/1095083.html,https://www.pref.iwate.jp/kensei/nyuusatsu/1010807/1066780.html,joho-iwate.or.jp
2026-08-21,（公財）いわて産業振興センター,岩手,都道府県等中小企業支援センター,tier_a,1,文化,【公募】令和8年度岩手県文化芸術コーディネーター業務に係る受託希望者の公募について（県北広域振興圏（久慈地域））,https://www.pref.iwate.jp/kensei/nyuusatsu/1010807/1095082.html,https://www.pref.iwate.jp/kensei/nyuusatsu/1010807/1066780.html,joho-iwate.or.jp
2026-08-21,（公財）いわて産業振興センター,岩手,都道府県等中小企業支援センター,tier_a,1,文化,【公募】令和8年度岩手県文化芸術コーディネーター業務に係る受託希望者の公募について（沿岸広域振興圏）,https://www.pref.iwate.jp/kensei/nyuusatsu/1010807/1095080.html,https://www.pref.iwate.jp/kensei/nyuusatsu/1010807/1066780.html,joho-iwate.or.jp
2026-08-21,（公財）いわて産業振興センター,岩手,都道府県等中小企業支援センター,tier_a,1,文化,【公募】令和8年度岩手県文化芸術コーディネーター業務に係る受託希望者の公募について（県南広域振興圏）,https://www.pref.iwate.jp/kensei/nyuusatsu/1010807/1095079.html,https://www.pref.iwate.jp/kensei/nyuusatsu/1010807/1066780.html,joho-iwate.or.jp
2026-08-21,（公財）いわて産業振興センター,岩手,都道府県等中小企業支援センター,tier_a,1,文化,【公募】令和8年度岩手県文化芸術コーディネーター業務に係る受託希望者の公募について（県央広域振興圏）,https://www.pref.iwate.jp/kensei/nyuusatsu/1010807/1095077.html,https://www.pref.iwate.jp/kensei/nyuusatsu/1010807/1066780.html,joho-iwate.or.jp
2026-08-21,（公財）いわて産業振興センター,岩手,都道府県等中小企業支援センター,tier_a,1,運営,NPO活動交流センター管理運営業務に係る公募型プロポーザルの実施について,https://www.pref.iwate.jp/kensei/nyuusatsu/1010807/1080482.html,https://www.pref.iwate.jp/kensei/nyuusatsu/1010807/1066780.html,joho-iwate.or.jp
2026-08-21,（公財）いわて産業振興センター,岩手,都道府県等中小企業支援センター,tier_a,1,運営,【公募】令和7年度いわて被災者支援センター運営業務委託に係る契約希望者の公募について,https://www.pref.iwate.jp/kensei/nyuusatsu/1010807/1071297.html,https://www.pref.iwate.jp/kensei/nyuusatsu/1010807/1066780.html,joho-iwate.or.jp
2026-08-21,（公財）いわて産業振興センター,岩手,都道府県等中小企業支援センター,tier_a,1,文化,【沿岸広域振興局で行うイベントのみ再募集】令和3年度若者文化振興事業費補助金対象事業の募集について,https://www.pref.iwate.jp/kensei/nyuusatsu/1010807/1044176.html,https://www.pref.iwate.jp/kensei/nyuusatsu/1010807/1066780.html,joho-iwate.or.jp
2026-08-21,（公財）にいがた産業創造機構,新潟,都道府県等中小企業支援センター,tier_a,1,デザイン,更新 2026年07月13日 令和8年度：ニイガタIDSデザインコンペティション2027 印刷物の制作に関する委託先公募＜質問に対する回答＞,https://www.nico.or.jp/nyusatsu/88087/,https://www.nico.or.jp/newslist_1/?c=nyusatsu,nico.or.jp
2026-08-21,（公財）にいがた産業創造機構,新潟,都道府県等中小企業支援センター,tier_a,1,デザイン,受付終了 2026年07月01日 令和8年度：ニイガタIDSデザインコンペティション2027 印刷物の制作に関する委託先公募の実施について 受付終了しました。,https://www.nico.or.jp/nyusatsu/87814/,https://www.nico.or.jp/newslist_1/?c=nyusatsu,nico.or.jp
2026-08-21,（公財）にいがた産業創造機構,新潟,都道府県等中小企業支援センター,tier_a,1,運営,更新 2026年05月01日 【審査結果】令和８年度：新潟県DXコンシェルジュ運営業務委託（プロポーザル）,https://www.nico.or.jp/nyusatsu/86436/,https://www.nico.or.jp/newslist_1/?c=nyusatsu,nico.or.jp
2026-08-21,（公財）にいがた産業創造機構,新潟,都道府県等中小企業支援センター,tier_a,1,運営,更新 2026年04月03日 ＜質問に対する回答＞令和８年度：新潟県DXコンシェルジュ運営業務委託（プロポーザル）,https://www.nico.or.jp/nyusatsu/85159/,https://www.nico.or.jp/newslist_1/?c=nyusatsu,nico.or.jp
2026-08-21,（公財）にいがた産業創造機構,新潟,都道府県等中小企業支援センター,tier_a,1,運営,受付終了 2026年03月19日 令和８年度：新潟県DXコンシェルジュ運営業務委託（プロポーザル） 受付終了しました。,https://www.nico.or.jp/nyusatsu/85078/,https://www.nico.or.jp/newslist_1/?c=nyusatsu,nico.or.jp
2026-08-21,（公財）にいがた産業創造機構,新潟,都道府県等中小企業支援センター,tier_a,1,デザイン,更新 2025年07月09日 令和７年度：ニイガタIDSデザインコンペティション2026 印刷物の制作に関する委託先公募＜質問に対する回答＞,https://www.nico.or.jp/nyusatsu/81686/,https://www.nico.or.jp/newslist_1/?c=nyusatsu,nico.or.jp
2026-08-21,（公財）にいがた産業創造機構,新潟,都道府県等中小企業支援センター,tier_a,1,デザイン,受付終了 2025年06月27日 令和7年度：ニイガタIDSデザインコンペティション2026 印刷物の制作に関する委託先公募の実施について 受付終了しました。,https://www.nico.or.jp/nyusatsu/81222/,https://www.nico.or.jp/newslist_1/?c=nyusatsu,nico.or.jp
2026-08-21,（公財）にいがた産業創造機構,新潟,都道府県等中小企業支援センター,tier_a,1,運営,更新 2025年05月08日 【審査結果】令和７年度：新潟県DXコンシェルジュ運営業務委託（プロポーザル）,https://www.nico.or.jp/nyusatsu/80586/,https://www.nico.or.jp/newslist_1/?c=nyusatsu,nico.or.jp
2026-08-21,（公財）にいがた産業創造機構,新潟,都道府県等中小企業支援センター,tier_a,1,運営,更新 2025年03月31日 ＜質問に対する回答＞令和７年度：新潟県DXコンシェルジュ運営業務委託（プロポーザル）,https://www.nico.or.jp/nyusatsu/79139/,https://www.nico.or.jp/newslist_1/?c=nyusatsu,nico.or.jp
2026-08-21,（公財）にいがた産業創造機構,新潟,都道府県等中小企業支援センター,tier_a,1,運営,受付終了 2025年03月17日 令和７年度：新潟県DXコンシェルジュ運営業務委託（プロポーザル） 受付終了しました。,https://www.nico.or.jp/nyusatsu/78631/,https://www.nico.or.jp/newslist_1/?c=nyusatsu,nico.or.jp
2026-08-21,（公財）にいがた産業創造機構,新潟,都道府県等中小企業支援センター,tier_a,1,デザイン,受付終了 2024年07月02日 令和6年度：ニイガタIDSデザインコンペティション2025 印刷物制作委託業務に関する委託先選定コンペティションの実施について 受付終了しました。,https://www.nico.or.jp/nyusatsu/74744/,https://www.nico.or.jp/newslist_1/?c=nyusatsu,nico.or.jp
2026-08-21,（公財）にいがた産業創造機構,新潟,都道府県等中小企業支援センター,tier_a,1,運営,受付終了 2024年04月19日 令和６年度：新潟県DXコンシェルジュ運営業務委託（プロポーザル） 受付終了しました。,https://www.nico.or.jp/nyusatsu/70832/,https://www.nico.or.jp/newslist_1/?c=nyusatsu,nico.or.jp
2026-08-21,（公財）にいがた産業創造機構,新潟,都道府県等中小企業支援センター,tier_a,1,デザイン,受付終了 2023年07月10日 令和5年度：ニイガタIDSデザインコンペティション2024印刷物制作委託業務に関する委託先選定コンペティションの実施について 受付終了しました。,https://www.nico.or.jp/nyusatsu/66833/,https://www.nico.or.jp/newslist_1/?c=nyusatsu,nico.or.jp
2026-08-21,（公財）にいがた産業創造機構,新潟,都道府県等中小企業支援センター,tier_a,1,運営,受付終了 2023年06月29日 新たな新潟県首都圏情報発信拠点の「飲食店舗運営事業者」を募集します 質問に対する回答を掲載しました。（６月29日）,https://www.nico.or.jp/nyusatsu/65613/,https://www.nico.or.jp/newslist_1/?c=nyusatsu,nico.or.jp
2026-08-21,（公財）にいがた産業創造機構,新潟,都道府県等中小企業支援センター,tier_a,1,デザイン,受付終了 2022年06月20日 令和４年度：ニイガタIDSデザインコンペティション2023印刷物制作委託業務に関する委託先選定コンペティションの実施について 受付終了しました。,https://www.nico.or.jp/nyusatsu/58576/,https://www.nico.or.jp/newslist_1/?c=nyusatsu,nico.or.jp
2026-08-21,（公財）東京都中小企業振興公社,東京,都道府県等中小企業支援センター,tier_a,1,運営,「令和8年度東京都中小企業知的財産シンポジウム」に係る運営等業務委託（令和8年7月30日 令和8年7月30日9:00～ 令和8年8月7日14:00）,http://www.tokyo-kosha.or.jp/kosha/keiyaku/,http://www.tokyo-kosha.or.jp/kosha/keiyaku/,tokyo-kosha.or.jp
2026-08-21,（公財）東京都中小企業振興公社,東京,都道府県等中小企業支援センター,tier_a,1,運営,令和8年度「Tokyo SME サポートデスク インド ベンガルール」設置・運営業務委託（令和8年7月24日 令和8年7月24日9:00～ 令和8年8月3日14:00）,http://www.tokyo-kosha.or.jp/kosha/keiyaku/,http://www.tokyo-kosha.or.jp/kosha/keiyaku/,tokyo-kosha.or.jp
2026-08-21,（公財）東京都中小企業振興公社,東京,都道府県等中小企業支援センター,tier_a,1,運営,令和8年度「Tokyo SME サポートデスク インド デリー・グルガオン」設置・運営業務委託（令和8年7月24日 令和8年7月24日9:00～ 令和8年8月3日14:00）,http://www.tokyo-kosha.or.jp/kosha/keiyaku/,http://www.tokyo-kosha.or.jp/kosha/keiyaku/,tokyo-kosha.or.jp
2026-08-21,（公財）東京都中小企業振興公社,東京,都道府県等中小企業支援センター,tier_a,1,海外,令和8年度 職員の海外出張に伴う出張手配業務委託(後期)(複数単価契約)（令和8年7月8日 令和8年7月8日9:00～ 令和8年7月14日14:00）,http://www.tokyo-kosha.or.jp/kosha/keiyaku/,http://www.tokyo-kosha.or.jp/kosha/keiyaku/,tokyo-kosha.or.jp
2026-08-21,（公財）東京都中小企業振興公社,東京,都道府県等中小企業支援センター,tier_a,1,運営,「令和8年度中小小売商業活性化フォーラム」の開催に係る運営業務委託（令和8年7月9日 令和8年7月9日9:00～ 令和8年7月17日14:00）,http://www.tokyo-kosha.or.jp/kosha/keiyaku/,http://www.tokyo-kosha.or.jp/kosha/keiyaku/,tokyo-kosha.or.jp
2026-08-21,（公財）東京都中小企業振興公社,東京,都道府県等中小企業支援センター,tier_a,1,海外,令和8年度「海外企業とのイノベーション創出支援事業」に係るマレーシア向け出張手配業務委託(複数単価契約)（令和8年7月7日 令和8年7月7日9:00～ 令和8年7月13日14:00）,http://www.tokyo-kosha.or.jp/kosha/keiyaku/,http://www.tokyo-kosha.or.jp/kosha/keiyaku/,tokyo-kosha.or.jp
2026-08-21,（公財）東京都中小企業振興公社,東京,都道府県等中小企業支援センター,tier_a,1,運営,令和8年度「タイ現地幹部人材育成支援講座」に係る講座企画運営等業務委託（令和8年6月23日 令和8年6月23日9:00～ 令和8年7月1日14:00）,http://www.tokyo-kosha.or.jp/kosha/keiyaku/,http://www.tokyo-kosha.or.jp/kosha/keiyaku/,tokyo-kosha.or.jp
2026-08-21,（公財）東京都中小企業振興公社,東京,都道府県等中小企業支援センター,tier_a,1,運営,令和8年度「ベトナム現地幹部人材育成支援講座」に係る講座運営業務委託（令和8年6月23日 令和8年6月23日9:00～ 令和8年7月1日14:00）,http://www.tokyo-kosha.or.jp/kosha/keiyaku/,http://www.tokyo-kosha.or.jp/kosha/keiyaku/,tokyo-kosha.or.jp
2026-08-21,（公財）東京都中小企業振興公社,東京,都道府県等中小企業支援センター,tier_a,1,海外,令和8年度「海外企業とのイノベーション創出支援事業」に係るインドネシア・ベトナム向け出張手配業務委託(複数単価契約)（令和8年6月18日 令和8年6月18日9:00～ 令和8年6月24日14:00）,http://www.tokyo-kosha.or.jp/kosha/keiyaku/,http://www.tokyo-kosha.or.jp/kosha/keiyaku/,tokyo-kosha.or.jp
2026-08-21,（公財）東京都中小企業振興公社,東京,都道府県等中小企業支援センター,tier_a,1,出展,令和8年度REHACARE出展に伴う出張手配業務委託(複数単価契約)（令和8年6月1日 令和8年6月1日9:00～ 令和8年6月5日14:00）,http://www.tokyo-kosha.or.jp/kosha/keiyaku/,http://www.tokyo-kosha.or.jp/kosha/keiyaku/,tokyo-kosha.or.jp
2026-08-21,（公財）東京都中小企業振興公社,東京,都道府県等中小企業支援センター,tier_a,1,プロモーション,「5Gによる製造工場のDX・GX推進事業」動画プロモーションとWeb広告の実施及びバナー広告の制作委託（令和8年5月15日 令和8年5月15日9:00～ 令和8年5月21日14:00）,http://www.tokyo-kosha.or.jp/kosha/keiyaku/,http://www.tokyo-kosha.or.jp/kosha/keiyaku/,tokyo-kosha.or.jp
2026-08-21,（公財）東京都中小企業振興公社,東京,都道府県等中小企業支援センター,tier_a,1,運営,令和8年度TOKYO職人展に係る運営管理業務の委託について（令和8年5月19日 令和8年5月19日9:00～ 令和8年5月25日14:00）,http://www.tokyo-kosha.or.jp/kosha/keiyaku/,http://www.tokyo-kosha.or.jp/kosha/keiyaku/,tokyo-kosha.or.jp
2026-08-21,（公財）東京都中小企業振興公社,東京,都道府県等中小企業支援センター,tier_a,1,海外,令和8年度「海外企業とのイノベーション創出支援事業」に係るタイ向け出張手配業務委託(複数単価契約)（令和8年4月27日 令和8年4月27日9:00～ 令和8年5月7日14:00）,http://www.tokyo-kosha.or.jp/kosha/keiyaku/,http://www.tokyo-kosha.or.jp/kosha/keiyaku/,tokyo-kosha.or.jp
2026-08-21,（公財）石川県産業創出支援機構,石川,都道府県等中小企業支援センター,tier_a,1,国際,大学発新産業創出基金事業「ディープテック・スタートアップ国際展開プログラム（D-Global）」第6回公募（JST 締切：R8.9.30）,https://www.isico.or.jp/support/dgnet/d41196746.html,https://www.isico.or.jp/support/,isico.or.jp
2026-08-21,（公財）石川県産業創出支援機構,石川,都道府県等中小企業支援センター,tier_a,1,国際,大学発新産業創出基金事業「ディープテック・スタートアップ国際展開プログラム（D-Global）」第6回公募（JST 締切：R8.9.30）（2026年7月31日～2026年9月30日）,https://www.isico.or.jp/support/,https://www.isico.or.jp/support/,isico.or.jp
2026-08-21,（公財）静岡産業振興協会,静岡,都道府県等中小企業支援センター,tier_a,1,文化,CCC公募展2026入選者展覧会『山／海に起つ者達／髙山美月展』－CCC静岡市文化・クリエイティブ産業振興センター,https://www.c-c-c.or.jp/schedule/takayama,http://www.b-nest.jp/nyusatsu/,b-nest.jp
2026-08-21,（公財）かがわ産業支援財団,香川,都道府県等中小企業支援センター,tier_a,1,ブランド,地域資源活用商品開発・ブランド化支援事業 ※令和8年度の募集は終了しました。,https://www.kagawa-isf.jp/support/fund/newfund/4126-2/,https://www.kagawa-isf.jp/news/19412/,kagawa-isf.jp
